wormbase_gene_id,gene_symbol,gene_function,protein_domains,transcript_id,transcript_name,biotype,chromosome,strand,transcript_length,utr5_length,cds_length,utr3_length,motif_type,region,cdna_start,cdna_end,local_start,local_end,motif_length,sequence,tract_lengths,loop_lengths,region_length,density_per_kb
WBGene00000004,aat-3,"aat-3 encodes an amino acid transporter catalytic subunit; when co-expressed in Xenopus oocytes with the ATG-2 glycoprotein subunit, AAT-3 is able to facilitate amino acid uptake and exchange, showing a relatively high affinity for small and some large neutral amino acids; in addition, AAT-3 is able to covalently associate with ATG-2 or ATG-1 to form heterodimers in the Xenopus expression system; when co-expressed with ATG-2, AAT-3 localizes to the cell surface of oocytes, but when expressed alone, or with ATG-1, AAT-3 localizes intracellularly.",Amino acid/polyamine transporter I,F52H2.2a.1,aat-3-202,protein_coding,X,+,1750,7,1479,261,PIS,3'UTR,1614,1632,128,146,19,CCCCCCCCCCCCTCCCCCC,12;6,1,264,3.787879
WBGene00000004,aat-3,"aat-3 encodes an amino acid transporter catalytic subunit; when co-expressed in Xenopus oocytes with the ATG-2 glycoprotein subunit, AAT-3 is able to facilitate amino acid uptake and exchange, showing a relatively high affinity for small and some large neutral amino acids; in addition, AAT-3 is able to covalently associate with ATG-2 or ATG-1 to form heterodimers in the Xenopus expression system; when co-expressed with ATG-2, AAT-3 localizes to the cell surface of oocytes, but when expressed alone, or with ATG-1, AAT-3 localizes intracellularly.",Amino acid/polyamine transporter I,F52H2.2b.1,aat-3-201,protein_coding,X,+,2020,176,1587,254,PIS,3'UTR,1891,1909,128,146,19,CCCCCCCCCCCCTCCCCCC,12;6,1,257,3.891051
WBGene00000100,ajm-1,"ajm-1 encodes a member of the apical junction molecule class that is required for correct elongation of the C. elegans embryo; AJM-1 contains a coiled-coil motif; AJM-1 binds DLG-1 in vitro, in yeast two-hybrid assays, and in vivo; AJM-1 is mislocalized in a dlg-1(RNAi) background; LET-413 is required for rapid confinement of DLG-1 and AJM-1 to a narrow apical region in C. elegans epithelia; CLC-1 colocalizes with AJM-1; vab-9 mutations enhance the adhesion defects of ajm-1 mutants; ajm-1 is expressed at the apical borders of all epithelia.",,C25A11.4c.1,ajm-1-201,protein_coding,X,+,5141,37,4719,382,PIS,3'UTR,4794,4820,38,64,27,CCCAAAATCCCAAAATCCCGCATTCCC,3;3;3;1;3,5;5;1;3,385,2.597403
WBGene00000106,alg-2,"alg-2 encodes a PAZ and PIWI-domain containing protein that is a member of the highly conserved eukaryotic RDE-1/AGO1/PIWI family of proteins that regulate posttranscriptional gene silencing (PTGS); ALG-2 functions with ALG-1 to control specific developmental timing events by positively regulating expression of small temporal RNAs (stRNAs) encoded by lin-4 and let-7; ALG-2 and ALG-1 are also required for RNAi in the germ line, although they are not required for RNAi in the soma; ALG-2 is expressed in nearly all cells from embryogenesis through adulthood and localizes to the cytoplasm.","Argonaute linker 2 domain; Argonaute, linker 1 domain; PAZ domain; Piwi domain; Protein argonaute, Mid domain; Protein argonaute, N-terminal; Ribonuclease H-like domain",T07D3.7a.1,alg-2-201,protein_coding,II,+,4142,0,2730,1409,PIS,CDS,1005,1028,1005,1028,24,CCCGGCCCAGACCCAGACCTTCCC,3;3;3;2;3,2;3;3;2,2730,0.3663
WBGene00000106,alg-2,"alg-2 encodes a PAZ and PIWI-domain containing protein that is a member of the highly conserved eukaryotic RDE-1/AGO1/PIWI family of proteins that regulate posttranscriptional gene silencing (PTGS); ALG-2 functions with ALG-1 to control specific developmental timing events by positively regulating expression of small temporal RNAs (stRNAs) encoded by lin-4 and let-7; ALG-2 and ALG-1 are also required for RNAi in the germ line, although they are not required for RNAi in the soma; ALG-2 is expressed in nearly all cells from embryogenesis through adulthood and localizes to the cytoplasm.","Argonaute linker 2 domain; Argonaute, linker 1 domain; PAZ domain; Piwi domain; Protein argonaute, Mid domain; Protein argonaute, N-terminal; Ribonuclease H-like domain",T07D3.7b.1,alg-2-202,protein_coding,II,+,3160,2,2673,482,PIS,CDS,950,973,948,971,24,CCCGGCCCAGACCCAGACCTTCCC,3;3;3;2;3,2;3;3;2,2673,0.374111
WBGene00000176,aqp-8,"aqp-8 encodes, by alternative splicing, two isoforms of a putative aquaglyceroporin with no known substrate, since AQP-8 expressed in Xenopus oocytes has no effect on water, glycerol, or urea permeability; loss of AQP-8 activity via mutation or RNAi results in no obvious defects; however, AQP-8, in conjunction with AQP-2, AQP-3, and AQP-4, is weakly required for recovery from hypotonic stress; AQP-8 is expressed in the excretory cell.",Aquaporin-like; Major intrinsic protein,K02G10.7a.1,aqp-8-201,protein_coding,X,-,1302,2,990,307,PIS,3'UTR,1012,1027,20,35,16,CCCTCCCCCCCCCCCC,3;12,1,310,3.225806
WBGene00000176,aqp-8,"aqp-8 encodes, by alternative splicing, two isoforms of a putative aquaglyceroporin with no known substrate, since AQP-8 expressed in Xenopus oocytes has no effect on water, glycerol, or urea permeability; loss of AQP-8 activity via mutation or RNAi results in no obvious defects; however, AQP-8, in conjunction with AQP-2, AQP-3, and AQP-4, is weakly required for recovery from hypotonic stress; AQP-8 is expressed in the excretory cell.",Aquaporin-like; Major intrinsic protein,K02G10.7b.2,aqp-8-202,protein_coding,X,-,1714,9,882,820,PIS,3'UTR,1424,1439,533,548,16,CCCTCCCCCCCCCCCC,3;12,1,823,1.215067
WBGene00000272,bro-1,"bro-1 encodes an ortholog of human CBFB (OMIM:121360, mutated in acute myeloid leukemia and CBFB haploinsufficiency) and Drosophila BRO/BGB; BRO-1 is required for the normal proliferation and differentiation of seam cells, alae, and male tail rays; bro-1 mutants exhibit defective seam cell division and differentiation, and males exhibit ray loss; conversely, transgenic overexpression of BRO-1 induces excess seam cell divisions at least somewhat independently of RNT-1; coexpression of both BRO-1 and RNT-1 induces full seam cell hyperplasia; rnt-1 transcription is abnormally high in bro-1 mutant larvae; BRO-1 is also required for normal structural integrity of the vulva, with bro-1 mutants showing ruptured vulvae; BRO-1 is expressed in both cytoplasm and nuclei of hypodermal seam cells (from bean-stage embryos onward), muscle cells, the uterine seam (utse) cell in late L4 larvae, some pharyngeal neurons, and male ray precursor cells, and transgenic expression of BRO-1 in seam cells alone rescues the bro-1(bp133) mutation; seam cell phenotypes of bro-1 mutants are partly suppressed by inactivation of LIN-35, FZR-1, and CKI-1, all of which inhibit progression from G1 to S phase of the cell cycle; the structural similarity of BRO-1 to CBFbeta has been confirmed by circular dichroism; BRO-1 is bound in vitro by the RUNT domains (RDs) of either RNT-1 or its human ortholog RUNX1; although BRO-1 does not itself bind DNA, it does bind to a complex of DNA with RNT-1's RD, and enhances both the strength and the specificity of RNT-1's DNA binding when it does so; BRO-1 is genetically redundant with UNC-37 and SOP-1 in specifying seam cell fate, and BRO-1's ligand RNT-1 binds UNC-37 in vitro; bro-1(bp133) and sop-1(RNAi) also show synthetic lethality.","Core binding factor, beta subunit",F56A3.5.1,bro-1-201,protein_coding,I,+,1142,59,456,624,PIS,3'UTR,986,1004,471,489,19,CCCACCCCCCCCCCCCCCC,3;15,1,627,1.594896
WBGene00000417,ced-3,"ced-3 encodes a caspase, a cysteine-aspartate protease; CED-3 activity is required for execution of apoptosis and functions in a conserved genetic pathway with CED-4, CED-9, and EGL-1 to regulate apoptosis during C. elegans development.","CARD domain; Caspase-like domain; Death-like domain; Peptidase C14A, caspase catalytic domain",C48D1.2a.1,ced-3-201,protein_coding,IV,-,2552,71,1509,969,PIS,3'UTR,2085,2105,505,525,21,CCCCCCCATCATTTCCCGCCC,7;1;3;3,2;4;1,972,1.028807
WBGene00000438,ceh-14,"ceh-14 encodes a LIM homeodomain protein orthologous to Drosophila Lim3 and the vertebrate Lhx3 and Lhx4 proteins; ceh-14 is required for specification of the AFD thermosensory neurons and for normal thermotactic behavior; a ceh-14::GFP reporter fusion is expressed in head and tail neurons, including the AFD thermosensory neurons, during late embryonic, larval, and adult stages.  Animals triply mutant for the LIM homeobox genes ceh-14, lin-11, and ttx-3 which are required for function of the AFD, AIZ, and AIY neurons, respectively, exhibit a basic cryophilic thermotaxis response suggesting that, in C. elegans, there is more than one pathway for integration of thermosensory input.","Homeobox domain; Homeobox domain-like; Zinc finger, LIM-type",F46C8.5.1,ceh-14-201,protein_coding,X,-,1903,0,1053,847,PIS,3'UTR,1699,1734,646,681,36,CCCCACGCCACCCCCCCCCCCCCCCCCTTCCCTCCC,4;1;2;17;3;3,1;1;1;2;1,850,1.176471
WBGene00000565,cnt-1,"cnt-1 encodes a homolog of centaurin beta, an Arf GTPase activating protein (Arf GAP) that also contains a pleckstrin homology domain and C-terminal ankyrin repeats; by homology, CNT-1 is predicted to function as an Arf GAP that stimulates Arf GTPase activity and links cell signaling with cytoskeletal rearrangements and membrane trafficking; however, as loss of cnt-1 activity via large-scale RNAi screens does not result in any obvious abnormalities, the precise role of cnt-1 in C. elegans development and/or behavior is not yet known; cnt-1 is broadly expressed, being detected in the pharynx, excretory cell, spermatheca, distal tip cells of the gonad, neurons of the head and nerve ring, and anal epithelial cells; CNT-1 is able to bind the phosphoinositides PIP2 and PIP3 and upon production of PIP3, can translocate from the cytoplasm to the membrane.",Ankyrin repeat; Ankyrin repeat-containing domain; Arf GTPase activating protein; PH domain-like; Pleckstrin homology domain,Y17G7B.15a.1,cnt-1-201,protein_coding,II,-,2620,7,2478,132,PIS,3'UTR,2603,2620,118,135,18,CCCCCCCCCCCCCCCCCC,18,,135,7.407407
WBGene00000610,col-33,"col-33 encodes a predicted cuticular collagen; by homology, col-33 is predicted to play a role in cuticle biosynthesis and regulation of body size and morphogenesis; however, as loss of col-33 activity via large-scale RNAi screens does not result in any obvious abnormalities, the precise role of COL-33 in C. elegans development and/or behavior is not yet known.","Collagen triple helix repeat; Nematode cuticle collagen, N-terminal",F36A4.6.1,col-33-201,protein_coding,IV,+,1011,48,912,48,PIS,CDS,373,404,325,356,32,CCCGCTGGACCCGCCGGTGCCCCAGGAAACCC,3;1;3;2;4;3,1;4;1;4;6,912,1.096491
WBGene00000704,col-130,none available,"Collagen triple helix repeat; Nematode cuticle collagen, N-terminal",F08G5.4.1,col-130-201,protein_coding,IV,-,960,19,897,41,PIS,CDS,193,212,174,193,20,CCCAGTAACCCGCCCATCCC,3;3;3;3,5;1;2,897,1.114827
WBGene00000739,col-166,none available,"Collagen triple helix repeat; Nematode cuticle collagen, N-terminal",T07H6.3.1,col-166-201,protein_coding,X,+,906,0,903,0,PIS,CDS,728,757,728,757,30,CCCCAGGAGCCCCAGGAAACCCAGGATCCC,4;4;3;3,5;6;5,903,1.10742
WBGene00000740,col-167,none available,"Collagen triple helix repeat; Nematode cuticle collagen, N-terminal",T10E10.2.1,col-167-201,protein_coding,X,+,906,0,903,0,PIS,CDS,728,757,728,757,30,CCCCAGGAGCCCCAGGAAACCCAGGATCCC,4;4;3;3,5;6;5,903,1.10742
WBGene00000741,col-168,none available,"Collagen triple helix repeat; Nematode cuticle collagen, N-terminal",T10E10.1.1,col-168-201,protein_coding,X,+,906,0,903,0,PIS,CDS,728,757,728,757,30,CCCCAGGAGCCCCAGGAAACCCAGGATCCC,4;4;3;3,5;6;5,903,1.10742
WBGene00000743,col-170,none available,"Collagen triple helix repeat; Nematode cuticle collagen, N-terminal",T10E10.6.1,col-170-201,protein_coding,X,+,903,0,900,0,PIS,CDS,725,754,725,754,30,CCCCAGGAGCCCCAGGAAACCCAGGATCCC,4;4;3;3,5;6;5,900,1.111111
WBGene00000894,dab-1,"dab-1 encodes an ortholog of the cytoplasmic adaptor protein DISABLED,required for normal molting and meiotic arrest; DAB-1 is also required forEGL-17 secretion from vulval cells, and thus indirectly for normal sexmyoblast (SM) migration and egg-laying; DAB-1 contains a conserved PTBdomain and signals that confer localization to Golgi-proximal vesicles,and DAB-1 localizes to vesicular structures in vivo; dab-1 is expressed inventral precursor cells, and DAB-1 prevents EGL-17 protein accumulation inthem; dab-1 is also expressed in other cells (anchor cell, sheath cells,etc.) but has no obvious function in them; DAB-1 binds the cytoplasmicdomains of either LRP-1 or LRP-2 in yeast two-hybrid experiments;dab-1(gk291) and dab-1(RNAi) animals have similar defects in molting,EGL-17 secretion from VPCs, SM migration, and egg-laying; dab-1(RNAi) doesnot enhance the SM phenotypes of lrp-1(RNAi) or lrp-2(RNAi), suggestingthat these genes act in concert to promote normal EGL-17 secretion and SMmigration; in vitro, DAB-1 binds to the ear domains of APT-4 (strongly)and of APT-1 and APT-9 (weakly); genetically, dab-1(RNAi) functions aspart of the vab-1 pathway in oocytes inhibiting meiotic maturation, andDAB-1 is found in oocyte cytoplasm.",PH domain-like; PTB/PI domain; Protein disabled,M110.5a.1,dab-1-207,protein_coding,II,+,2011,14,1470,524,PIS,3'UTR,1854,1869,370,385,16,CCCCCCCCCCCCCCCC,16,,527,1.897533
WBGene00000894,dab-1,"dab-1 encodes an ortholog of the cytoplasmic adaptor protein DISABLED,required for normal molting and meiotic arrest; DAB-1 is also required forEGL-17 secretion from vulval cells, and thus indirectly for normal sexmyoblast (SM) migration and egg-laying; DAB-1 contains a conserved PTBdomain and signals that confer localization to Golgi-proximal vesicles,and DAB-1 localizes to vesicular structures in vivo; dab-1 is expressed inventral precursor cells, and DAB-1 prevents EGL-17 protein accumulation inthem; dab-1 is also expressed in other cells (anchor cell, sheath cells,etc.) but has no obvious function in them; DAB-1 binds the cytoplasmicdomains of either LRP-1 or LRP-2 in yeast two-hybrid experiments;dab-1(gk291) and dab-1(RNAi) animals have similar defects in molting,EGL-17 secretion from VPCs, SM migration, and egg-laying; dab-1(RNAi) doesnot enhance the SM phenotypes of lrp-1(RNAi) or lrp-2(RNAi), suggestingthat these genes act in concert to promote normal EGL-17 secretion and SMmigration; in vitro, DAB-1 binds to the ear domains of APT-4 (strongly)and of APT-1 and APT-9 (weakly); genetically, dab-1(RNAi) functions aspart of the vab-1 pathway in oocytes inhibiting meiotic maturation, andDAB-1 is found in oocyte cytoplasm.",PH domain-like; PTB/PI domain; Protein disabled,M110.5a.2,dab-1-203,protein_coding,II,+,2105,104,1470,528,PIS,3'UTR,1944,1959,370,385,16,CCCCCCCCCCCCCCCC,16,,531,1.883239
WBGene00000894,dab-1,"dab-1 encodes an ortholog of the cytoplasmic adaptor protein DISABLED,required for normal molting and meiotic arrest; DAB-1 is also required forEGL-17 secretion from vulval cells, and thus indirectly for normal sexmyoblast (SM) migration and egg-laying; DAB-1 contains a conserved PTBdomain and signals that confer localization to Golgi-proximal vesicles,and DAB-1 localizes to vesicular structures in vivo; dab-1 is expressed inventral precursor cells, and DAB-1 prevents EGL-17 protein accumulation inthem; dab-1 is also expressed in other cells (anchor cell, sheath cells,etc.) but has no obvious function in them; DAB-1 binds the cytoplasmicdomains of either LRP-1 or LRP-2 in yeast two-hybrid experiments;dab-1(gk291) and dab-1(RNAi) animals have similar defects in molting,EGL-17 secretion from VPCs, SM migration, and egg-laying; dab-1(RNAi) doesnot enhance the SM phenotypes of lrp-1(RNAi) or lrp-2(RNAi), suggestingthat these genes act in concert to promote normal EGL-17 secretion and SMmigration; in vitro, DAB-1 binds to the ear domains of APT-4 (strongly)and of APT-1 and APT-9 (weakly); genetically, dab-1(RNAi) functions aspart of the vab-1 pathway in oocytes inhibiting meiotic maturation, andDAB-1 is found in oocyte cytoplasm.",PH domain-like; PTB/PI domain; Protein disabled,M110.5b.1,dab-1-202,protein_coding,II,+,2110,104,1476,527,PIS,3'UTR,1950,1965,370,385,16,CCCCCCCCCCCCCCCC,16,,530,1.886792
WBGene00000894,dab-1,"dab-1 encodes an ortholog of the cytoplasmic adaptor protein DISABLED,required for normal molting and meiotic arrest; DAB-1 is also required forEGL-17 secretion from vulval cells, and thus indirectly for normal sexmyoblast (SM) migration and egg-laying; DAB-1 contains a conserved PTBdomain and signals that confer localization to Golgi-proximal vesicles,and DAB-1 localizes to vesicular structures in vivo; dab-1 is expressed inventral precursor cells, and DAB-1 prevents EGL-17 protein accumulation inthem; dab-1 is also expressed in other cells (anchor cell, sheath cells,etc.) but has no obvious function in them; DAB-1 binds the cytoplasmicdomains of either LRP-1 or LRP-2 in yeast two-hybrid experiments;dab-1(gk291) and dab-1(RNAi) animals have similar defects in molting,EGL-17 secretion from VPCs, SM migration, and egg-laying; dab-1(RNAi) doesnot enhance the SM phenotypes of lrp-1(RNAi) or lrp-2(RNAi), suggestingthat these genes act in concert to promote normal EGL-17 secretion and SMmigration; in vitro, DAB-1 binds to the ear domains of APT-4 (strongly)and of APT-1 and APT-9 (weakly); genetically, dab-1(RNAi) functions aspart of the vab-1 pathway in oocytes inhibiting meiotic maturation, andDAB-1 is found in oocyte cytoplasm.",PH domain-like; PTB/PI domain; Protein disabled,M110.5c.1,dab-1-208,protein_coding,II,+,2072,121,1422,526,PIS,3'UTR,1913,1928,370,385,16,CCCCCCCCCCCCCCCC,16,,529,1.890359
WBGene00000894,dab-1,"dab-1 encodes an ortholog of the cytoplasmic adaptor protein DISABLED,required for normal molting and meiotic arrest; DAB-1 is also required forEGL-17 secretion from vulval cells, and thus indirectly for normal sexmyoblast (SM) migration and egg-laying; DAB-1 contains a conserved PTBdomain and signals that confer localization to Golgi-proximal vesicles,and DAB-1 localizes to vesicular structures in vivo; dab-1 is expressed inventral precursor cells, and DAB-1 prevents EGL-17 protein accumulation inthem; dab-1 is also expressed in other cells (anchor cell, sheath cells,etc.) but has no obvious function in them; DAB-1 binds the cytoplasmicdomains of either LRP-1 or LRP-2 in yeast two-hybrid experiments;dab-1(gk291) and dab-1(RNAi) animals have similar defects in molting,EGL-17 secretion from VPCs, SM migration, and egg-laying; dab-1(RNAi) doesnot enhance the SM phenotypes of lrp-1(RNAi) or lrp-2(RNAi), suggestingthat these genes act in concert to promote normal EGL-17 secretion and SMmigration; in vitro, DAB-1 binds to the ear domains of APT-4 (strongly)and of APT-1 and APT-9 (weakly); genetically, dab-1(RNAi) functions aspart of the vab-1 pathway in oocytes inhibiting meiotic maturation, andDAB-1 is found in oocyte cytoplasm.",PH domain-like; PTB/PI domain; Protein disabled,M110.5d.1,dab-1-201,protein_coding,II,+,2108,104,1476,525,PIS,3'UTR,1950,1965,370,385,16,CCCCCCCCCCCCCCCC,16,,528,1.893939
WBGene00000894,dab-1,"dab-1 encodes an ortholog of the cytoplasmic adaptor protein DISABLED,required for normal molting and meiotic arrest; DAB-1 is also required forEGL-17 secretion from vulval cells, and thus indirectly for normal sexmyoblast (SM) migration and egg-laying; DAB-1 contains a conserved PTBdomain and signals that confer localization to Golgi-proximal vesicles,and DAB-1 localizes to vesicular structures in vivo; dab-1 is expressed inventral precursor cells, and DAB-1 prevents EGL-17 protein accumulation inthem; dab-1 is also expressed in other cells (anchor cell, sheath cells,etc.) but has no obvious function in them; DAB-1 binds the cytoplasmicdomains of either LRP-1 or LRP-2 in yeast two-hybrid experiments;dab-1(gk291) and dab-1(RNAi) animals have similar defects in molting,EGL-17 secretion from VPCs, SM migration, and egg-laying; dab-1(RNAi) doesnot enhance the SM phenotypes of lrp-1(RNAi) or lrp-2(RNAi), suggestingthat these genes act in concert to promote normal EGL-17 secretion and SMmigration; in vitro, DAB-1 binds to the ear domains of APT-4 (strongly)and of APT-1 and APT-9 (weakly); genetically, dab-1(RNAi) functions aspart of the vab-1 pathway in oocytes inhibiting meiotic maturation, andDAB-1 is found in oocyte cytoplasm.",PH domain-like; PTB/PI domain; Protein disabled,M110.5d.2,dab-1-205,protein_coding,II,+,2020,16,1476,525,PIS,3'UTR,1862,1877,370,385,16,CCCCCCCCCCCCCCCC,16,,528,1.893939
WBGene00000894,dab-1,"dab-1 encodes an ortholog of the cytoplasmic adaptor protein DISABLED,required for normal molting and meiotic arrest; DAB-1 is also required forEGL-17 secretion from vulval cells, and thus indirectly for normal sexmyoblast (SM) migration and egg-laying; DAB-1 contains a conserved PTBdomain and signals that confer localization to Golgi-proximal vesicles,and DAB-1 localizes to vesicular structures in vivo; dab-1 is expressed inventral precursor cells, and DAB-1 prevents EGL-17 protein accumulation inthem; dab-1 is also expressed in other cells (anchor cell, sheath cells,etc.) but has no obvious function in them; DAB-1 binds the cytoplasmicdomains of either LRP-1 or LRP-2 in yeast two-hybrid experiments;dab-1(gk291) and dab-1(RNAi) animals have similar defects in molting,EGL-17 secretion from VPCs, SM migration, and egg-laying; dab-1(RNAi) doesnot enhance the SM phenotypes of lrp-1(RNAi) or lrp-2(RNAi), suggestingthat these genes act in concert to promote normal EGL-17 secretion and SMmigration; in vitro, DAB-1 binds to the ear domains of APT-4 (strongly)and of APT-1 and APT-9 (weakly); genetically, dab-1(RNAi) functions aspart of the vab-1 pathway in oocytes inhibiting meiotic maturation, andDAB-1 is found in oocyte cytoplasm.",PH domain-like; PTB/PI domain; Protein disabled,M110.5e.1,dab-1-204,protein_coding,II,+,2111,102,1482,524,PIS,3'UTR,1954,1969,370,385,16,CCCCCCCCCCCCCCCC,16,,527,1.897533
WBGene00000894,dab-1,"dab-1 encodes an ortholog of the cytoplasmic adaptor protein DISABLED,required for normal molting and meiotic arrest; DAB-1 is also required forEGL-17 secretion from vulval cells, and thus indirectly for normal sexmyoblast (SM) migration and egg-laying; DAB-1 contains a conserved PTBdomain and signals that confer localization to Golgi-proximal vesicles,and DAB-1 localizes to vesicular structures in vivo; dab-1 is expressed inventral precursor cells, and DAB-1 prevents EGL-17 protein accumulation inthem; dab-1 is also expressed in other cells (anchor cell, sheath cells,etc.) but has no obvious function in them; DAB-1 binds the cytoplasmicdomains of either LRP-1 or LRP-2 in yeast two-hybrid experiments;dab-1(gk291) and dab-1(RNAi) animals have similar defects in molting,EGL-17 secretion from VPCs, SM migration, and egg-laying; dab-1(RNAi) doesnot enhance the SM phenotypes of lrp-1(RNAi) or lrp-2(RNAi), suggestingthat these genes act in concert to promote normal EGL-17 secretion and SMmigration; in vitro, DAB-1 binds to the ear domains of APT-4 (strongly)and of APT-1 and APT-9 (weakly); genetically, dab-1(RNAi) functions aspart of the vab-1 pathway in oocytes inhibiting meiotic maturation, andDAB-1 is found in oocyte cytoplasm.",PH domain-like; PTB/PI domain; Protein disabled,M110.5e.2,dab-1-206,protein_coding,II,+,2027,16,1482,526,PIS,3'UTR,1868,1883,370,385,16,CCCCCCCCCCCCCCCC,16,,529,1.890359
WBGene00000894,dab-1,"dab-1 encodes an ortholog of the cytoplasmic adaptor protein DISABLED,required for normal molting and meiotic arrest; DAB-1 is also required forEGL-17 secretion from vulval cells, and thus indirectly for normal sexmyoblast (SM) migration and egg-laying; DAB-1 contains a conserved PTBdomain and signals that confer localization to Golgi-proximal vesicles,and DAB-1 localizes to vesicular structures in vivo; dab-1 is expressed inventral precursor cells, and DAB-1 prevents EGL-17 protein accumulation inthem; dab-1 is also expressed in other cells (anchor cell, sheath cells,etc.) but has no obvious function in them; DAB-1 binds the cytoplasmicdomains of either LRP-1 or LRP-2 in yeast two-hybrid experiments;dab-1(gk291) and dab-1(RNAi) animals have similar defects in molting,EGL-17 secretion from VPCs, SM migration, and egg-laying; dab-1(RNAi) doesnot enhance the SM phenotypes of lrp-1(RNAi) or lrp-2(RNAi), suggestingthat these genes act in concert to promote normal EGL-17 secretion and SMmigration; in vitro, DAB-1 binds to the ear domains of APT-4 (strongly)and of APT-1 and APT-9 (weakly); genetically, dab-1(RNAi) functions aspart of the vab-1 pathway in oocytes inhibiting meiotic maturation, andDAB-1 is found in oocyte cytoplasm.",PH domain-like; PTB/PI domain; Protein disabled,M110.5f.1,dab-1-211,protein_coding,II,+,2030,75,1428,524,PIS,3'UTR,1873,1888,370,385,16,CCCCCCCCCCCCCCCC,16,,527,1.897533
WBGene00000894,dab-1,"dab-1 encodes an ortholog of the cytoplasmic adaptor protein DISABLED,required for normal molting and meiotic arrest; DAB-1 is also required forEGL-17 secretion from vulval cells, and thus indirectly for normal sexmyoblast (SM) migration and egg-laying; DAB-1 contains a conserved PTBdomain and signals that confer localization to Golgi-proximal vesicles,and DAB-1 localizes to vesicular structures in vivo; dab-1 is expressed inventral precursor cells, and DAB-1 prevents EGL-17 protein accumulation inthem; dab-1 is also expressed in other cells (anchor cell, sheath cells,etc.) but has no obvious function in them; DAB-1 binds the cytoplasmicdomains of either LRP-1 or LRP-2 in yeast two-hybrid experiments;dab-1(gk291) and dab-1(RNAi) animals have similar defects in molting,EGL-17 secretion from VPCs, SM migration, and egg-laying; dab-1(RNAi) doesnot enhance the SM phenotypes of lrp-1(RNAi) or lrp-2(RNAi), suggestingthat these genes act in concert to promote normal EGL-17 secretion and SMmigration; in vitro, DAB-1 binds to the ear domains of APT-4 (strongly)and of APT-1 and APT-9 (weakly); genetically, dab-1(RNAi) functions aspart of the vab-1 pathway in oocytes inhibiting meiotic maturation, andDAB-1 is found in oocyte cytoplasm.",PH domain-like; PTB/PI domain; Protein disabled,M110.5g.1,dab-1-210,protein_coding,II,+,2043,82,1434,524,PIS,3'UTR,1886,1901,370,385,16,CCCCCCCCCCCCCCCC,16,,527,1.897533
WBGene00000894,dab-1,"dab-1 encodes an ortholog of the cytoplasmic adaptor protein DISABLED,required for normal molting and meiotic arrest; DAB-1 is also required forEGL-17 secretion from vulval cells, and thus indirectly for normal sexmyoblast (SM) migration and egg-laying; DAB-1 contains a conserved PTBdomain and signals that confer localization to Golgi-proximal vesicles,and DAB-1 localizes to vesicular structures in vivo; dab-1 is expressed inventral precursor cells, and DAB-1 prevents EGL-17 protein accumulation inthem; dab-1 is also expressed in other cells (anchor cell, sheath cells,etc.) but has no obvious function in them; DAB-1 binds the cytoplasmicdomains of either LRP-1 or LRP-2 in yeast two-hybrid experiments;dab-1(gk291) and dab-1(RNAi) animals have similar defects in molting,EGL-17 secretion from VPCs, SM migration, and egg-laying; dab-1(RNAi) doesnot enhance the SM phenotypes of lrp-1(RNAi) or lrp-2(RNAi), suggestingthat these genes act in concert to promote normal EGL-17 secretion and SMmigration; in vitro, DAB-1 binds to the ear domains of APT-4 (strongly)and of APT-1 and APT-9 (weakly); genetically, dab-1(RNAi) functions aspart of the vab-1 pathway in oocytes inhibiting meiotic maturation, andDAB-1 is found in oocyte cytoplasm.",PH domain-like; PTB/PI domain; Protein disabled,M110.5h.1,dab-1-209,protein_coding,II,+,2077,119,1428,527,PIS,3'UTR,1917,1932,370,385,16,CCCCCCCCCCCCCCCC,16,,530,1.886792
WBGene00001042,dnj-24,This gene encodes a protein containing a DnaJ ('J') domain.,DnaJ domain,W03A5.7.1,dnj-24-201,protein_coding,III,-,1302,0,747,552,PIS,3'UTR,752,766,5,19,15,CCCCCCCCCCCCCCC,15,,555,1.801802
WBGene00001042,dnj-24,This gene encodes a protein containing a DnaJ ('J') domain.,DnaJ domain,W03A5.7.2,dnj-24-202,protein_coding,III,-,1541,239,747,552,PIS,3'UTR,991,1005,5,19,15,CCCCCCCCCCCCCCC,15,,555,1.801802
WBGene00001063,dpy-1,"dpy-1 encodes a cuticulin; DPY-1 activity is required for normal body length and alae formation; dpy-1's site of action is localized to the hyp7 syncytium, based on mosaic analysis.","Zona pellucida domain; von Willebrand factor, type A",M01E10.2a.1,dpy-1-201,protein_coding,III,-,4342,10,4281,48,PIS,CDS,1368,1390,1358,1380,23,CCCCGCCCACCGAGGCCCCGCCC,4;3;2;4;3,1;1;4;1,4281,0.23359
WBGene00001063,dpy-1,"dpy-1 encodes a cuticulin; DPY-1 activity is required for normal body length and alae formation; dpy-1's site of action is localized to the hyp7 syncytium, based on mosaic analysis.","Zona pellucida domain; von Willebrand factor, type A",M01E10.2a.1,dpy-1-201,protein_coding,III,-,4342,10,4281,48,PIS,CDS,1641,1662,1631,1652,22,CCCCGCCCATAACCCCGCCCCC,4;3;4;5,1;4;1,4281,0.23359
WBGene00001063,dpy-1,"dpy-1 encodes a cuticulin; DPY-1 activity is required for normal body length and alae formation; dpy-1's site of action is localized to the hyp7 syncytium, based on mosaic analysis.","Zona pellucida domain; von Willebrand factor, type A",M01E10.2b.1,dpy-1-202,protein_coding,III,-,3324,0,3282,39,PIS,CDS,752,774,752,774,23,CCCCGCCCACCGAGGCCCCGCCC,4;3;2;4;3,1;1;4;1,3282,0.304692
WBGene00001063,dpy-1,"dpy-1 encodes a cuticulin; DPY-1 activity is required for normal body length and alae formation; dpy-1's site of action is localized to the hyp7 syncytium, based on mosaic analysis.","Zona pellucida domain; von Willebrand factor, type A",M01E10.2b.1,dpy-1-202,protein_coding,III,-,3324,0,3282,39,PIS,CDS,1025,1046,1025,1046,22,CCCCGCCCATAACCCCGCCCCC,4;3;4;5,1;4;1,3282,0.304692
WBGene00001147,eat-18,"eat-18 encodes a small novel protein with an intracellular N terminus, a single predicted transmembrane domain, and a short, extracellular carboxy terminus; eat-18 is required for proper nicotinic neurotransmission by the excitatory pharyngeal MC neuron and thus, for rapid pharyngeal pumping in the presence of food; eat-18 is also required for alpha-bungarotoxin-binding to pharyngeal nicotinic receptors, suggesting that EAT-18 is required for normal topology of most or all nicotinic receptors in postsynaptic cells in the pharynx; an EAT-18::GFP fusion protein is expressed in pharyngeal muscle, the M5 pharyngeal motor neuron, and five to six unidentified extrapharyngeal neurons; eat-18 displays allele-specific genetic interactions with eat-2, which encodes a non-alpha-nicotonic acetylcholine receptor subunit expressed in pharyngeal muscle and also required for proper regulation of the pharyngeal pumping rate.",,Y105E8A.7d.1,eat-18-201,protein_coding,I,+,2920,147,234,2536,PIS,5'UTR,11,39,11,39,29,CCCCTGTCCCCTTTGTCCCCCCAGACCCC,4;4;6;4,3;5;3,147,6.802721
WBGene00001147,eat-18,"eat-18 encodes a small novel protein with an intracellular N terminus, a single predicted transmembrane domain, and a short, extracellular carboxy terminus; eat-18 is required for proper nicotinic neurotransmission by the excitatory pharyngeal MC neuron and thus, for rapid pharyngeal pumping in the presence of food; eat-18 is also required for alpha-bungarotoxin-binding to pharyngeal nicotinic receptors, suggesting that EAT-18 is required for normal topology of most or all nicotinic receptors in postsynaptic cells in the pharynx; an EAT-18::GFP fusion protein is expressed in pharyngeal muscle, the M5 pharyngeal motor neuron, and five to six unidentified extrapharyngeal neurons; eat-18 displays allele-specific genetic interactions with eat-2, which encodes a non-alpha-nicotonic acetylcholine receptor subunit expressed in pharyngeal muscle and also required for proper regulation of the pharyngeal pumping rate.",,Y105E8A.7d.1,eat-18-201,protein_coding,I,+,2920,147,234,2536,PIS,5'UTR,49,81,49,81,33,CCCCTGTCCCCCACTGTGTCCCCCCAGTCCCCC,4;5;1;6;5,3;1;5;3,147,6.802721
WBGene00001147,eat-18,"eat-18 encodes a small novel protein with an intracellular N terminus, a single predicted transmembrane domain, and a short, extracellular carboxy terminus; eat-18 is required for proper nicotinic neurotransmission by the excitatory pharyngeal MC neuron and thus, for rapid pharyngeal pumping in the presence of food; eat-18 is also required for alpha-bungarotoxin-binding to pharyngeal nicotinic receptors, suggesting that EAT-18 is required for normal topology of most or all nicotinic receptors in postsynaptic cells in the pharynx; an EAT-18::GFP fusion protein is expressed in pharyngeal muscle, the M5 pharyngeal motor neuron, and five to six unidentified extrapharyngeal neurons; eat-18 displays allele-specific genetic interactions with eat-2, which encodes a non-alpha-nicotonic acetylcholine receptor subunit expressed in pharyngeal muscle and also required for proper regulation of the pharyngeal pumping rate.",,Y105E8A.7d.1,eat-18-201,protein_coding,I,+,2920,147,234,2536,PIS,5'UTR,87,120,87,120,34,CCCCCCTGTCCCCCACTGTGTCCCCCCAGGCCCC,6;5;1;6;4,3;1;5;3,147,6.802721
WBGene00001147,eat-18,"eat-18 encodes a small novel protein with an intracellular N terminus, a single predicted transmembrane domain, and a short, extracellular carboxy terminus; eat-18 is required for proper nicotinic neurotransmission by the excitatory pharyngeal MC neuron and thus, for rapid pharyngeal pumping in the presence of food; eat-18 is also required for alpha-bungarotoxin-binding to pharyngeal nicotinic receptors, suggesting that EAT-18 is required for normal topology of most or all nicotinic receptors in postsynaptic cells in the pharynx; an EAT-18::GFP fusion protein is expressed in pharyngeal muscle, the M5 pharyngeal motor neuron, and five to six unidentified extrapharyngeal neurons; eat-18 displays allele-specific genetic interactions with eat-2, which encodes a non-alpha-nicotonic acetylcholine receptor subunit expressed in pharyngeal muscle and also required for proper regulation of the pharyngeal pumping rate.",,Y105E8A.7d.2,eat-18-202,protein_coding,I,+,3145,135,234,2773,PIS,5'UTR,37,69,37,69,33,CCCCTGTCCCCCACTGTGTCCCCCCAGTCCCCC,4;5;1;6;5,3;1;5;3,135,7.407407
WBGene00001147,eat-18,"eat-18 encodes a small novel protein with an intracellular N terminus, a single predicted transmembrane domain, and a short, extracellular carboxy terminus; eat-18 is required for proper nicotinic neurotransmission by the excitatory pharyngeal MC neuron and thus, for rapid pharyngeal pumping in the presence of food; eat-18 is also required for alpha-bungarotoxin-binding to pharyngeal nicotinic receptors, suggesting that EAT-18 is required for normal topology of most or all nicotinic receptors in postsynaptic cells in the pharynx; an EAT-18::GFP fusion protein is expressed in pharyngeal muscle, the M5 pharyngeal motor neuron, and five to six unidentified extrapharyngeal neurons; eat-18 displays allele-specific genetic interactions with eat-2, which encodes a non-alpha-nicotonic acetylcholine receptor subunit expressed in pharyngeal muscle and also required for proper regulation of the pharyngeal pumping rate.",,Y105E8A.7d.2,eat-18-202,protein_coding,I,+,3145,135,234,2773,PIS,5'UTR,75,108,75,108,34,CCCCCCTGTCCCCCACTGTGTCCCCCCAGGCCCC,6;5;1;6;4,3;1;5;3,135,7.407407
WBGene00001147,eat-18,"eat-18 encodes a small novel protein with an intracellular N terminus, a single predicted transmembrane domain, and a short, extracellular carboxy terminus; eat-18 is required for proper nicotinic neurotransmission by the excitatory pharyngeal MC neuron and thus, for rapid pharyngeal pumping in the presence of food; eat-18 is also required for alpha-bungarotoxin-binding to pharyngeal nicotinic receptors, suggesting that EAT-18 is required for normal topology of most or all nicotinic receptors in postsynaptic cells in the pharynx; an EAT-18::GFP fusion protein is expressed in pharyngeal muscle, the M5 pharyngeal motor neuron, and five to six unidentified extrapharyngeal neurons; eat-18 displays allele-specific genetic interactions with eat-2, which encodes a non-alpha-nicotonic acetylcholine receptor subunit expressed in pharyngeal muscle and also required for proper regulation of the pharyngeal pumping rate.",,Y105E8A.7d.3,eat-18-203,protein_coding,I,+,2929,37,234,2655,PIS,5'UTR,1,29,1,29,29,CCCAGGCCCCGACTGTCCCCCCGGTCCCC,3;4;1;6;4,3;2;3;3,37,27.027027
WBGene00001162,efl-2,The efl-2 gene encodes an E2F/DP1-like protein of as yet unknown function; comparative genomic analysis suggests that EFL-2 may be involved in apoptosis.,"E2F Family; E2F/DP family, winged-helix DNA-binding domain; Winged helix-turn-helix DNA-binding domain",Y48C3A.17d.1,efl-2-202,protein_coding,II,+,1712,20,1074,615,PIS,3'UTR,1471,1486,377,392,16,CCCCCCCCCCCCCCCC,16,,618,1.618123
WBGene00001169,eef-1A.2,"eef-1A.2 encodes a translation elongation factor 1-alpha homolog that is required for embryonic viability, fertility, and a normal postembryonic growth rate; eef-1A.2 encodes at least one alternatively spliced coding sequence identical to that of eef-1A.1.","P-loop containing nucleoside triphosphate hydrolase; Transcription factor, GTP-binding domain; Translation elongation factor EF1A, eukaryotic/archaeal; Translation elongation factor EF1A/initiation factor IF2gamma, C-terminal; Translation elongation factor EFTu-like, domain 2; Translation elongation factor EFTu/EF1A, C-terminal; Translation protein, beta-barrel domain",R03G5.1.1,eef-1A.2-203,protein_coding,X,+,1917,23,1389,502,PIS,3'UTR,1750,1777,338,365,28,CCCCCCGACCCCCCCCCCCAATCCTCCC,6;11;2;3,2;3;1,505,1.980198
WBGene00001196,egl-30,"egl-30 encodes an ortholog of the heterotrimeric G protein alpha subunit Gq (Gq/G11 class) that affects viability, locomotion, egg laying, synaptic transmission, and pharyngeal pumping; it genetically interacts with the goa-1 pathway, and is probably expressed ubiquitously, with highest expression in excitable cells.","G protein alpha subunit, helical insertion; G-protein alpha subunit, group Q; Guanine nucleotide binding protein (G-protein), alpha subunit; P-loop containing nucleoside triphosphate hydrolase",M01D7.7b.1,egl-30-202,protein_coding,I,+,3507,1546,909,1049,PIS,5'UTR,86,104,86,104,19,CCCCCCCCTCCCCCTTCCC,8;5;3,1;2,1546,0.646831
WBGene00001368,exc-7,"exc-7 encodes an ELAV, an mRNA-binding protein homologous to Drosophila ELAV and human HuC/D (OMIM:603458, 168360, autoimmune antigens associated with paraneoplastic neurologic disorders); EXC-7 is required for formation of the tailspike and the excretory cell canals; exc-7 mutations enhance defects produced by mutations in exc-3, predicted to encode a peptidase, and sma-1, which encodes beta H-spectrin, a key component of the apical cytokeleton of polarized epithelial cells such as the excretory cell; in vitro, EXC-7 can bind the sma-1 mRNA 3' UTR, and thus is predicted to regulate SMA-1 expression in vivo; EXC-7 is expressed transiently in the excretory cell nucleus during mid-embryogenesis and during larval stages is detected in the pharynx, nerve ring, and nerve cord nuclei.",Paraneoplastic encephalomyelitis antigen; RNA recognition motif domain; Splicing factor ELAV/Hu,F35H8.5a.1,exc-7-202,protein_coding,II,+,2165,337,1368,457,PIS,3'UTR,1852,1867,147,162,16,CCCCCCCCCCCCCCCC,16,,460,2.173913
WBGene00001368,exc-7,"exc-7 encodes an ELAV, an mRNA-binding protein homologous to Drosophila ELAV and human HuC/D (OMIM:603458, 168360, autoimmune antigens associated with paraneoplastic neurologic disorders); EXC-7 is required for formation of the tailspike and the excretory cell canals; exc-7 mutations enhance defects produced by mutations in exc-3, predicted to encode a peptidase, and sma-1, which encodes beta H-spectrin, a key component of the apical cytokeleton of polarized epithelial cells such as the excretory cell; in vitro, EXC-7 can bind the sma-1 mRNA 3' UTR, and thus is predicted to regulate SMA-1 expression in vivo; EXC-7 is expressed transiently in the excretory cell nucleus during mid-embryogenesis and during larval stages is detected in the pharynx, nerve ring, and nerve cord nuclei.",Paraneoplastic encephalomyelitis antigen; RNA recognition motif domain; Splicing factor ELAV/Hu,F35H8.5b,exc-7-201,ncRNA,II,+,2087,0,0,0,PIS,3'UTR,1749,1764,1749,1764,16,CCCCCCCCCCCCCCCC,16,,2087,0.479157
WBGene00001503,fum-1,"fum-1 is orthologous to human FUMARASE (FH; OMIM:136850), which when mutated leads to fumarase deficiency; FUM-1A and FUM-1B are predicted to be mitochondrial.","Fumarase C, C-terminal; Fumarase/histidase, N-terminal; Fumarate hydratase, class II; Fumarate lyase family; Fumarate lyase, N-terminal; L-Aspartase-like",H14A12.2.1,fum-1-201,protein_coding,III,+,1679,0,1503,173,PIS,3'UTR,1584,1602,81,99,19,CCCATCCCACACCCAACCC,3;3;1;3;3,2;1;1;2,176,5.681818
WBGene00001541,gcy-15,gcy-15 encodes a membrane guanylyl cyclase.,"Adenylyl cyclase class-3/4/guanylyl cyclase; Nucleotide cyclase; Periplasmic binding protein-like I; Protein kinase-like domain; Receptor, ligand binding region; Serine-threonine/tyrosine-protein kinase, catalytic domain",ZC239.7.1,gcy-15-201,protein_coding,II,-,3386,0,3312,71,PIS,CDS,1601,1629,1601,1629,29,CCCGAGCAGGCCCATTCGGGCCCATACCC,3;1;3;1;3;3,3;3;3;3;3,3312,0.301932
WBGene00001546,gcy-21,gcy-21 is predicted to encode a guanylate cyclase.,"Adenylyl cyclase class-3/4/guanylyl cyclase; Nucleotide cyclase; Periplasmic binding protein-like I; Protein kinase-like domain; Serine-threonine/tyrosine-protein kinase, catalytic domain",F22E5.3.1,gcy-21-201,protein_coding,II,+,3569,6,3489,71,PIS,CDS,1784,1812,1778,1806,29,CCCGAGCAGGCCCATTCGGCCCAATACCC,3;1;3;1;3;3,3;3;3;2;4,3489,0.286615
WBGene00001746,gsk-3,"gsk-3 encodes the C. elegans glycogen synthase kinase ortholog; during embryonic development, GSK-3 functions in the Wnt signaling pathway that restricts specification of mesendodermal tissue to the appropriate blastomere; GSK-3 also functions in a Wnt pathway that regulates anteroposterior axon guidance; GSK-3 plays a role in regulating the oocyte-to-embryo transition, by phosphorylating and negatively regulating the OMA-1 zinc finger protein, and in regulation of the oxidative stress response pathway by phosphorylating SKN-1, thereby excluding it from intestinal nuclei; GSK-3, along with MOM-5/Frizzled and APR-1/APC is also required for distal tip cell migration in the gonad and for the engulfment of apoptotic cells, indicating that the Wnt pathway signals to CED-10/Rac to regulate cytoskeletal rearrangement during different cellular processes; GSK-3 can be phosphorylated by murine ERK2 in vitro, suggesting that it is a substrate for the RTK-RAS-ERK pathway in vivo; consistent with this, GSK-3 phosphorylation is absent in mpk-1 mutant animals.",Protein kinase domain; Protein kinase-like domain,Y18D10A.5.1,gsk-3-201,protein_coding,I,+,2172,146,1086,937,PIS,3'UTR,1418,1447,186,215,30,CCCTCCCCCCCCCACCCCCCTCCATCGCCC,3;9;6;2;1;3,1;1;1;2;1,940,1.06383
WBGene00001987,hot-2,hot-2 encodes a predicted paralog of ODR-2 and contains a Ly-6 domain.,Caenorhabditis elegans ly-6-related,Y39B6A.48a.1,hot-2-201,protein_coding,V,+,1169,47,861,258,PIS,CDS,748,774,701,727,27,CCCGCTCAGCCCTCTTCAACCCAGCCC,3;1;1;3;1;1;3;3,1;1;2;1;2;2;2,861,1.16144
WBGene00001987,hot-2,hot-2 encodes a predicted paralog of ODR-2 and contains a Ly-6 domain.,Caenorhabditis elegans ly-6-related,Y39B6A.48b.1,hot-2-202,protein_coding,V,+,772,5,597,167,PIS,CDS,442,468,437,463,27,CCCGCTCAGCCCTCTTCAACCCAGCCC,3;1;1;3;1;1;3;3,1;1;2;1;2;2;2,597,1.675042
WBGene00002005,hsp-1,"hsp-1 encodes hsp70A, a member of the heat shock family of proteins; hsp70A is closely related to the Drosophila heat inducible hsp70s and the S. cerevisiae SSA hsp70 subfamily; the hsp-1 gene is normally expressed throughout development and upon heat-shock the hsp-1 mRNA is enhanced 2-6 fold; down-regulation of hsp-1 via RNA interference results in a small reduction in the life-span of an age-1 mutant indicating that hsp-1 may play some role in regulating longevity.","Heat shock protein 70 family; Heat shock protein 70kD, C-terminal domain; Heat shock protein 70kD, peptide-binding domain",F26D10.3.1,hsp-1-201,protein_coding,IV,+,2073,5,1920,145,PIS,3'UTR,2007,2028,82,103,22,CCCCCTTCCCTGTCACCCACCC,5;3;1;3;3,2;3;1;1,148,6.756757
WBGene00002044,hyl-2,"hyl-2 encodes a predicted transmembrane protein orthologous to Saccharomyces cerevisiae Lag1p (longevity assurance gene), a protein preferentially expressed in young yeasts; by homology, HYL-2 is predicted to have several possible functions, including regulation of lipid, particularly ceramide, biosynthesis, regulation of lipid transport, and regulation of protein translocation in the endoplasmic reticulum ; however, as loss of hyl-2 activity via RNA-mediated interference (RNAi) does not result in any obvious abnormalities, the precise role of hyl-2 in C. elegans development and/or behavior is not yet known.",Ceramide synthase component Lag1/Lac1; TRAM/LAG1/CLN8 homology domain,K02G10.6.1,hyl-2-201,protein_coding,X,-,1484,2,987,492,PIS,3'UTR,1275,1294,286,305,20,CCCCCCCCCCCCTCATCCCC,12;1;4,1;2,495,2.020202
WBGene00002066,ifg-1,"ifg-1 encodes, by alternative splicing, two orthologs of the translation initiation factor 4F, ribosome/mRNA-bridging subunit (eIF-4G); by homology, IFG-1 is predicted to function in poly(A) tail-dependent translation initiation; loss of ifg-1 activity in adult animals extends lifespan.","Armadillo-type fold; MIF4G-like, type 3",M110.4a.1,ifg-1-203,protein_coding,II,+,4517,23,3468,1023,PIS,3'UTR,3900,3922,409,431,23,CCCCTTTCCCACCCACCTTACCC,4;3;3;2;3,3;1;1;3,1026,0.974659
WBGene00002066,ifg-1,"ifg-1 encodes, by alternative splicing, two orthologs of the translation initiation factor 4F, ribosome/mRNA-bridging subunit (eIF-4G); by homology, IFG-1 is predicted to function in poly(A) tail-dependent translation initiation; loss of ifg-1 activity in adult animals extends lifespan.","Armadillo-type fold; MIF4G-like, type 3",M110.4b.1,ifg-1-204,protein_coding,II,+,4644,22,3465,1154,PIS,3'UTR,3896,3918,409,431,23,CCCCTTTCCCACCCACCTTACCC,4;3;3;2;3,3;1;1;3,1157,0.864304
WBGene00002066,ifg-1,"ifg-1 encodes, by alternative splicing, two orthologs of the translation initiation factor 4F, ribosome/mRNA-bridging subunit (eIF-4G); by homology, IFG-1 is predicted to function in poly(A) tail-dependent translation initiation; loss of ifg-1 activity in adult animals extends lifespan.","Armadillo-type fold; MIF4G-like, type 3",M110.4c.1,ifg-1-201,protein_coding,II,+,4664,386,3126,1149,PIS,3'UTR,3921,3943,409,431,23,CCCCTTTCCCACCCACCTTACCC,4;3;3;2;3,3;1;1;3,1152,0.868056
WBGene00002066,ifg-1,"ifg-1 encodes, by alternative splicing, two orthologs of the translation initiation factor 4F, ribosome/mRNA-bridging subunit (eIF-4G); by homology, IFG-1 is predicted to function in poly(A) tail-dependent translation initiation; loss of ifg-1 activity in adult animals extends lifespan.","Armadillo-type fold; MIF4G-like, type 3",M110.4d.1,ifg-1-202,protein_coding,II,+,4661,29,3477,1152,PIS,3'UTR,3915,3937,409,431,23,CCCCTTTCCCACCCACCTTACCC,4;3;3;2;3,3;1;1;3,1155,0.865801
WBGene00002074,ima-3,"ima-3 encodes one of three C. elegans importin alpha nuclear transport factors and the importin alpha that is most similar to the alpha3-subtype; ima-3 activity is required throughout development: during oogenesis, ima-3 is essential for progression past pachytene of meiotic prophase I and for proper organization of the nuclear pore complex (NPC) as well as association of P granules with the NPC; ima-3 is also required for normal embryonic, larval, and germline development; in vitro, IMA-3 can interact with human importin beta1, suggesting that it functions in a complex with C. elegans importin betas in vivo; IMA-3 is expressed in males and hermaphrodites, in both the germline and in somatic tissue; in the germline, IMA-3 is seen in the common cytoplasm of the rachis and in association with the nuclear envelope of germline nuclei and the residual body of developing spermatids.","Armadillo; Armadillo-like helical; Armadillo-type fold; Atypical Arm repeat; Importin subunit alpha; Importin-alpha, importin-beta-binding domain",F32E10.4.1,ima-3-201,protein_coding,IV,-,2614,4,1542,1065,PIS,3'UTR,2129,2156,583,610,28,CCCAGTCCCTCCAATCCCCACGGTCCCC,3;3;2;4;1;4,3;1;3;1;3,1068,0.93633
WBGene00002120,ins-37,ins-37 encodes an insulin-like peptide.,"Insulin-like; Nematode insulin-related peptide, beta type",F08G2.6.1,ins-37-201,protein_coding,II,-,955,446,495,11,PIS,5'UTR,361,375,361,375,15,CCCTCCCCCCCCCCC,3;11,1,446,2.242152
WBGene00002176,jip-1,"JIP-1 is partly similar to the human gene ISLET-BRAIN 1 (MAPK8IP1; OMIM:604641), which when mutated leads to type II diabetes.",PH domain-like; PTB/PI domain; SH3 domain,F56D12.4a.1,jip-1-202,protein_coding,II,+,3103,6,3003,91,PIS,CDS,845,869,839,863,25,CCCCCTCACCCAGTCCGCCCCGCCC,5;1;3;2;4;3,1;1;3;1;1,3003,0.333
WBGene00002176,jip-1,"JIP-1 is partly similar to the human gene ISLET-BRAIN 1 (MAPK8IP1; OMIM:604641), which when mutated leads to type II diabetes.",PH domain-like; PTB/PI domain; SH3 domain,F56D12.4d.1,jip-1-201,protein_coding,II,+,3100,12,2988,97,PIS,CDS,851,875,839,863,25,CCCCCTCACCCAGTCCGCCCCGCCC,5;1;3;2;4;3,1;1;3;1;1,2988,0.334672
WBGene00002181,kal-1,"kal-1 encodes a cell surface protein that contains a WAP-type protease inhibitor domain and Type III fibronectin domains and is the C. elegans ortholog of human KAL-1, mutated in the X-linked form of the neurological disorder Kallmann syndrome; in C. elegans, both kal-1 loss-of-function mutations and kal-1 overexpression result in similar phenotypes that indicate KAL-1 activity is required for epithelial morphogenesis and axon branching; kal-1 transcriptional reporters reveal expression beginning in the 50-cell stage embryo in 2-3 cells with later embryonic expression in at least 8-10 AB-derived ventral neuroblasts that are a substrate for migrating epidermal cells during ventral enclosure; later expression in larvae and adults is restricted to anterior neurons, including AIY, AIZ, RID, M5, ASI, and labial sensory neurons, ventral nerve cord motorneurons, midbody neurons HSN, CAN, and PVM, tail neurons DVB, DVC, and PDB, and the nonneuronal excretory cell as well as in uterine muscles; in the AIY interneurons, kal-1 is part of a gene battery whose expression is under the control of the CEH-10 and TTX-3 Paired and LIM-type homeodomains, respectively.",Fibronectin type III; Immunoglobulin-like fold; WAP-type 'four-disulfide core' domain,K03D10.1.1,kal-1-201,protein_coding,I,-,2316,3,2100,210,PIS,CDS,1334,1366,1331,1363,33,CCCCCAACAGGCCCAACAGCCCCCAACCAGCCC,5;1;3;1;5;2;3,2;3;2;2;2;2,2100,0.47619
WBGene00002190,kin-2,"kin-2 encodes a predicted regulatory subunit of a cAMP-dependent protein kinase that may act downstream of, or in parallel to, ric-8.","Cyclic nucleotide-binding domain; Cyclic nucleotide-binding-like; RmlC-like jelly roll fold; cAMP-dependent protein kinase regulatory subunit; cAMP-dependent protein kinase regulatory subunit, dimerization-anchoring domain",R07E4.6a.1,kin-2-202,protein_coding,X,-,2163,14,1098,1048,PIS,3'UTR,1797,1814,685,702,18,CCCCCCCCCCCCCTACCC,13;3,2,1051,0.951475
WBGene00002190,kin-2,"kin-2 encodes a predicted regulatory subunit of a cAMP-dependent protein kinase that may act downstream of, or in parallel to, ric-8.","Cyclic nucleotide-binding domain; Cyclic nucleotide-binding-like; RmlC-like jelly roll fold; cAMP-dependent protein kinase regulatory subunit; cAMP-dependent protein kinase regulatory subunit, dimerization-anchoring domain",R07E4.6b.1,kin-2-201,protein_coding,X,-,2075,22,1002,1048,PIS,3'UTR,1709,1726,685,702,18,CCCCCCCCCCCCCTACCC,13;3,2,1051,0.951475
WBGene00002202,kin-19,"kin-19 encodes a serine/threonine kinase orthologous to Casein Kinase I (CKI); in the early embryo, kin-19 is a component of both the non-canonical Wnt signaling pathway that regulates endoderm formation in the early embryo as well as the Wnt spindle orientation pathway; during larval development, kin-19 functions in a non-canonical Wnt signaling pathway to control asymmetric division and fate specification in epidermal seam cells; kin-19 also functions with, or in parallel to, the heterochronic pathway to regulate loss of self-renewal and terminal differentiation of epidermal seam cells;  KIN-19 localizes to centrosomes, the cytoplasm, and the nucleus.",Protein kinase domain; Protein kinase-like domain,C03C10.1.1,kin-19-203,protein_coding,III,-,1896,83,1023,787,PIS,3'UTR,1693,1714,587,608,22,CCCTCCCATAACTTCCCCACCC,3;3;1;4;3,1;4;2;1,790,1.265823
WBGene00002202,kin-19,"kin-19 encodes a serine/threonine kinase orthologous to Casein Kinase I (CKI); in the early embryo, kin-19 is a component of both the non-canonical Wnt signaling pathway that regulates endoderm formation in the early embryo as well as the Wnt spindle orientation pathway; during larval development, kin-19 functions in a non-canonical Wnt signaling pathway to control asymmetric division and fate specification in epidermal seam cells; kin-19 also functions with, or in parallel to, the heterochronic pathway to regulate loss of self-renewal and terminal differentiation of epidermal seam cells;  KIN-19 localizes to centrosomes, the cytoplasm, and the nucleus.",Protein kinase domain; Protein kinase-like domain,C03C10.1.2,kin-19-202,protein_coding,III,-,1903,82,1023,795,PIS,3'UTR,1692,1713,587,608,22,CCCTCCCATAACTTCCCCACCC,3;3;1;4;3,1;4;2;1,798,1.253133
WBGene00002202,kin-19,"kin-19 encodes a serine/threonine kinase orthologous to Casein Kinase I (CKI); in the early embryo, kin-19 is a component of both the non-canonical Wnt signaling pathway that regulates endoderm formation in the early embryo as well as the Wnt spindle orientation pathway; during larval development, kin-19 functions in a non-canonical Wnt signaling pathway to control asymmetric division and fate specification in epidermal seam cells; kin-19 also functions with, or in parallel to, the heterochronic pathway to regulate loss of self-renewal and terminal differentiation of epidermal seam cells;  KIN-19 localizes to centrosomes, the cytoplasm, and the nucleus.",Protein kinase domain; Protein kinase-like domain,C03C10.1.3,kin-19-201,protein_coding,III,-,1842,20,1023,796,PIS,3'UTR,1630,1651,587,608,22,CCCTCCCATAACTTCCCCACCC,3;3;1;4;3,1;4;2;1,799,1.251564
WBGene00002203,kin-20,none available,Protein kinase domain; Protein kinase-like domain,F46F2.2a.1,kin-20-202,protein_coding,X,-,2729,97,1437,1192,PIS,3'UTR,2560,2586,1026,1052,27,CCCCTCAATCCCCCCTCGCCCCGTCCC,4;1;6;1;4;3,1;3;1;1;2,1195,0.83682
WBGene00002203,kin-20,none available,Protein kinase domain; Protein kinase-like domain,F46F2.2b.1,kin-20-204,protein_coding,X,-,1993,5,945,1040,PIS,3'UTR,1833,1859,883,909,27,CCCCTCAATCCCCCCTCGCCCCGTCCC,4;1;6;1;4;3,1;3;1;1;2,1043,0.958773
WBGene00002203,kin-20,none available,Protein kinase domain; Protein kinase-like domain,F46F2.2c.1,kin-20-203,protein_coding,X,-,2582,47,1491,1041,PIS,3'UTR,2421,2447,883,909,27,CCCCTCAATCCCCCCTCGCCCCGTCCC,4;1;6;1;4;3,1;3;1;1;2,1044,0.957854
WBGene00002203,kin-20,none available,Protein kinase domain; Protein kinase-like domain,F46F2.2d.1,kin-20-201,protein_coding,X,-,2726,47,1440,1236,PIS,3'UTR,2551,2577,1064,1090,27,CCCCTCAATCCCCCCTCGCCCCGTCCC,4;1;6;1;4;3,1;3;1;1;2,1239,0.807103
WBGene00002203,kin-20,none available,Protein kinase domain; Protein kinase-like domain,F46F2.2e.1,kin-20-205,protein_coding,X,-,2066,0,891,1172,PIS,3'UTR,1917,1943,1026,1052,27,CCCCTCAATCCCCCCTCGCCCCGTCCC,4;1;6;1;4;3,1;3;1;1;2,1175,0.851064
WBGene00002203,kin-20,none available,Protein kinase domain; Protein kinase-like domain,F46F2.2f.1,kin-20-206,protein_coding,X,-,2097,0,894,1200,PIS,3'UTR,1958,1984,1064,1090,27,CCCCTCAATCCCCCCTCGCCCCGTCCC,4;1;6;1;4;3,1;3;1;1;2,1203,0.831255
WBGene00002203,kin-20,none available,Protein kinase domain; Protein kinase-like domain,F46F2.2f.2,kin-20-207,protein_coding,X,-,2377,0,894,1480,PIS,3'UTR,2292,2318,1398,1424,27,CCCCTCAATCCCCCCTCGCCCCGTCCC,4;1;6;1;4;3,1;3;1;1;2,1483,0.674309
WBGene00002217,klp-4,"klp-4 encodes a kinesin-like motor protein paralogous to UNC-104 and KLP-6 and orthologous to Drosophila KHC-73 and the vertebrate KIF1A, KIF13B, and GAKIN motor proteins; as loss of KLP-4 function via RNA-mediated interference (RNAi) does not result in any abnormalities, the precise role of KLP-4 in C. elegans development and/or behavior is not yet known; based on sequence similarity, however, KLP-4 is predicted to play a role in neuronal development or function; a klp-4::gfp transcriptional reporter fusion is expressed in larvae and adults in the pharynx, intestine, and nervous system, including head and tail neurons, the nerve ring, and ventral nerve cord.",Forkhead-associated (FHA) domain; Kinesin motor domain; Kinesin-associated; Kinesin-like; Kinesin-like KIF1-type; P-loop containing nucleoside triphosphate hydrolase; SMAD/FHA domain,F56E3.3a.1,klp-4-202,protein_coding,X,-,4993,33,4683,274,PIS,CDS,2029,2054,1996,2021,26,CCCCCATTCCCTTTCCCAGCAAACCC,5;3;3;1;3,3;3;2;3,4683,0.213538
WBGene00002217,klp-4,"klp-4 encodes a kinesin-like motor protein paralogous to UNC-104 and KLP-6 and orthologous to Drosophila KHC-73 and the vertebrate KIF1A, KIF13B, and GAKIN motor proteins; as loss of KLP-4 function via RNA-mediated interference (RNAi) does not result in any abnormalities, the precise role of KLP-4 in C. elegans development and/or behavior is not yet known; based on sequence similarity, however, KLP-4 is predicted to play a role in neuronal development or function; a klp-4::gfp transcriptional reporter fusion is expressed in larvae and adults in the pharynx, intestine, and nervous system, including head and tail neurons, the nerve ring, and ventral nerve cord.",Forkhead-associated (FHA) domain; Kinesin motor domain; Kinesin-associated; Kinesin-like; Kinesin-like KIF1-type; P-loop containing nucleoside triphosphate hydrolase; SMAD/FHA domain,F56E3.3b.1,klp-4-201,protein_coding,X,-,5052,39,4728,282,PIS,CDS,2035,2060,1996,2021,26,CCCCCATTCCCTTTCCCAGCAAACCC,5;3;3;1;3,3;3;2;3,4728,0.211506
WBGene00002244,laf-1,"laf-1 encodes a DEAD-box RNA helicase; laf-1 is required for embryonic development and sex determination; laf-1 was identified in screens for dominant suppressors of the sterility produced by gain-of-function fem-3 mutations; when homozygous, laf-1 mutations result in embryonic and larval lethality and when heterozygous, feminization of XX and XO animals; reporter gene analyses indicate that wild-type laf-1 activity is required for proper translational repression of tra-2 mRNA via its 3'UTR; when expressed in embryos, LAF-1 localizes predominantly to the cytoplasm with additional localization seen in P granules.","DEAD/DEAH box helicase domain; Helicase superfamily 1/2, ATP-binding domain; Helicase, C-terminal; P-loop containing nucleoside triphosphate hydrolase",Y71H2AM.19.1,laf-1-201,protein_coding,III,-,3657,35,2124,1495,PIS,3'UTR,2868,2892,709,733,25,CCCATACCCCCACCCCCCCCCCCCC,3;5;13,3;1,1498,0.667557
WBGene00002264,lec-1,lec-1 encodes a tandem repeat-type galectin in which each galectin domain is homologous to typical vertebrate 14-kDa-type galectins; the two sugar binding sites have distinct sugar binding properties in vitro and lec-1 is expressed most abundantly in the adult cuticle.,"Concanavalin A-like lectin/glucanase domain; Galectin, carbohydrate recognition domain",W09H1.6a.1,lec-1-201,protein_coding,II,+,1105,30,837,235,PIS,3'UTR,967,990,100,123,24,CCCCTCTCCCCCCCCCCCCCCCCC,4;1;17,1;1,238,4.201681
WBGene00002264,lec-1,lec-1 encodes a tandem repeat-type galectin in which each galectin domain is homologous to typical vertebrate 14-kDa-type galectins; the two sugar binding sites have distinct sugar binding properties in vitro and lec-1 is expressed most abundantly in the adult cuticle.,"Concanavalin A-like lectin/glucanase domain; Galectin, carbohydrate recognition domain",W09H1.6b.1,lec-1-202,protein_coding,II,+,1256,163,855,235,PIS,3'UTR,1118,1141,100,123,24,CCCCTCTCCCCCCCCCCCCCCCCC,4;1;17,1;1,238,4.201681
WBGene00002915,let-805,"let-805 encodes myotactin, a novel single-transmembrane protein containing extracellular fibronectin repeats; genetic analyses indicate that LET-805 is essential for proper association between hypodermal fibrous organelles and the contractile apparatus of muscle cells; LET-805 is expressed in hypodermal cells and in the pharynx and localizes to basolateral membranes.",Fibronectin type III; Immunoglobulin-like fold,H19M22.2a.1,let-805-201,protein_coding,III,+,13244,13,12840,388,PIS,CDS,3017,3038,3004,3025,22,CCCCCAACCCACACCCCATCCC,5;3;1;4;3,2;1;1;2,12840,0.077882
WBGene00002915,let-805,"let-805 encodes myotactin, a novel single-transmembrane protein containing extracellular fibronectin repeats; genetic analyses indicate that LET-805 is essential for proper association between hypodermal fibrous organelles and the contractile apparatus of muscle cells; LET-805 is expressed in hypodermal cells and in the pharynx and localizes to basolateral membranes.",Fibronectin type III; Immunoglobulin-like fold,H19M22.2a.1,let-805-201,protein_coding,III,+,13244,13,12840,388,PIS,3'UTR,12989,13009,136,156,21,CCCGCCTCCCCCCACCCGCCC,3;2;6;3;3,1;1;1;1,391,2.557545
WBGene00002915,let-805,"let-805 encodes myotactin, a novel single-transmembrane protein containing extracellular fibronectin repeats; genetic analyses indicate that LET-805 is essential for proper association between hypodermal fibrous organelles and the contractile apparatus of muscle cells; LET-805 is expressed in hypodermal cells and in the pharynx and localizes to basolateral membranes.",Fibronectin type III; Immunoglobulin-like fold,H19M22.2b.1,let-805-202,protein_coding,III,+,13755,13,13350,389,PIS,CDS,3017,3038,3004,3025,22,CCCCCAACCCACACCCCATCCC,5;3;1;4;3,2;1;1;2,13350,0.074906
WBGene00002915,let-805,"let-805 encodes myotactin, a novel single-transmembrane protein containing extracellular fibronectin repeats; genetic analyses indicate that LET-805 is essential for proper association between hypodermal fibrous organelles and the contractile apparatus of muscle cells; LET-805 is expressed in hypodermal cells and in the pharynx and localizes to basolateral membranes.",Fibronectin type III; Immunoglobulin-like fold,H19M22.2b.1,let-805-202,protein_coding,III,+,13755,13,13350,389,PIS,3'UTR,13499,13519,136,156,21,CCCGCCTCCCCCCACCCGCCC,3;2;6;3;3,1;1;1;1,392,2.55102
WBGene00003043,lip-1,"lip-1 encodes a mitogen-activated protein (MAP) kinase phosphatase homologous to the vertebrate dual specificity phosphatase MKP-3; during development, LIP-1 negatively regulates MAP kinase activity to control the extent of germline proliferation and oocyte meiotic cell cycle progression; lip-1 activity is also required redundantly with dep-1 to negatively regulate MAPK signaling during vulval induction; in addition, lip-1 is required for normal embryonic development; lip-1 expression begins during embryogenesis and continues through adulthood; expression is seen in most somatic cells and in germ cells of the pachytene region, transition zone and proximal-most region of the mitotic zone; in the pachytene region, LIP-1 is associated with the plasma membrane; in early L3 larvae, LIP-1 expression increases in secondary vulval precursor cells in a lin-12/Notch-dependent manner, suggesting that lip-1 may be a direct downstream target of lin-12-mediated signaling; interaction with the Notch pathway is further demonstrated by chromatin immunoprecipitation experiments showing that, in the germline, the lip-1 promoter region coprecipitates with LAG-3; germline lip-1 mRNA accumulation is negatively regulated by the FBF proteins (FBF-1 and FBF-2) that bind to the lip-1 3'UTR.","Atypical dual specificity phosphatase; Dual specificity phosphatase; Dual specificity phosphatase, catalytic domain; Dual specificity protein phosphatase domain; Mitogen-activated protein (MAP) kinase phosphatase; Protein-tyrosine phosphatase-like; Rhodanese-like domain",C05B10.1b.1,lip-1-201,protein_coding,IV,+,2011,6,1143,859,PIS,3'UTR,1795,1811,646,662,17,CCCCCCCCCCCCCCCCC,17,,862,1.160093
WBGene00003048,lit-1,"lit-1 encodes a serine threonine protein kinase homolog related to the Drosophila protein Nemo; lit-1 is required for embryonic viability and plays a central role in controlling the asymmetry of cell divisions during embryogenesis; lit-1 acts downstream of mom-2 with respect to polarity defects and mediates larval cell fate decisions that involve POP-1; lit-1 is also required for amphid channel morphogenesis and thus, also for normal morphology of the outer labial sensilla; specifically, lit-1 is required in sheath glia for positively regulating amphid sensory compartment expansion; lit-1 is expressed in most embryonic and larval cells, including the amphid sheath glia.",Protein kinase domain; Protein kinase-like domain,W06F12.1a.1,lit-1-204,protein_coding,III,+,2846,0,1902,941,PIS,3'UTR,2607,2628,705,726,22,CCCTCCCCCACCCCCAACACCC,3;5;5;1;3,1;1;2;1,944,1.059322
WBGene00003048,lit-1,"lit-1 encodes a serine threonine protein kinase homolog related to the Drosophila protein Nemo; lit-1 is required for embryonic viability and plays a central role in controlling the asymmetry of cell divisions during embryogenesis; lit-1 acts downstream of mom-2 with respect to polarity defects and mediates larval cell fate decisions that involve POP-1; lit-1 is also required for amphid channel morphogenesis and thus, also for normal morphology of the outer labial sensilla; specifically, lit-1 is required in sheath glia for positively regulating amphid sensory compartment expansion; lit-1 is expressed in most embryonic and larval cells, including the amphid sheath glia.",Protein kinase domain; Protein kinase-like domain,W06F12.1b.1,lit-1-205,protein_coding,III,+,2374,47,1386,938,PIS,3'UTR,2138,2159,705,726,22,CCCTCCCCCACCCCCAACACCC,3;5;5;1;3,1;1;2;1,941,1.062699
WBGene00003048,lit-1,"lit-1 encodes a serine threonine protein kinase homolog related to the Drosophila protein Nemo; lit-1 is required for embryonic viability and plays a central role in controlling the asymmetry of cell divisions during embryogenesis; lit-1 acts downstream of mom-2 with respect to polarity defects and mediates larval cell fate decisions that involve POP-1; lit-1 is also required for amphid channel morphogenesis and thus, also for normal morphology of the outer labial sensilla; specifically, lit-1 is required in sheath glia for positively regulating amphid sensory compartment expansion; lit-1 is expressed in most embryonic and larval cells, including the amphid sheath glia.",Protein kinase domain; Protein kinase-like domain,W06F12.1c.1,lit-1-207,protein_coding,III,+,2520,268,1311,938,PIS,3'UTR,2284,2305,705,726,22,CCCTCCCCCACCCCCAACACCC,3;5;5;1;3,1;1;2;1,941,1.062699
WBGene00003048,lit-1,"lit-1 encodes a serine threonine protein kinase homolog related to the Drosophila protein Nemo; lit-1 is required for embryonic viability and plays a central role in controlling the asymmetry of cell divisions during embryogenesis; lit-1 acts downstream of mom-2 with respect to polarity defects and mediates larval cell fate decisions that involve POP-1; lit-1 is also required for amphid channel morphogenesis and thus, also for normal morphology of the outer labial sensilla; specifically, lit-1 is required in sheath glia for positively regulating amphid sensory compartment expansion; lit-1 is expressed in most embryonic and larval cells, including the amphid sheath glia.",Protein kinase domain; Protein kinase-like domain,W06F12.1d.1,lit-1-202,protein_coding,III,+,2868,124,1803,938,PIS,3'UTR,2632,2653,705,726,22,CCCTCCCCCACCCCCAACACCC,3;5;5;1;3,1;1;2;1,941,1.062699
WBGene00003048,lit-1,"lit-1 encodes a serine threonine protein kinase homolog related to the Drosophila protein Nemo; lit-1 is required for embryonic viability and plays a central role in controlling the asymmetry of cell divisions during embryogenesis; lit-1 acts downstream of mom-2 with respect to polarity defects and mediates larval cell fate decisions that involve POP-1; lit-1 is also required for amphid channel morphogenesis and thus, also for normal morphology of the outer labial sensilla; specifically, lit-1 is required in sheath glia for positively regulating amphid sensory compartment expansion; lit-1 is expressed in most embryonic and larval cells, including the amphid sheath glia.",Protein kinase domain; Protein kinase-like domain,W06F12.1d.2,lit-1-201,protein_coding,III,+,2832,86,1803,940,PIS,3'UTR,2594,2615,705,726,22,CCCTCCCCCACCCCCAACACCC,3;5;5;1;3,1;1;2;1,943,1.060445
WBGene00003048,lit-1,"lit-1 encodes a serine threonine protein kinase homolog related to the Drosophila protein Nemo; lit-1 is required for embryonic viability and plays a central role in controlling the asymmetry of cell divisions during embryogenesis; lit-1 acts downstream of mom-2 with respect to polarity defects and mediates larval cell fate decisions that involve POP-1; lit-1 is also required for amphid channel morphogenesis and thus, also for normal morphology of the outer labial sensilla; specifically, lit-1 is required in sheath glia for positively regulating amphid sensory compartment expansion; lit-1 is expressed in most embryonic and larval cells, including the amphid sheath glia.",Protein kinase domain; Protein kinase-like domain,W06F12.1d.3,lit-1-203,protein_coding,III,+,2797,51,1803,940,PIS,3'UTR,2559,2580,705,726,22,CCCTCCCCCACCCCCAACACCC,3;5;5;1;3,1;1;2;1,943,1.060445
WBGene00003153,mca-3,"mca-3 encodes one of three C. elegans plasma membrane Ca2+ ATPases (PMCAs); by homology, MCA-3 is predicted to function as a molecular pump that couples ATP hydrolysis to extrusion of cytosolic Ca2+; mca-3 activity is required for coelomoycte endocytosis, normal coordinated locomotion, and embryonic and larval development; in regulating endocytosis, MCA-3 is required specifically in the early stages for recruitment of the endocytic machinery to the plasma membrane; an mca-3::gfp reporter is expressed from embryogenesis through adulthood and seen in body wall muscle, the nervous system, intestine, and coelomocytes; in coelomocytes, an MCA-3::GFP fusion protein localizes to the plasma membrane.","Cation-transporting P-type ATPase, C-terminal; Cation-transporting P-type ATPase, N-terminal; HAD-like domain; P-type ATPase; P-type ATPase,  transmembrane domain; P-type ATPase, A  domain; P-type ATPase, cytoplasmic domain N; P-type ATPase, subfamily IIB; Plasma membrane calcium transporting P-type ATPase, C-terminal",Y67D8C.10a.1,mca-3-202,protein_coding,IV,-,4405,219,3480,703,PIS,3'UTR,4174,4199,475,500,26,CCCCCCGTTGACCCCCTCCCCCCCCC,6;5;9,5;1,706,1.416431
WBGene00003153,mca-3,"mca-3 encodes one of three C. elegans plasma membrane Ca2+ ATPases (PMCAs); by homology, MCA-3 is predicted to function as a molecular pump that couples ATP hydrolysis to extrusion of cytosolic Ca2+; mca-3 activity is required for coelomoycte endocytosis, normal coordinated locomotion, and embryonic and larval development; in regulating endocytosis, MCA-3 is required specifically in the early stages for recruitment of the endocytic machinery to the plasma membrane; an mca-3::gfp reporter is expressed from embryogenesis through adulthood and seen in body wall muscle, the nervous system, intestine, and coelomocytes; in coelomocytes, an MCA-3::GFP fusion protein localizes to the plasma membrane.","Cation-transporting P-type ATPase, C-terminal; Cation-transporting P-type ATPase, N-terminal; HAD-like domain; P-type ATPase; P-type ATPase,  transmembrane domain; P-type ATPase, A  domain; P-type ATPase, cytoplasmic domain N; P-type ATPase, subfamily IIB; Plasma membrane calcium transporting P-type ATPase, C-terminal",Y67D8C.10c.1,mca-3-201,protein_coding,IV,-,4334,217,3411,703,PIS,3'UTR,4103,4128,475,500,26,CCCCCCGTTGACCCCCTCCCCCCCCC,6;5;9,5;1,706,1.416431
WBGene00003238,mig-1,"mig-1 encodes one of four C. elegans Frizzled-like receptors; mig-1 was initially identified in screens for animals with defective cell migrations, and its activity is required for proper migration of the QL neuroblast and the HSN neurons.",Frizzled domain; Frizzled protein; Frizzled/secreted frizzled-related protein,Y34D9B.1b.1,mig-1-202,protein_coding,I,-,1829,137,1587,102,PIS,5'UTR,32,48,32,48,17,CCCCCCCCCCCCCCCCC,17,,137,7.29927
WBGene00003567,ncx-2,"ncx-2 encodes, by alternative splicing, three full-length isoforms of a putative 3Na[+]/1Ca[2+] exchanger, orthologous to human SLC8A1-3 and paralogous to NCX-1 and NCX-3; NCX-2 is predicted to export free cytoplasmic Ca[2+] with low affinity but high capacity, being complemented by low-capacity/high-affinity Ca[2+] ATPase pumps such as MCA-1/-3; NCX-3 has tandem Calx-alpha and Calx-beta domains predicted to carry out ion transport and regulation; NCX-1 is required for normally rapid growth in mass RNAi assays.","Na-Ca exchanger/integrin-beta4; Sodium/calcium exchanger domain, C-terminal extension; Sodium/calcium exchanger membrane region; Sodium/calcium exchanger protein",C10G8.5a.1,ncx-2-202,protein_coding,V,+,3733,4,2925,801,PIS,3'UTR,3392,3413,463,484,22,CCCCCCCCCCCCCCCCCACCCC,17;4,1,804,1.243781
WBGene00003567,ncx-2,"ncx-2 encodes, by alternative splicing, three full-length isoforms of a putative 3Na[+]/1Ca[2+] exchanger, orthologous to human SLC8A1-3 and paralogous to NCX-1 and NCX-3; NCX-2 is predicted to export free cytoplasmic Ca[2+] with low affinity but high capacity, being complemented by low-capacity/high-affinity Ca[2+] ATPase pumps such as MCA-1/-3; NCX-3 has tandem Calx-alpha and Calx-beta domains predicted to carry out ion transport and regulation; NCX-1 is required for normally rapid growth in mass RNAi assays.","Na-Ca exchanger/integrin-beta4; Sodium/calcium exchanger domain, C-terminal extension; Sodium/calcium exchanger membrane region; Sodium/calcium exchanger protein",C10G8.5b.1,ncx-2-201,protein_coding,V,+,3557,4,2775,775,PIS,3'UTR,3242,3263,463,484,22,CCCCCCCCCCCCCCCCCACCCC,17;4,1,778,1.285347
WBGene00003709,nhr-119,none available,"Nuclear hormone receptor; Nuclear hormone receptor family 5; Nuclear hormone receptor, ligand-binding domain; Zinc finger, NHR/GATA-type; Zinc finger, nuclear hormone receptor-type",K12H6.1.1,nhr-119-201,protein_coding,II,-,3214,18,2124,1069,PIS,3'UTR,3135,3149,993,1007,15,CCCCCCCCCCCCCCC,15,,1072,0.932836
WBGene00003735,nhx-8,"nhx-8 encodes two isoforms of a sodium/proton exchanger expressed intracellularly within hypodermal seam cells, pharyngeal muscles, pharyngeal-intestinal and intestinal-rectal valve cells, and vulval cells; nhx-8 has no obvious phenotype in mass RNAi screens; NHX-8 is thought to prevent intracellular acidification by catalysing the electroneutral exchange of vesicular sodium for an intracellular proton.","Cation/H+ exchanger; Cation/H+ exchanger, CPA1 family; Na+/H+ exchanger; Na+/H+ exchanger, isoform 8",Y18D10A.6a.1,nhx-8-201,protein_coding,I,+,2822,128,2043,648,PIS,3'UTR,2598,2623,427,452,26,CCCCGCCCACTCTCTCCCGGGGCCCC,4;3;1;1;1;3;4,1;1;1;1;1;4,651,1.536098
WBGene00003735,nhx-8,"nhx-8 encodes two isoforms of a sodium/proton exchanger expressed intracellularly within hypodermal seam cells, pharyngeal muscles, pharyngeal-intestinal and intestinal-rectal valve cells, and vulval cells; nhx-8 has no obvious phenotype in mass RNAi screens; NHX-8 is thought to prevent intracellular acidification by catalysing the electroneutral exchange of vesicular sodium for an intracellular proton.","Cation/H+ exchanger; Cation/H+ exchanger, CPA1 family; Na+/H+ exchanger; Na+/H+ exchanger, isoform 8",Y18D10A.6b.1,nhx-8-202,protein_coding,I,+,2692,75,1965,649,PIS,3'UTR,2467,2492,427,452,26,CCCCGCCCACTCTCTCCCGGGGCCCC,4;3;1;1;1;3;4,1;1;1;1;1;4,652,1.533742
WBGene00003826,ntl-3,"ntl-3 is the ortholog of NOT3/NOT5, a member of a protein complex also predicted to contain ccf-1/Y56A3A.20 (CAF1/POP2); ntl-3 is required for embryonic viability in mass RNAi assays.","CCR4-Not complex component, Not N-terminal domain; NOT2/NOT3/NOT5",Y56A3A.1a.1,ntl-3-201,protein_coding,III,-,2567,4,2103,457,PIS,3'UTR,2384,2399,277,292,16,CCCCCCCCCCCCCCCC,16,,460,2.173913
WBGene00003905,pad-1,"The pad-1 gene encodes a highly conserved, but unfamiliar, protein that is required for embryonic development.","Armadillo-type fold; Dopey, N-terminal",Y18D10A.13.1,pad-1-201,protein_coding,I,+,7731,13,7251,464,PIS,3'UTR,7418,7437,154,173,20,CCCACCCTTTCCCCCTCCCC,3;3;5;4,1;3;1,467,2.141328
WBGene00003916,par-1,"par-1 encodes a serine-threonine kinase; maternally provided PAR-1 is essential for establishing early embryonic polarity; PAR-1 is present in the cytoplasm and in the cell cortex and asymmetrically localized to the posterior cortex of late one-cell stage embryos; PAR-1 is continuously asymmetrically localized to the P lineage (germline blastomeres) at each subsequent division, and evenly distributed to the Z2 and Z3 germline precursors before eventually fading at embryonic morphogenesis; PAR-1 kinase activity is required for the asymmetric distribution of MEX-5 in the early embryo via a phosphorylation/dephosphorylation cycle that regulates MEX-5's association with slow- or fast-diffusing RNA-containing complexes; PAR-1 can phosphorylate MEX-5 in vitro and in vivo.","KA1 domain/Ssp2, C-terminal; Kinase associated domain 1 (KA1); Protein kinase domain; Protein kinase-like domain; Serine/threonine-protein kinase MARK/par1",H39E23.1a.1,par-1-202,protein_coding,V,-,4347,0,3576,768,PIS,3'UTR,4193,4214,617,638,22,CCCTTCCCACCCCAGACTACCC,3;3;4;1;3,2;1;3;2,771,1.297017
WBGene00003916,par-1,"par-1 encodes a serine-threonine kinase; maternally provided PAR-1 is essential for establishing early embryonic polarity; PAR-1 is present in the cytoplasm and in the cell cortex and asymmetrically localized to the posterior cortex of late one-cell stage embryos; PAR-1 is continuously asymmetrically localized to the P lineage (germline blastomeres) at each subsequent division, and evenly distributed to the Z2 and Z3 germline precursors before eventually fading at embryonic morphogenesis; PAR-1 kinase activity is required for the asymmetric distribution of MEX-5 in the early embryo via a phosphorylation/dephosphorylation cycle that regulates MEX-5's association with slow- or fast-diffusing RNA-containing complexes; PAR-1 can phosphorylate MEX-5 in vitro and in vivo.","KA1 domain/Ssp2, C-terminal; Kinase associated domain 1 (KA1); Protein kinase domain; Protein kinase-like domain; Serine/threonine-protein kinase MARK/par1",H39E23.1b.1,par-1-203,protein_coding,V,-,4070,16,3288,763,PIS,3'UTR,3921,3942,617,638,22,CCCTTCCCACCCCAGACTACCC,3;3;4;1;3,2;1;3;2,766,1.305483
WBGene00003916,par-1,"par-1 encodes a serine-threonine kinase; maternally provided PAR-1 is essential for establishing early embryonic polarity; PAR-1 is present in the cytoplasm and in the cell cortex and asymmetrically localized to the posterior cortex of late one-cell stage embryos; PAR-1 is continuously asymmetrically localized to the P lineage (germline blastomeres) at each subsequent division, and evenly distributed to the Z2 and Z3 germline precursors before eventually fading at embryonic morphogenesis; PAR-1 kinase activity is required for the asymmetric distribution of MEX-5 in the early embryo via a phosphorylation/dephosphorylation cycle that regulates MEX-5's association with slow- or fast-diffusing RNA-containing complexes; PAR-1 can phosphorylate MEX-5 in vitro and in vivo.","KA1 domain/Ssp2, C-terminal; Kinase associated domain 1 (KA1); Protein kinase domain; Protein kinase-like domain; Serine/threonine-protein kinase MARK/par1",H39E23.1e.1,par-1-201,protein_coding,V,-,4673,0,2898,1772,PIS,3'UTR,4518,4539,1620,1641,22,CCCTTCCCACCCCAGACTACCC,3;3;4;1;3,2;1;3;2,1775,0.56338
WBGene00003916,par-1,"par-1 encodes a serine-threonine kinase; maternally provided PAR-1 is essential for establishing early embryonic polarity; PAR-1 is present in the cytoplasm and in the cell cortex and asymmetrically localized to the posterior cortex of late one-cell stage embryos; PAR-1 is continuously asymmetrically localized to the P lineage (germline blastomeres) at each subsequent division, and evenly distributed to the Z2 and Z3 germline precursors before eventually fading at embryonic morphogenesis; PAR-1 kinase activity is required for the asymmetric distribution of MEX-5 in the early embryo via a phosphorylation/dephosphorylation cycle that regulates MEX-5's association with slow- or fast-diffusing RNA-containing complexes; PAR-1 can phosphorylate MEX-5 in vitro and in vivo.","KA1 domain/Ssp2, C-terminal; Kinase associated domain 1 (KA1); Protein kinase domain; Protein kinase-like domain; Serine/threonine-protein kinase MARK/par1",H39E23.1e.2,par-1-205,protein_coding,V,-,4594,0,2898,1693,PIS,3'UTR,4449,4470,1551,1572,22,CCCTTCCCACCCCAGACTACCC,3;3;4;1;3,2;1;3;2,1696,0.589623
WBGene00003916,par-1,"par-1 encodes a serine-threonine kinase; maternally provided PAR-1 is essential for establishing early embryonic polarity; PAR-1 is present in the cytoplasm and in the cell cortex and asymmetrically localized to the posterior cortex of late one-cell stage embryos; PAR-1 is continuously asymmetrically localized to the P lineage (germline blastomeres) at each subsequent division, and evenly distributed to the Z2 and Z3 germline precursors before eventually fading at embryonic morphogenesis; PAR-1 kinase activity is required for the asymmetric distribution of MEX-5 in the early embryo via a phosphorylation/dephosphorylation cycle that regulates MEX-5's association with slow- or fast-diffusing RNA-containing complexes; PAR-1 can phosphorylate MEX-5 in vitro and in vivo.","KA1 domain/Ssp2, C-terminal; Kinase associated domain 1 (KA1); Protein kinase domain; Protein kinase-like domain; Serine/threonine-protein kinase MARK/par1",H39E23.1j.1,par-1-204,protein_coding,V,-,4366,0,3600,763,PIS,3'UTR,4217,4238,617,638,22,CCCTTCCCACCCCAGACTACCC,3;3;4;1;3,2;1;3;2,766,1.305483
WBGene00003916,par-1,"par-1 encodes a serine-threonine kinase; maternally provided PAR-1 is essential for establishing early embryonic polarity; PAR-1 is present in the cytoplasm and in the cell cortex and asymmetrically localized to the posterior cortex of late one-cell stage embryos; PAR-1 is continuously asymmetrically localized to the P lineage (germline blastomeres) at each subsequent division, and evenly distributed to the Z2 and Z3 germline precursors before eventually fading at embryonic morphogenesis; PAR-1 kinase activity is required for the asymmetric distribution of MEX-5 in the early embryo via a phosphorylation/dephosphorylation cycle that regulates MEX-5's association with slow- or fast-diffusing RNA-containing complexes; PAR-1 can phosphorylate MEX-5 in vitro and in vivo.","KA1 domain/Ssp2, C-terminal; Kinase associated domain 1 (KA1); Protein kinase domain; Protein kinase-like domain; Serine/threonine-protein kinase MARK/par1",H39E23.1m.1,par-1-206,protein_coding,V,-,5149,0,3387,1759,PIS,3'UTR,5007,5028,1620,1641,22,CCCTTCCCACCCCAGACTACCC,3;3;4;1;3,2;1;3;2,1762,0.567537
WBGene00003990,pfn-2,none available,Profilin,F35C8.6.1,pfn-2-201,protein_coding,X,-,774,18,393,360,PIS,3'UTR,682,705,271,294,24,CCCCACCCCCATCCCATTCATCCC,4;5;3;1;3,1;2;3;2,363,2.754821
WBGene00004088,ppk-2,"ppk-2 encodes a Type II phosphatidylinositol-4-phosphate kinase (PIP4K) that is one of three C. elegans PIP kinase homologs; PPK-2 is predicted to catalyze the phosphorylation of phosphatidylinositol-5-phosphate (PIP) on the 4-OH position to generate PI(4,5)P2; a deletion allele of ppk-2 is viable and does not affect PIP2 levels, suggesting that PPK-2 is not essential for PIP2 production.","Phosphatidylinositol-4-phosphate 5-kinase; Phosphatidylinositol-4-phosphate 5-kinase, C-terminal; Phosphatidylinositol-4-phosphate 5-kinase, N-terminal domain; Phosphatidylinositol-4-phosphate 5-kinase, core",Y48G9A.8.1,ppk-2-201,protein_coding,III,+,1560,22,1203,332,PIS,3'UTR,1251,1271,26,46,21,CCCCGCCCTGCCCCGCCCCCC,4;3;4;6,1;2;1,335,2.985075
WBGene00004128,pqn-41,"The protein product of this gene is predicted to contain a glutamine/asparagine (Q/N)-rich ('prion') domain, by the algorithm of Michelitsch and Weissman (as of the WS77 release of WormBase, i.e., in wormpep77).",,F53A3.4a.1,pqn-41-201,protein_coding,III,+,6293,9,6042,239,PIS,CDS,5393,5413,5384,5404,21,CCCAAGCCCAAGCCCAAGCCC,3;3;3;3,3;3;3,6042,0.165508
WBGene00004128,pqn-41,"The protein product of this gene is predicted to contain a glutamine/asparagine (Q/N)-rich ('prion') domain, by the algorithm of Michelitsch and Weissman (as of the WS77 release of WormBase, i.e., in wormpep77).",,F53A3.4b.1,pqn-41-203,protein_coding,III,+,6389,0,6147,239,PIS,CDS,5489,5509,5489,5509,21,CCCAAGCCCAAGCCCAAGCCC,3;3;3;3,3;3;3,6147,0.162681
WBGene00004128,pqn-41,"The protein product of this gene is predicted to contain a glutamine/asparagine (Q/N)-rich ('prion') domain, by the algorithm of Michelitsch and Weissman (as of the WS77 release of WormBase, i.e., in wormpep77).",,F53A3.4d.1,pqn-41-204,protein_coding,III,+,3523,2001,1281,238,PIS,CDS,2624,2644,623,643,21,CCCAAGCCCAAGCCCAAGCCC,3;3;3;3,3;3;3,1281,0.78064
WBGene00004128,pqn-41,"The protein product of this gene is predicted to contain a glutamine/asparagine (Q/N)-rich ('prion') domain, by the algorithm of Michelitsch and Weissman (as of the WS77 release of WormBase, i.e., in wormpep77).",,F53A3.4d.2,pqn-41-205,protein_coding,III,+,3201,1677,1281,240,PIS,CDS,2300,2320,623,643,21,CCCAAGCCCAAGCCCAAGCCC,3;3;3;3,3;3;3,1281,0.78064
WBGene00004128,pqn-41,"The protein product of this gene is predicted to contain a glutamine/asparagine (Q/N)-rich ('prion') domain, by the algorithm of Michelitsch and Weissman (as of the WS77 release of WormBase, i.e., in wormpep77).",,F53A3.4d.3,pqn-41-206,protein_coding,III,+,3131,1622,1281,225,PIS,CDS,2245,2265,623,643,21,CCCAAGCCCAAGCCCAAGCCC,3;3;3;3,3;3;3,1281,0.78064
WBGene00004154,pqn-72,"The protein product of this gene is predicted to contain a glutamine/asparagine (Q/N)-rich ('prion') domain, by the algorithm of Michelitsch and Weissman (as of the WS77 release of WormBase, i.e., in wormpep77).",,W01B11.5b.1,pqn-72-204,protein_coding,I,-,1890,62,1677,148,PIS,CDS,535,556,473,494,22,CCCAGCCCTCCTCCCCGACCCC,3;3;2;4;4,2;1;1;2,1677,0.596303
WBGene00004154,pqn-72,"The protein product of this gene is predicted to contain a glutamine/asparagine (Q/N)-rich ('prion') domain, by the algorithm of Michelitsch and Weissman (as of the WS77 release of WormBase, i.e., in wormpep77).",,W01B11.5b.2,pqn-72-202,protein_coding,I,-,1900,49,1677,171,PIS,CDS,522,543,473,494,22,CCCAGCCCTCCTCCCCGACCCC,3;3;2;4;4,2;1;1;2,1677,0.596303
WBGene00004154,pqn-72,"The protein product of this gene is predicted to contain a glutamine/asparagine (Q/N)-rich ('prion') domain, by the algorithm of Michelitsch and Weissman (as of the WS77 release of WormBase, i.e., in wormpep77).",,W01B11.5b.3,pqn-72-201,protein_coding,I,-,1862,6,1677,176,PIS,CDS,479,500,473,494,22,CCCAGCCCTCCTCCCCGACCCC,3;3;2;4;4,2;1;1;2,1677,0.596303
WBGene00004154,pqn-72,"The protein product of this gene is predicted to contain a glutamine/asparagine (Q/N)-rich ('prion') domain, by the algorithm of Michelitsch and Weissman (as of the WS77 release of WormBase, i.e., in wormpep77).",,W01B11.5d.1,pqn-72-206,protein_coding,I,-,1683,0,1680,0,PIS,CDS,476,497,476,497,22,CCCAGCCCTCCTCCCCGACCCC,3;3;2;4;4,2;1;1;2,1680,0.595238
WBGene00004156,pqn-74,"pqn-74 encodes a protein with two chitin-binding peritrophin-A domains,separated by a glutamine/asparagine (Q/N)-rich ('prion') domain; likeCEJ-1 and CPG-2, PQN-74 might participate in eggshell synthesis andearly embryonic development, and PQN-74's peritrophin-A domains mightenable mechanical cross-linking of chitin.",Chitin binding domain,W02A2.3a.1,pqn-74-201,protein_coding,IV,-,1503,33,1191,276,PIS,CDS,551,575,518,542,25,CCCAATACCCATCATGCCCATGCCC,3;3;1;3;3,4;2;3;3,1191,0.839631
WBGene00004156,pqn-74,"pqn-74 encodes a protein with two chitin-binding peritrophin-A domains,separated by a glutamine/asparagine (Q/N)-rich ('prion') domain; likeCEJ-1 and CPG-2, PQN-74 might participate in eggshell synthesis andearly embryonic development, and PQN-74's peritrophin-A domains mightenable mechanical cross-linking of chitin.",Chitin binding domain,W02A2.3b.1,pqn-74-202,protein_coding,IV,-,1417,319,831,264,PIS,CDS,477,501,158,182,25,CCCAATACCCATCATGCCCATGCCC,3;3;1;3;3,4;2;3;3,831,1.203369
WBGene00004165,pqn-84,"The protein product of this gene is predicted to contain a glutamine/asparagine (Q/N)-rich ('prion') domain, by the algorithm of Michelitsch and Weissman (as of the WS77 release of WormBase, i.e., in wormpep77).","Concanavalin A-like lectin/glucanase domain; Galectin, carbohydrate recognition domain",Y41C4A.5.1,pqn-84-201,protein_coding,III,+,1243,21,1176,43,PIS,CDS,987,1013,966,992,27,CCCATACCCACCCGGATACCCGTACCC,3;3;3;3;3,3;1;5;3,1176,0.85034
WBGene00004206,pst-1,"pst-1 encodes the C. elegans ortholog of the vertebrate PAPST1 PAPS (3'-phosphoadenosine-5'-phosphosulfate) transporter and Drosophila Slalom; pst-1 is required in vivo for heparan sulfation; pst-1 is an essential gene, required both maternally and zygotically for late embryonic and larval development; pst-1 is also required for a subset of neuronal and axonal migrations and for presynaptic development in motor, and possibly touch, neurons; in regulating these developmental processes, pst-1 can function cell non-autonomously; pst-1::gfp is first detected at the two-fold stage of embryogenesis in hypodermal cells; later, pst-1::gfp expression is seen in the seam cells, pharyngeal gland cells, additional anterior cells and possibly in the intestine; PST-1::GFP shows partial localization to the Golgi.",UAA transporter,M03F8.2c.1,pst-1-204,protein_coding,V,+,1715,0,1224,488,PIS,3'UTR,1338,1361,114,137,24,CCCGTCTCCCACTCCCACACACCC,3;1;3;1;3;1;1;3,2;1;1;1;1;1;1,491,2.03666
WBGene00004206,pst-1,"pst-1 encodes the C. elegans ortholog of the vertebrate PAPST1 PAPS (3'-phosphoadenosine-5'-phosphosulfate) transporter and Drosophila Slalom; pst-1 is required in vivo for heparan sulfation; pst-1 is an essential gene, required both maternally and zygotically for late embryonic and larval development; pst-1 is also required for a subset of neuronal and axonal migrations and for presynaptic development in motor, and possibly touch, neurons; in regulating these developmental processes, pst-1 can function cell non-autonomously; pst-1::gfp is first detected at the two-fold stage of embryogenesis in hypodermal cells; later, pst-1::gfp expression is seen in the seam cells, pharyngeal gland cells, additional anterior cells and possibly in the intestine; PST-1::GFP shows partial localization to the Golgi.",UAA transporter,M03F8.2d.1,pst-1-201,protein_coding,V,+,1694,22,1179,490,PIS,3'UTR,1315,1338,114,137,24,CCCGTCTCCCACTCCCACACACCC,3;1;3;1;3;1;1;3,2;1;1;1;1;1;1,493,2.028398
WBGene00004206,pst-1,"pst-1 encodes the C. elegans ortholog of the vertebrate PAPST1 PAPS (3'-phosphoadenosine-5'-phosphosulfate) transporter and Drosophila Slalom; pst-1 is required in vivo for heparan sulfation; pst-1 is an essential gene, required both maternally and zygotically for late embryonic and larval development; pst-1 is also required for a subset of neuronal and axonal migrations and for presynaptic development in motor, and possibly touch, neurons; in regulating these developmental processes, pst-1 can function cell non-autonomously; pst-1::gfp is first detected at the two-fold stage of embryogenesis in hypodermal cells; later, pst-1::gfp expression is seen in the seam cells, pharyngeal gland cells, additional anterior cells and possibly in the intestine; PST-1::GFP shows partial localization to the Golgi.",UAA transporter,M03F8.2e.1,pst-1-205,protein_coding,V,+,1531,778,369,381,PIS,3'UTR,1261,1284,114,137,24,CCCGTCTCCCACTCCCACACACCC,3;1;3;1;3;1;1;3,2;1;1;1;1;1;1,384,2.604167
WBGene00004274,rab-11.1,"rab-11.1 encodes a small GTPase homologous to the Rab GTPases that function in endocytosis, membrane fusion, and vesicular trafficking events; RAB-11.1 activity is required for completion of the final stages of cytokinesis during early embryogenesis and for efficient uptake of yolk proteins during oocyte development; RAB-11.1 is also required for normal peripheral localization of nuclei in the synctial germ cell in the ovary and for regulated secretion of CAV-1-containing cortical granules following fertilization; RAB-11.1 localizes to recycling endosomes and to cortical granules.",P-loop containing nucleoside triphosphate hydrolase; Small GTP-binding protein domain; Small GTPase superfamily,F53G12.1.1,rab-11.1-201,protein_coding,I,-,1232,13,633,583,PIS,3'UTR,859,883,213,237,25,CCCCACCCCTTCCCCCTCCCCCCCC,4;4;5;8,1;2;1,586,1.706485
WBGene00004284,rab-35,"rab-35 encodes a small, monomeric Rab GTPase that is most closely related to the human and Drosophila Rab35 GTPases; by homology, RAB-35 is predicted to function as a membrane-associated GTPase required for intracellular vesicular trafficking and for regulation of endo- and exocytosis; however, as loss of rab-35 function via RNA-mediated interference (RNAi) does not result in any obvious abnormalities, the precise role of RAB-35 in C. elegans development and/or behavior is not yet known.",P-loop containing nucleoside triphosphate hydrolase; Small GTPase superfamily,Y47D3A.25.1,rab-35-201,protein_coding,III,-,880,20,627,230,PIS,3'UTR,743,767,96,120,25,CCCCTCCCCTCTCCCCTGCCTTCCC,4;4;1;4;2;3,1;1;1;2;2,233,4.291845
WBGene00004308,rap-2,"rap-2 encodes a Ras-related GTPase that is most similar to the RAP2 members of the Ras GTPase superfamily; by homology, RAP-2 is predicted to function as a membrane-localized GTPase that likely plays a role in signal transduction; loss-of- and gain-of-functions of rap-2 causes synapse patterning defect in DA motor neurons.","P-loop containing nucleoside triphosphate hydrolase; Small GTP-binding protein domain; Small GTPase superfamily; Small GTPase superfamily, Ras type",C25D7.7.1,rap-2-201,protein_coding,V,-,971,15,543,410,PIS,3'UTR,575,598,17,40,24,CCCCCATCCCAAACATCCCATCCC,5;3;1;3;3,2;3;2;2,413,2.421308
WBGene00004310,ras-1,"ras-1 is orthologous to the human oncogene, Related Ras Viral Oncogene Homolog 2 (RRAS2).","P-loop containing nucleoside triphosphate hydrolase; Small GTP-binding protein domain; Small GTPase superfamily; Small GTPase superfamily, Ras type",C44C11.1a.1,ras-1-201,protein_coding,II,-,1157,93,636,425,PIS,3'UTR,1028,1052,299,323,25,CCCTACCCGTTGTGCCCGTTATCCC,3;3;3;3,2;6;5,428,2.336449
WBGene00004350,rgs-7,"rgs-7 encodes three isoforms of an atypical regulator of G protein signaling (RGS) protein that contains both a C2 and an RGS domain, and that binds EGL-30 via both domains, similar in organization to mammalian PDZ-RGS3; the RGS domain has GTPase activator protein (GAP) activity in vitro on mammalian G[alphai]3; RGS-7 thus may stably bind EGL-30 at all stages of EGL-30's GTPase cycle, might organize EGL-30 into a stable multiprotein signalling complex (with GTP[gamma]S), and might persistently inhibit EGL-30 when triggered by calcium or phospholipids; rgs-7 has no obvious function in mass RNAi assays","C2 domain; RGS domain; RGS, subdomain 1",F56B6.2f.1,rgs-7-208,protein_coding,X,+,1286,124,720,439,PIS,5'UTR,23,47,23,47,25,CCCATCTCCCCCCCCCTTTTCTCCC,3;1;9;1;3,2;1;4;1,124,8.064516
WBGene00004373,rme-1,"rme-1 encodes a conserved, EPS15 homology (EH) domain-containing protein; RME-1 is required for endocytosis, specifically for modulating endocytic transport through the endosomal recycling compartment (ERC); RME-1 is ubiquitously expressed and, in the polarized intestinal epithelium, is found on basolateral recycling endosomes.","Dynamin superfamily; EF-hand domain pair; EH domain; EH domain-containing protein, N-terminal; P-loop containing nucleoside triphosphate hydrolase",W06H8.1a.1,rme-1-203,protein_coding,V,+,2943,177,2358,405,PIS,3'UTR,2863,2887,328,352,25,CCCTCTCACCCGCACCCCACACCCC,3;1;1;3;1;4;1;4,1;1;1;1;1;1;1,408,2.45098
WBGene00004373,rme-1,"rme-1 encodes a conserved, EPS15 homology (EH) domain-containing protein; RME-1 is required for endocytosis, specifically for modulating endocytic transport through the endosomal recycling compartment (ERC); RME-1 is ubiquitously expressed and, in the polarized intestinal epithelium, is found on basolateral recycling endosomes.","Dynamin superfamily; EF-hand domain pair; EH domain; EH domain-containing protein, N-terminal; P-loop containing nucleoside triphosphate hydrolase",W06H8.1b.1,rme-1-204,protein_coding,V,+,2873,108,2373,389,PIS,3'UTR,2809,2833,328,352,25,CCCTCTCACCCGCACCCCACACCCC,3;1;1;3;1;4;1;4,1;1;1;1;1;1;1,392,2.55102
WBGene00004373,rme-1,"rme-1 encodes a conserved, EPS15 homology (EH) domain-containing protein; RME-1 is required for endocytosis, specifically for modulating endocytic transport through the endosomal recycling compartment (ERC); RME-1 is ubiquitously expressed and, in the polarized intestinal epithelium, is found on basolateral recycling endosomes.","Dynamin superfamily; EF-hand domain pair; EH domain; EH domain-containing protein, N-terminal; P-loop containing nucleoside triphosphate hydrolase",W06H8.1f.1,rme-1-212,protein_coding,V,+,2088,32,1665,388,PIS,3'UTR,2025,2049,328,352,25,CCCTCTCACCCGCACCCCACACCCC,3;1;1;3;1;4;1;4,1;1;1;1;1;1;1,391,2.557545
WBGene00004373,rme-1,"rme-1 encodes a conserved, EPS15 homology (EH) domain-containing protein; RME-1 is required for endocytosis, specifically for modulating endocytic transport through the endosomal recycling compartment (ERC); RME-1 is ubiquitously expressed and, in the polarized intestinal epithelium, is found on basolateral recycling endosomes.","Dynamin superfamily; EF-hand domain pair; EH domain; EH domain-containing protein, N-terminal; P-loop containing nucleoside triphosphate hydrolase",W06H8.1f.2,rme-1-205,protein_coding,V,+,2552,500,1665,384,PIS,3'UTR,2493,2517,328,352,25,CCCTCTCACCCGCACCCCACACCCC,3;1;1;3;1;4;1;4,1;1;1;1;1;1;1,387,2.583979
WBGene00004373,rme-1,"rme-1 encodes a conserved, EPS15 homology (EH) domain-containing protein; RME-1 is required for endocytosis, specifically for modulating endocytic transport through the endosomal recycling compartment (ERC); RME-1 is ubiquitously expressed and, in the polarized intestinal epithelium, is found on basolateral recycling endosomes.","Dynamin superfamily; EF-hand domain pair; EH domain; EH domain-containing protein, N-terminal; P-loop containing nucleoside triphosphate hydrolase",W06H8.1f.3,rme-1-209,protein_coding,V,+,2148,92,1665,388,PIS,3'UTR,2085,2109,328,352,25,CCCTCTCACCCGCACCCCACACCCC,3;1;1;3;1;4;1;4,1;1;1;1;1;1;1,391,2.557545
WBGene00004373,rme-1,"rme-1 encodes a conserved, EPS15 homology (EH) domain-containing protein; RME-1 is required for endocytosis, specifically for modulating endocytic transport through the endosomal recycling compartment (ERC); RME-1 is ubiquitously expressed and, in the polarized intestinal epithelium, is found on basolateral recycling endosomes.","Dynamin superfamily; EF-hand domain pair; EH domain; EH domain-containing protein, N-terminal; P-loop containing nucleoside triphosphate hydrolase",W06H8.1f.4,rme-1-210,protein_coding,V,+,2148,75,1665,405,PIS,3'UTR,2068,2092,328,352,25,CCCTCTCACCCGCACCCCACACCCC,3;1;1;3;1;4;1;4,1;1;1;1;1;1;1,408,2.45098
WBGene00004373,rme-1,"rme-1 encodes a conserved, EPS15 homology (EH) domain-containing protein; RME-1 is required for endocytosis, specifically for modulating endocytic transport through the endosomal recycling compartment (ERC); RME-1 is ubiquitously expressed and, in the polarized intestinal epithelium, is found on basolateral recycling endosomes.","Dynamin superfamily; EF-hand domain pair; EH domain; EH domain-containing protein, N-terminal; P-loop containing nucleoside triphosphate hydrolase",W06H8.1i.1,rme-1-211,protein_coding,V,+,2111,41,1680,387,PIS,3'UTR,2049,2073,328,352,25,CCCTCTCACCCGCACCCCACACCCC,3;1;1;3;1;4;1;4,1;1;1;1;1;1;1,390,2.564103
WBGene00004947,sos-1,"sos-1 encodes an ortholog of Son of sevenless, a guanine nucleotide exchange factor; sos-1 is required for viability, sex myoblast migration, vulval induction, and oogenesis; sos-1 acts genetically downstream of let-23 and upstream of let-60 with respect to vulval development; SOS-1 binds bovine calmodulin in vitro in a calcium-dependent manner.","Dbl homology (DH) domain; Histone-fold; PH domain-like; Pleckstrin homology domain; Ras guanine nucleotide exchange factor domain; Ras guanine-nucleotide exchange factors catalytic domain; Ras-like guanine nucleotide exchange factor, N-terminal",T28F12.3a.1,sos-1-201,protein_coding,V,-,5232,12,4479,738,PIS,3'UTR,4527,4544,36,53,18,CCCCCCCCCCCCCCCCCC,18,,741,1.349528
WBGene00004947,sos-1,"sos-1 encodes an ortholog of Son of sevenless, a guanine nucleotide exchange factor; sos-1 is required for viability, sex myoblast migration, vulval induction, and oogenesis; sos-1 acts genetically downstream of let-23 and upstream of let-60 with respect to vulval development; SOS-1 binds bovine calmodulin in vitro in a calcium-dependent manner.","Dbl homology (DH) domain; Histone-fold; PH domain-like; Pleckstrin homology domain; Ras guanine nucleotide exchange factor domain; Ras guanine-nucleotide exchange factors catalytic domain; Ras-like guanine nucleotide exchange factor, N-terminal",T28F12.3b.1,sos-1-202,protein_coding,V,-,5224,0,4479,742,PIS,3'UTR,4522,4539,43,60,18,CCCCCCCCCCCCCCCCCC,18,,745,1.342282
WBGene00005008,spr-3,none available,,C07A12.5a.1,spr-3-202,protein_coding,X,+,2506,9,2052,442,PIS,3'UTR,2226,2244,165,183,19,CCCTTCCCTTCCCATCCCC,3;3;3;4,2;2;2,445,2.247191
WBGene00005008,spr-3,none available,,C07A12.5b.1,spr-3-201,protein_coding,X,+,2503,15,2049,436,PIS,3'UTR,2229,2247,165,183,19,CCCTTCCCTTCCCATCCCC,3;3;3;4,2;2;2,439,2.277904
WBGene00006310,sul-3,"sul-3 is orthologous to the human gene ARYLSULFATASE B (ARSB; OMIM:253200), which when mutated leads to mucopolysaccharidosis type VI.","Alkaline phosphatase-like, alpha/beta/alpha; Alkaline-phosphatase-like, core domain; Sulfatase, N-terminal",C54D2.4.1,sul-3-201,protein_coding,X,-,1746,182,1452,109,PIS,5'UTR,79,104,79,104,26,CCCCCCACCCTTCACCCCATCCTCCC,6;3;1;4;2;3,1;2;1;2;1,182,5.494505
WBGene00006626,tsn-1,tsn-1 encodes the C. elegans ortholog of Tudor-SN (tudor staphylococcal nuclease); TSN-1 is a component of the RNA-induced silencing complex (RISC) and its activity is required for proper function of the let-7 miRNA in vivo; TSN-1 is found in both the nucleus and the cytosol.,"RNA-induced silencing complex, nuclease component Tudor-SN; Staphylococcal nuclease (SNase-like), OB-fold; Tudor domain",F10G7.2.1,tsn-1-201,protein_coding,II,+,3162,23,2742,394,PIS,3'UTR,2799,2818,34,53,20,CCCTGCCCTGCCCCTCCCCC,3;3;4;5,2;2;1,397,2.518892
WBGene00006626,tsn-1,tsn-1 encodes the C. elegans ortholog of Tudor-SN (tudor staphylococcal nuclease); TSN-1 is a component of the RNA-induced silencing complex (RISC) and its activity is required for proper function of the let-7 miRNA in vivo; TSN-1 is found in both the nucleus and the cytosol.,"RNA-induced silencing complex, nuclease component Tudor-SN; Staphylococcal nuclease (SNase-like), OB-fold; Tudor domain",F10G7.2.1,tsn-1-201,protein_coding,II,+,3162,23,2742,394,PIS,3'UTR,2996,3018,231,253,23,CCCCCCCCCCCCCCCCTTTTCCC,16;3,4,397,2.518892
WBGene00006751,unc-11,"unc-11 encodes multiple isoforms of a clathrin-adaptor protein AP180 (OMIM:603025) that functions in clathrin-mediated endocytosis; UNC-11 is essential for embryogenesis, locomotion, and pharyngeal pumping, and regulates neurotransmitter release by controlling vesicle trafficking and fusion; UNC-11 is also required for localization of SNB-1/synaptobrevin to synaptic vesicles, thus acting as a sorting protein as well as a clathrin-adaptor protein; UNC-11 is expressed at high levels in nearly all neurons, where it is enriched at presynaptic terminals, and is also expressed in coelomocytes, the uv1 secretory cells of the vulva, and the intestine.","AP180 N-terminal homology (ANTH) domain; ENTH  domain; ENTH/VHS; Phosphoinositide-binding clathrin adaptor, domain 2",C32E8.10a.1,unc-11-201,protein_coding,I,-,2603,33,1758,809,PIS,3'UTR,2429,2452,638,661,24,CCCCCTCCCCCCCCCGGCTCTCCC,5;9;1;1;3,1;2;1;1,812,1.231527
WBGene00006751,unc-11,"unc-11 encodes multiple isoforms of a clathrin-adaptor protein AP180 (OMIM:603025) that functions in clathrin-mediated endocytosis; UNC-11 is essential for embryogenesis, locomotion, and pharyngeal pumping, and regulates neurotransmitter release by controlling vesicle trafficking and fusion; UNC-11 is also required for localization of SNB-1/synaptobrevin to synaptic vesicles, thus acting as a sorting protein as well as a clathrin-adaptor protein; UNC-11 is expressed at high levels in nearly all neurons, where it is enriched at presynaptic terminals, and is also expressed in coelomocytes, the uv1 secretory cells of the vulva, and the intestine.","AP180 N-terminal homology (ANTH) domain; ENTH  domain; ENTH/VHS; Phosphoinositide-binding clathrin adaptor, domain 2",C32E8.10b.1,unc-11-202,protein_coding,I,-,2482,33,1638,808,PIS,3'UTR,2309,2332,638,661,24,CCCCCTCCCCCCCCCGGCTCTCCC,5;9;1;1;3,1;2;1;1,811,1.233046
WBGene00006751,unc-11,"unc-11 encodes multiple isoforms of a clathrin-adaptor protein AP180 (OMIM:603025) that functions in clathrin-mediated endocytosis; UNC-11 is essential for embryogenesis, locomotion, and pharyngeal pumping, and regulates neurotransmitter release by controlling vesicle trafficking and fusion; UNC-11 is also required for localization of SNB-1/synaptobrevin to synaptic vesicles, thus acting as a sorting protein as well as a clathrin-adaptor protein; UNC-11 is expressed at high levels in nearly all neurons, where it is enriched at presynaptic terminals, and is also expressed in coelomocytes, the uv1 secretory cells of the vulva, and the intestine.","AP180 N-terminal homology (ANTH) domain; ENTH  domain; ENTH/VHS; Phosphoinositide-binding clathrin adaptor, domain 2",C32E8.10c.1,unc-11-203,protein_coding,I,-,2764,33,1920,808,PIS,3'UTR,2591,2614,638,661,24,CCCCCTCCCCCCCCCGGCTCTCCC,5;9;1;1;3,1;2;1;1,811,1.233046
WBGene00006751,unc-11,"unc-11 encodes multiple isoforms of a clathrin-adaptor protein AP180 (OMIM:603025) that functions in clathrin-mediated endocytosis; UNC-11 is essential for embryogenesis, locomotion, and pharyngeal pumping, and regulates neurotransmitter release by controlling vesicle trafficking and fusion; UNC-11 is also required for localization of SNB-1/synaptobrevin to synaptic vesicles, thus acting as a sorting protein as well as a clathrin-adaptor protein; UNC-11 is expressed at high levels in nearly all neurons, where it is enriched at presynaptic terminals, and is also expressed in coelomocytes, the uv1 secretory cells of the vulva, and the intestine.","AP180 N-terminal homology (ANTH) domain; ENTH  domain; ENTH/VHS; Phosphoinositide-binding clathrin adaptor, domain 2",C32E8.10d.1,unc-11-205,protein_coding,I,-,2762,35,1926,798,PIS,3'UTR,2599,2622,638,661,24,CCCCCTCCCCCCCCCGGCTCTCCC,5;9;1;1;3,1;2;1;1,801,1.248439
WBGene00006751,unc-11,"unc-11 encodes multiple isoforms of a clathrin-adaptor protein AP180 (OMIM:603025) that functions in clathrin-mediated endocytosis; UNC-11 is essential for embryogenesis, locomotion, and pharyngeal pumping, and regulates neurotransmitter release by controlling vesicle trafficking and fusion; UNC-11 is also required for localization of SNB-1/synaptobrevin to synaptic vesicles, thus acting as a sorting protein as well as a clathrin-adaptor protein; UNC-11 is expressed at high levels in nearly all neurons, where it is enriched at presynaptic terminals, and is also expressed in coelomocytes, the uv1 secretory cells of the vulva, and the intestine.","AP180 N-terminal homology (ANTH) domain; ENTH  domain; ENTH/VHS; Phosphoinositide-binding clathrin adaptor, domain 2",C32E8.10e.1,unc-11-204,protein_coding,I,-,2610,35,1764,808,PIS,3'UTR,2437,2460,638,661,24,CCCCCTCCCCCCCCCGGCTCTCCC,5;9;1;1;3,1;2;1;1,811,1.233046
WBGene00006751,unc-11,"unc-11 encodes multiple isoforms of a clathrin-adaptor protein AP180 (OMIM:603025) that functions in clathrin-mediated endocytosis; UNC-11 is essential for embryogenesis, locomotion, and pharyngeal pumping, and regulates neurotransmitter release by controlling vesicle trafficking and fusion; UNC-11 is also required for localization of SNB-1/synaptobrevin to synaptic vesicles, thus acting as a sorting protein as well as a clathrin-adaptor protein; UNC-11 is expressed at high levels in nearly all neurons, where it is enriched at presynaptic terminals, and is also expressed in coelomocytes, the uv1 secretory cells of the vulva, and the intestine.","AP180 N-terminal homology (ANTH) domain; ENTH  domain; ENTH/VHS; Phosphoinositide-binding clathrin adaptor, domain 2",C32E8.10h.1,unc-11-206,protein_coding,I,-,2384,33,1644,704,PIS,3'UTR,2315,2338,638,661,24,CCCCCTCCCCCCCCCGGCTCTCCC,5;9;1;1;3,1;2;1;1,707,1.414427
WBGene00006788,unc-53,"unc-53 encodes at least five large (~1200-1600 residue) proteins, orthologous to human NAV1, NAV2/RAINB1 (OMIM:607026), and NAV3, and homologous to Drosophila CG10662; UNC-53 proteins are required for anteroposterior guidance of migrating cells, axons, and excretory cell canals; unc-53 mutations affect egg laying, backward locomotion, body size, and male mating; UNC-53 proteins vary in their N-terminal regions but share common C-terminal sequences with a AAA-ATPase domain; the UNC-53 N-terminus physically interacts with ABI-1, suggesting that UNC-53 may function as a scaffold to link the ARP2/3 complex to ABI-1; UNC-53 also interacts both physically and genetically with SEM-5; unc-53 is expressed in those cells requiring it, suggesting that its function is cell-autonomous; overexpression of unc-53 induces excess cellular outgrowth.",Calponin homology domain; P-loop containing nucleoside triphosphate hydrolase,F45E10.1a.1,unc-53-201,protein_coding,II,-,5078,41,4749,285,PIS,3'UTR,4862,4893,72,103,32,CCCCATTTTCCCCCTTTTCCCCCCAATTTCCC,4;5;6;3,5;4;5,288,3.472222
WBGene00006788,unc-53,"unc-53 encodes at least five large (~1200-1600 residue) proteins, orthologous to human NAV1, NAV2/RAINB1 (OMIM:607026), and NAV3, and homologous to Drosophila CG10662; UNC-53 proteins are required for anteroposterior guidance of migrating cells, axons, and excretory cell canals; unc-53 mutations affect egg laying, backward locomotion, body size, and male mating; UNC-53 proteins vary in their N-terminal regions but share common C-terminal sequences with a AAA-ATPase domain; the UNC-53 N-terminus physically interacts with ABI-1, suggesting that UNC-53 may function as a scaffold to link the ARP2/3 complex to ABI-1; UNC-53 also interacts both physically and genetically with SEM-5; unc-53 is expressed in those cells requiring it, suggesting that its function is cell-autonomous; overexpression of unc-53 induces excess cellular outgrowth.",Calponin homology domain; P-loop containing nucleoside triphosphate hydrolase,F45E10.1b.1,unc-53-203,protein_coding,II,-,4886,0,4647,236,PIS,3'UTR,4719,4750,72,103,32,CCCCATTTTCCCCCTTTTCCCCCCAATTTCCC,4;5;6;3,5;4;5,239,4.1841
WBGene00006788,unc-53,"unc-53 encodes at least five large (~1200-1600 residue) proteins, orthologous to human NAV1, NAV2/RAINB1 (OMIM:607026), and NAV3, and homologous to Drosophila CG10662; UNC-53 proteins are required for anteroposterior guidance of migrating cells, axons, and excretory cell canals; unc-53 mutations affect egg laying, backward locomotion, body size, and male mating; UNC-53 proteins vary in their N-terminal regions but share common C-terminal sequences with a AAA-ATPase domain; the UNC-53 N-terminus physically interacts with ABI-1, suggesting that UNC-53 may function as a scaffold to link the ARP2/3 complex to ABI-1; UNC-53 also interacts both physically and genetically with SEM-5; unc-53 is expressed in those cells requiring it, suggesting that its function is cell-autonomous; overexpression of unc-53 induces excess cellular outgrowth.",Calponin homology domain; P-loop containing nucleoside triphosphate hydrolase,F45E10.1c.1,unc-53-204,protein_coding,II,-,5200,0,4962,235,PIS,3'UTR,5034,5065,72,103,32,CCCCATTTTCCCCCTTTTCCCCCCAATTTCCC,4;5;6;3,5;4;5,238,4.201681
WBGene00006788,unc-53,"unc-53 encodes at least five large (~1200-1600 residue) proteins, orthologous to human NAV1, NAV2/RAINB1 (OMIM:607026), and NAV3, and homologous to Drosophila CG10662; UNC-53 proteins are required for anteroposterior guidance of migrating cells, axons, and excretory cell canals; unc-53 mutations affect egg laying, backward locomotion, body size, and male mating; UNC-53 proteins vary in their N-terminal regions but share common C-terminal sequences with a AAA-ATPase domain; the UNC-53 N-terminus physically interacts with ABI-1, suggesting that UNC-53 may function as a scaffold to link the ARP2/3 complex to ABI-1; UNC-53 also interacts both physically and genetically with SEM-5; unc-53 is expressed in those cells requiring it, suggesting that its function is cell-autonomous; overexpression of unc-53 induces excess cellular outgrowth.",Calponin homology domain; P-loop containing nucleoside triphosphate hydrolase,F45E10.1h.1,unc-53-202,protein_coding,II,-,4892,0,4626,263,PIS,3'UTR,4698,4729,72,103,32,CCCCATTTTCCCCCTTTTCCCCCCAATTTCCC,4;5;6;3,5;4;5,266,3.759398
WBGene00006796,unc-62,"unc-62 encodes a Meis-class homeodomain protein required for posterior embryonic morphogenesis, male tail morphogenesis, commissure formation by VD and DD motor neurons, vulval morphogenesis, and normal locomotion; UNC-62 is orthologous to Drosophila HOMOTHORAX; both maternal-effect unc-62 alleles and the zygotic lethal unc-62(s472) allele phenotypically resemble mutations of the caudal ortholog pal-1; RNAi of the Pbc-class ceh-20 and ceh-40 homeodomain genes strongly enhances the hypomorphic unc-62(e644) allele to give either a strong loss-of-function or null-like phenotype, while overexpression of ceh-20 enhances the lethality of some unc-62 alleles.","Homeobox KN domain; Homeobox domain; Homeobox domain-like; Homeobox protein PKNOX/Meis, N-terminal",T28F12.2b.1,unc-62-207,protein_coding,V,+,2606,466,1581,556,PIS,5'UTR,94,120,94,120,27,CCCCGCCCACATTCACCCCACCAACCC,4;3;1;1;4;2;3,1;1;3;1;1;2,466,2.145923
WBGene00006796,unc-62,"unc-62 encodes a Meis-class homeodomain protein required for posterior embryonic morphogenesis, male tail morphogenesis, commissure formation by VD and DD motor neurons, vulval morphogenesis, and normal locomotion; UNC-62 is orthologous to Drosophila HOMOTHORAX; both maternal-effect unc-62 alleles and the zygotic lethal unc-62(s472) allele phenotypically resemble mutations of the caudal ortholog pal-1; RNAi of the Pbc-class ceh-20 and ceh-40 homeodomain genes strongly enhances the hypomorphic unc-62(e644) allele to give either a strong loss-of-function or null-like phenotype, while overexpression of ceh-20 enhances the lethality of some unc-62 alleles.","Homeobox KN domain; Homeobox domain; Homeobox domain-like; Homeobox protein PKNOX/Meis, N-terminal",T28F12.2d.3,unc-62-206,protein_coding,V,+,2617,1723,333,558,PIS,5'UTR,97,123,97,123,27,CCCCGCCCACATTCACCCCACCAACCC,4;3;1;1;4;2;3,1;1;3;1;1;2,1723,0.580383
WBGene00006805,unc-73,"unc-73 encodes a guanine nucleotide exchange factor (GNEF) similar to the Trio protein; UNC-73 is required for vulval morphogenesis, for the migration of QL, QR, CAN, and hypodermal P cells, the commissure outgrowth of D type motoneurons, and amphid axon outgrowth; UNC-73 has GNEF activity for both CED-10 and MIG-2 in vitro; the requirement for UNC-73 in P cell migration can be suppressed by transgenic overexpression of rho-1; UNC-73 activates several small GTPases: RHO-1 in P cell migration, and both CED-10 and MIG-2 in vulval morphogenesis, P cell migration, and axon outgrowth.",CRAL-TRIO lipid binding domain; Dbl homology (DH) domain; Fibronectin type III; Immunoglobulin I-set; Immunoglobulin-like domain; Immunoglobulin-like fold; PH domain-like; Pleckstrin homology domain; SH3 domain,F55C7.7d.1,unc-73-207,protein_coding,I,-,2519,147,1656,713,PIS,3'UTR,2195,2222,392,419,28,CCCATTCTCCCTTTCTCCCACAGAGCCC,3;1;3;1;3;1;3,3;1;3;1;1;4,716,1.396648
WBGene00006805,unc-73,"unc-73 encodes a guanine nucleotide exchange factor (GNEF) similar to the Trio protein; UNC-73 is required for vulval morphogenesis, for the migration of QL, QR, CAN, and hypodermal P cells, the commissure outgrowth of D type motoneurons, and amphid axon outgrowth; UNC-73 has GNEF activity for both CED-10 and MIG-2 in vitro; the requirement for UNC-73 in P cell migration can be suppressed by transgenic overexpression of rho-1; UNC-73 activates several small GTPases: RHO-1 in P cell migration, and both CED-10 and MIG-2 in vulval morphogenesis, P cell migration, and axon outgrowth.",CRAL-TRIO lipid binding domain; Dbl homology (DH) domain; Fibronectin type III; Immunoglobulin I-set; Immunoglobulin-like domain; Immunoglobulin-like fold; PH domain-like; Pleckstrin homology domain; SH3 domain,F55C7.7e.1,unc-73-208,protein_coding,I,-,2622,7,1899,713,PIS,3'UTR,2298,2325,392,419,28,CCCATTCTCCCTTTCTCCCACAGAGCCC,3;1;3;1;3;1;3,3;1;3;1;1;4,716,1.396648
WBGene00006805,unc-73,"unc-73 encodes a guanine nucleotide exchange factor (GNEF) similar to the Trio protein; UNC-73 is required for vulval morphogenesis, for the migration of QL, QR, CAN, and hypodermal P cells, the commissure outgrowth of D type motoneurons, and amphid axon outgrowth; UNC-73 has GNEF activity for both CED-10 and MIG-2 in vitro; the requirement for UNC-73 in P cell migration can be suppressed by transgenic overexpression of rho-1; UNC-73 activates several small GTPases: RHO-1 in P cell migration, and both CED-10 and MIG-2 in vulval morphogenesis, P cell migration, and axon outgrowth.",CRAL-TRIO lipid binding domain; Dbl homology (DH) domain; Fibronectin type III; Immunoglobulin I-set; Immunoglobulin-like domain; Immunoglobulin-like fold; PH domain-like; Pleckstrin homology domain; SH3 domain,F55C7.7g.1,unc-73-209,protein_coding,I,-,3003,373,1914,713,PIS,3'UTR,2679,2706,392,419,28,CCCATTCTCCCTTTCTCCCACAGAGCCC,3;1;3;1;3;1;3,3;1;3;1;1;4,716,1.396648
WBGene00006805,unc-73,"unc-73 encodes a guanine nucleotide exchange factor (GNEF) similar to the Trio protein; UNC-73 is required for vulval morphogenesis, for the migration of QL, QR, CAN, and hypodermal P cells, the commissure outgrowth of D type motoneurons, and amphid axon outgrowth; UNC-73 has GNEF activity for both CED-10 and MIG-2 in vitro; the requirement for UNC-73 in P cell migration can be suppressed by transgenic overexpression of rho-1; UNC-73 activates several small GTPases: RHO-1 in P cell migration, and both CED-10 and MIG-2 in vulval morphogenesis, P cell migration, and axon outgrowth.",CRAL-TRIO lipid binding domain; Dbl homology (DH) domain; Fibronectin type III; Immunoglobulin I-set; Immunoglobulin-like domain; Immunoglobulin-like fold; PH domain-like; Pleckstrin homology domain; SH3 domain,F55C7.7i.1,unc-73-205,protein_coding,I,-,7361,0,6420,938,PIS,3'UTR,7031,7058,611,638,28,CCCATTCTCCCTTTCTCCCACAGAGCCC,3;1;3;1;3;1;3,3;1;3;1;1;4,941,1.062699
WBGene00006805,unc-73,"unc-73 encodes a guanine nucleotide exchange factor (GNEF) similar to the Trio protein; UNC-73 is required for vulval morphogenesis, for the migration of QL, QR, CAN, and hypodermal P cells, the commissure outgrowth of D type motoneurons, and amphid axon outgrowth; UNC-73 has GNEF activity for both CED-10 and MIG-2 in vitro; the requirement for UNC-73 in P cell migration can be suppressed by transgenic overexpression of rho-1; UNC-73 activates several small GTPases: RHO-1 in P cell migration, and both CED-10 and MIG-2 in vulval morphogenesis, P cell migration, and axon outgrowth.",CRAL-TRIO lipid binding domain; Dbl homology (DH) domain; Fibronectin type III; Immunoglobulin I-set; Immunoglobulin-like domain; Immunoglobulin-like fold; PH domain-like; Pleckstrin homology domain; SH3 domain,F55C7.7i.2,unc-73-206,protein_coding,I,-,7400,0,6420,977,PIS,3'UTR,7074,7101,654,681,28,CCCATTCTCCCTTTCTCCCACAGAGCCC,3;1;3;1;3;1;3,3;1;3;1;1;4,980,1.020408
WBGene00006820,unc-89,"unc-89 encodes several protein isoforms variably characterized by the presence or absence of SH3, DH, PH, immunoglobulin and myosin light chain kinase (MLCK)-like protein kinase domains; during development, unc-89 is required for proper organization of A bands in striated muscle and thus for fully normal locomotion, pharyngeal muscle contractions, and body size; unc-89 is expressed in body wall muscle, pharyngeal muscle and some cells in the tail; UNC-89 protein isoforms localize to the middle of A-bands, consistent with UNC-89 being an M line component; UNC-89 interacts with the SCPL-1 phosphatase both in vitro and in vivo.",Dbl homology (DH) domain; Fibronectin type III; Immunoglobulin I-set; Immunoglobulin V-set domain; Immunoglobulin subtype; Immunoglobulin subtype 2; Immunoglobulin-like domain; Immunoglobulin-like fold; PH domain-like; Pleckstrin homology domain; Protein kinase domain; Protein kinase-like domain; RCSD; SH3 domain,C09D1.1a.1,unc-89-201,protein_coding,I,+,20769,191,19896,679,PIS,3'UTR,20597,20622,510,535,26,CCCAAAACCCGTGCCCCACCAATCCC,3;3;4;2;3,4;3;1;3,682,1.466276
WBGene00006870,vab-3,"vab-3 encodes a homeodomain protein that is the C. elegans Pax-6 orthologue; during development, vab-3 activity is required for proper patterning of anterior (head) hypodermal cells; vab-3 effects head development, in part, through positively regulating transcription of ceh-32, a Six/sine oculis class homeobox gene coexpressed with vab-3 in head hypodermis; vab-3 is also required for epidermal morphogenesis, epidermal cell fates, gonad cell migration and the development of sensory structures in the male tail; multiple genetic pathways including the Wnt signalling pathway and the homeobox gene, egl-5, regulate the expression of vab-3.",Homeobox domain; Homeobox domain-like; Paired domain; Winged helix-turn-helix DNA-binding domain,F14F3.1a.1,vab-3-201,protein_coding,X,+,2598,302,1365,928,PIS,3'UTR,2132,2152,465,485,21,CCCCACGTCCCCCCCCCCCCC,4;1;13,1;2,931,1.074114
WBGene00006870,vab-3,"vab-3 encodes a homeodomain protein that is the C. elegans Pax-6 orthologue; during development, vab-3 activity is required for proper patterning of anterior (head) hypodermal cells; vab-3 effects head development, in part, through positively regulating transcription of ceh-32, a Six/sine oculis class homeobox gene coexpressed with vab-3 in head hypodermis; vab-3 is also required for epidermal morphogenesis, epidermal cell fates, gonad cell migration and the development of sensory structures in the male tail; multiple genetic pathways including the Wnt signalling pathway and the homeobox gene, egl-5, regulate the expression of vab-3.",Homeobox domain; Homeobox domain-like; Paired domain; Winged helix-turn-helix DNA-binding domain,F14F3.1a.2,vab-3-202,protein_coding,X,+,2389,92,1365,929,PIS,3'UTR,1922,1942,465,485,21,CCCCACGTCCCCCCCCCCCCC,4;1;13,1;2,932,1.072961
WBGene00006870,vab-3,"vab-3 encodes a homeodomain protein that is the C. elegans Pax-6 orthologue; during development, vab-3 activity is required for proper patterning of anterior (head) hypodermal cells; vab-3 effects head development, in part, through positively regulating transcription of ceh-32, a Six/sine oculis class homeobox gene coexpressed with vab-3 in head hypodermis; vab-3 is also required for epidermal morphogenesis, epidermal cell fates, gonad cell migration and the development of sensory structures in the male tail; multiple genetic pathways including the Wnt signalling pathway and the homeobox gene, egl-5, regulate the expression of vab-3.",Homeobox domain; Homeobox domain-like; Paired domain; Winged helix-turn-helix DNA-binding domain,F14F3.1c.1,vab-3-204,protein_coding,X,+,1824,5,888,928,PIS,3'UTR,1358,1378,465,485,21,CCCCACGTCCCCCCCCCCCCC,4;1;13,1;2,931,1.074114
WBGene00006896,ver-3,none available,"Immunoglobulin subtype; Immunoglobulin subtype 2; Immunoglobulin-like domain; Immunoglobulin-like fold; Protein kinase-like domain; Serine-threonine/tyrosine-protein kinase, catalytic domain; Tyrosine-protein kinase, catalytic domain",F59F3.1.1,ver-3-201,protein_coding,X,+,4223,54,3681,485,PIS,3'UTR,4083,4104,348,369,22,CCCATTCCCCTCCCTTCCCCCC,3;4;3;6,3;1;2,488,2.04918
WBGene00007169,B0393.4,none available,Maelstrom domain,B0393.4.1,B0393.4-201,protein_coding,III,-,2616,81,2409,123,PIS,CDS,418,438,337,357,21,CCCGTTCCCGAGCCCGTTCCC,3;3;3;3,3;3;3,2409,0.41511
WBGene00007169,B0393.4,none available,Maelstrom domain,B0393.4.1,B0393.4-201,protein_coding,III,-,2616,81,2409,123,PIS,CDS,442,461,361,380,20,CCCGTTCCCGAGCCCGTCCC,3;3;3;3,3;3;2,2409,0.41511
WBGene00007397,C07A4.2,none available,"CAP domain; Cysteine-rich  secretory protein, allergen V5/Tpx-1-related",C07A4.2.1,C07A4.2-201,protein_coding,X,+,1555,148,1251,153,PIS,5'UTR,81,102,81,102,22,CCCGCCCACCCCCGGGAGACCC,3;3;5;3,1;1;6,148,6.756757
WBGene00007602,C15C6.3,none available,,C15C6.3.1,C15C6.3-201,protein_coding,I,+,2585,2,2097,483,PIS,3'UTR,2460,2478,361,379,19,CCCCGAACCCCCCCTCCCC,4;7;4,3;1,486,2.057613
WBGene00007606,C15C8.4,none available,"Alpha-2-macroglobulin RAP, C-terminal; Alpha-2-macroglobulin receptor-associated protein, domain 1",C15C8.4.1,C15C8.4-201,protein_coding,V,-,1295,0,948,344,PIS,3'UTR,1236,1260,288,312,25,CCCTCCAGCACCCAACCCCGCCCCC,3;2;1;3;4;5,1;2;1;2;1,347,2.881844
WBGene00007966,maph-1.3,none available,,C36A4.5.1,maph-1.3-201,protein_coding,III,+,2919,0,2622,294,PIS,3'UTR,2697,2720,75,98,24,CCCCCCCCCCCCCCCCTCGTTCCC,16;1;3,1;3,297,3.367003
WBGene00008079,C44B9.2,none available,,C44B9.2.1,C44B9.2-201,protein_coding,III,+,1416,27,1158,228,PIS,3'UTR,1238,1263,53,78,26,CCCAAGTTCCCCCCCCCCCCCCCCCC,3;18,5,231,4.329004
WBGene00008187,C49A1.5,none available,Glycosyltransferase family 92,C49A1.5.1,C49A1.5-201,protein_coding,I,+,2501,1004,1488,6,PIS,5'UTR,783,816,783,816,34,CCCCAGTACCCCTACAGTACCCCTACAGTACCCC,4;4;1;4;1;4,4;2;4;2;4,1004,0.996016
WBGene00008894,F16H6.4,none available,"Peptidase C15, pyroglutamyl peptidase I-like; Putative pyroglutamyl peptidase PgaPase_1",F16H6.4b.1,F16H6.4-202,protein_coding,V,+,1643,0,1302,338,PIS,CDS,1275,1292,1275,1292,18,CCCATTCCCATCCCACCC,3;3;3;3,3;2;1,1302,0.768049
WBGene00008929,F18A11.2,none available,CRAL-TRIO lipid binding domain,F18A11.2.1,F18A11.2-204,protein_coding,II,+,1425,76,1164,182,PIS,CDS,819,841,743,765,23,CCCTCCCGATGGCACCCTTTCCC,3;3;1;3;3,1;5;1;3,1164,0.859107
WBGene00008929,F18A11.2,none available,CRAL-TRIO lipid binding domain,F18A11.2.2,F18A11.2-203,protein_coding,II,+,1426,76,1164,183,PIS,CDS,819,841,743,765,23,CCCTCCCGATGGCACCCTTTCCC,3;3;1;3;3,1;5;1;3,1164,0.859107
WBGene00008929,F18A11.2,none available,CRAL-TRIO lipid binding domain,F18A11.2.3,F18A11.2-201,protein_coding,II,+,1476,127,1164,182,PIS,CDS,870,892,743,765,23,CCCTCCCGATGGCACCCTTTCCC,3;3;1;3;3,1;5;1;3,1164,0.859107
WBGene00008929,F18A11.2,none available,CRAL-TRIO lipid binding domain,F18A11.2.4,F18A11.2-202,protein_coding,II,+,2504,1155,1164,182,PIS,CDS,1898,1920,743,765,23,CCCTCCCGATGGCACCCTTTCCC,3;3;1;3;3,1;5;1;3,1164,0.859107
WBGene00009065,F22G12.5,none available,"DHR-1 domain; Dedicator of cytokinesis; Dedicator of cytokinesis C/D, N-terminal; Dedicator of cytokinesis, C-terminal; PH domain-like; Pleckstrin homology domain",F22G12.5a.1,F22G12.5-202,protein_coding,I,+,7310,7,7008,292,PIS,CDS,2164,2188,2157,2181,25,CCCGTCCCTCTACCCACTGAATCCC,3;3;1;3;1;3,2;1;2;1;5,7008,0.142694
WBGene00009065,F22G12.5,none available,"DHR-1 domain; Dedicator of cytokinesis; Dedicator of cytokinesis C/D, N-terminal; Dedicator of cytokinesis, C-terminal; PH domain-like; Pleckstrin homology domain",F22G12.5c.1,F22G12.5-201,protein_coding,I,+,7315,7,7014,291,PIS,CDS,2170,2194,2163,2187,25,CCCGTCCCTCTACCCACTGAATCCC,3;3;1;3;1;3,2;1;2;1;5,7014,0.142572
WBGene00009126,pyk-1,"pyk-1 encodes one of two C. elegans pyruvate kinases; large-scale RNAi experiments indicate that pyk-1 is essential for embryonic development and specifically, for normal cortical activity in the AB blastomere; large-scale expression studies show that pyk-1 is expressed in body wall muscle in larvae and in body wall and vulval muscle, as well as in the reproductive system, in adults.","Pyruvate kinase; Pyruvate kinase, C-terminal; Pyruvate kinase, barrel; Pyruvate kinase-like, insert domain; Pyruvate/Phosphoenolpyruvate kinase-like domain",F25H5.3a.1,pyk-1-202,protein_coding,I,+,2092,31,1686,372,PIS,3'UTR,1807,1836,90,119,30,CCCATCCCCCTTTTGCACCCTTTTCTTCCC,3;5;1;3;1;3,2;5;1;4;2,375,2.666667
WBGene00009126,pyk-1,"pyk-1 encodes one of two C. elegans pyruvate kinases; large-scale RNAi experiments indicate that pyk-1 is essential for embryonic development and specifically, for normal cortical activity in the AB blastomere; large-scale expression studies show that pyk-1 is expressed in body wall muscle in larvae and in body wall and vulval muscle, as well as in the reproductive system, in adults.","Pyruvate kinase; Pyruvate kinase, C-terminal; Pyruvate kinase, barrel; Pyruvate kinase-like, insert domain; Pyruvate/Phosphoenolpyruvate kinase-like domain",F25H5.3c.1,pyk-1-204,protein_coding,I,+,2399,431,1593,372,PIS,3'UTR,2114,2143,90,119,30,CCCATCCCCCTTTTGCACCCTTTTCTTCCC,3;5;1;3;1;3,2;5;1;4;2,375,2.666667
WBGene00009126,pyk-1,"pyk-1 encodes one of two C. elegans pyruvate kinases; large-scale RNAi experiments indicate that pyk-1 is essential for embryonic development and specifically, for normal cortical activity in the AB blastomere; large-scale expression studies show that pyk-1 is expressed in body wall muscle in larvae and in body wall and vulval muscle, as well as in the reproductive system, in adults.","Pyruvate kinase; Pyruvate kinase, C-terminal; Pyruvate kinase, barrel; Pyruvate kinase-like, insert domain; Pyruvate/Phosphoenolpyruvate kinase-like domain",F25H5.3c.2,pyk-1-205,protein_coding,I,+,2036,71,1593,369,PIS,3'UTR,1754,1783,90,119,30,CCCATCCCCCTTTTGCACCCTTTTCTTCCC,3;5;1;3;1;3,2;5;1;4;2,372,2.688172
WBGene00009126,pyk-1,"pyk-1 encodes one of two C. elegans pyruvate kinases; large-scale RNAi experiments indicate that pyk-1 is essential for embryonic development and specifically, for normal cortical activity in the AB blastomere; large-scale expression studies show that pyk-1 is expressed in body wall muscle in larvae and in body wall and vulval muscle, as well as in the reproductive system, in adults.","Pyruvate kinase; Pyruvate kinase, C-terminal; Pyruvate kinase, barrel; Pyruvate kinase-like, insert domain; Pyruvate/Phosphoenolpyruvate kinase-like domain",F25H5.3d.1,pyk-1-201,protein_coding,I,+,2077,31,1674,369,PIS,3'UTR,1795,1824,90,119,30,CCCATCCCCCTTTTGCACCCTTTTCTTCCC,3;5;1;3;1;3,2;5;1;4;2,372,2.688172
WBGene00009314,phm-2,none available,RNA recognition motif domain; SAP domain,F32B4.4a.1,phm-2-201,protein_coding,I,+,3297,8,3219,67,PIS,3'UTR,3277,3297,50,70,21,CCCAACTTCCCCCCCCCCCCC,3;1;13,2;2,70,14.285714
WBGene00009314,phm-2,none available,RNA recognition motif domain; SAP domain,F32B4.4b.1,phm-2-204,protein_coding,I,+,2384,157,1989,235,PIS,3'UTR,2196,2229,50,83,34,CCCAACTTCCCCCCCCCCCCCCCCTGAAAATCCC,3;1;16;3,2;2;7,238,4.201681
WBGene00009314,phm-2,none available,RNA recognition motif domain; SAP domain,F32B4.4b.2,phm-2-202,protein_coding,I,+,2515,288,1989,235,PIS,3'UTR,2327,2360,50,83,34,CCCAACTTCCCCCCCCCCCCCCCCTGAAAATCCC,3;1;16;3,2;2;7,238,4.201681
WBGene00009314,phm-2,none available,RNA recognition motif domain; SAP domain,F32B4.4b.3,phm-2-203,protein_coding,I,+,2455,228,1989,235,PIS,3'UTR,2267,2300,50,83,34,CCCAACTTCCCCCCCCCCCCCCCCTGAAAATCCC,3;1;16;3,2;2;7,238,4.201681
WBGene00009542,copb-2,"F38E11.5 encodes a beta' (beta-prime) subunit of the coatomer (COPI) complex; in mass RNAi assays, F38E11.5 is required for fertility and general health.","Coatomer beta' subunit (COPB2); Coatomer, WD associated region; G-protein beta WD-40 repeat; WD40 repeat; WD40-repeat-containing domain; WD40/YVTN repeat-like-containing domain",F38E11.5.1,copb-2-201,protein_coding,IV,+,3722,6,3000,713,PIS,3'UTR,3087,3106,81,100,20,CCCCCCCCCCCCCCCCTCCC,16;3,1,716,1.396648
WBGene00009646,F42H11.1,none available,DUF236 repeat,F42H11.1.1,F42H11.1-201,protein_coding,I,+,1074,0,1071,0,PIS,CDS,241,258,241,258,18,CCCCCCCCCCCCCCCCCC,18,,1071,0.933707
WBGene00009863,F49B2.3,none available,,F49B2.3.1,F49B2.3-201,protein_coding,I,+,851,6,681,161,PIS,3'UTR,704,726,17,39,23,CCCCCCCCCCCCCCCCCCCCCCC,23,,164,6.097561
WBGene00010160,png-1,"png-1 encodes a peptide-N[4]-(N-acetyl-beta-D-glucosaminyl) asparagineamidase (i.e., peptide:N-glycanase or PNGase) orthologous to buddingyeast PNG1 and human NGLY1; PNG-1 is atypically organized, with anN-terminal thioredoxin-like domain, a central transglutaminase domain,and a C-terminal DUF750 domain, while lacking the PUB domain found inmammalian or insect PNGases; both in vitro and in vivo, PNG-1 shows bothprotein disulfide reductase and PNGase activities, which require itsN-terminal and central domains respectively; PNG-1 has PNGase activityon denatured but not natively folded RNAse B, and releases both highmannose- and sialo-complex-type N-glycans from glycopeptides anddenatured glycoproteins; in vivo, the png-1(cy8) mutation C251Y(predicted to destroy the PNGase active site) abolishes PNGase activitywhile leaving PNG-1's reductase activity intact; conversely, PNG-1'sreductase activity is abolished by the dual missense mutation C34S/C37S,which alters its predicted N-terminal active site; by orthology, PNG-1is expected to aid proteasomal degradation of misfolded proteins; PNG-1activity is inhibited by Zn(2+) and the caspase inhibitor z-VAD-fmk, butnot by EDTA; PNG-1 is expressed in renal gland cells and intestine;although W04G5.5 and Y50D4B.7 have some similarity to thetransglutaminase domain of PNG-1, they lack a predicted catalytic triadactive site.","Galactose-binding domain-like; Peptide N glycanase, PAW domain; Thioredoxin domain; Thioredoxin-like fold; Transglutaminase-like",F56G4.5.1,png-1-201,protein_coding,I,+,1919,7,1818,91,PIS,CDS,1317,1337,1310,1330,21,CCCCGCCCACCGGCCCCGCCC,4;3;2;4;3,1;1;2;1,1818,0.550055
WBGene00010244,F58D5.5,none available,,F58D5.5.1,F58D5.5-201,protein_coding,I,+,2817,123,477,2214,PIS,3'UTR,2430,2448,1830,1848,19,CCCCCTCACCCACCCACCC,5;1;3;3;3,1;1;1;1,2217,0.45106
WBGene00010337,serp-1.1,none available,Stress-associated endoplasmic reticulum protein,F59F4.2.1,serp-1.1-201,protein_coding,X,+,482,28,195,256,PIS,3'UTR,286,301,63,78,16,CCCCCCCCCCCCTCCC,12;3,1,259,3.861004
WBGene00010427,hpo-11,"hpo-11 is an ortholog of human NRBP2 (nuclear receptor binding protein 2) and NRBP1 (nuclear receptor binding protein 1); hpo-11 is involved in lipid storage and oviposition; hpo-11 is predicted to have protein kinase activity, based on protein domain information; hpo-11 is expressed in the pharynx, nervous system, reproductive system, seam cell, intestine, excretory gland cell, and the body wall musculature; hpo-11 expression is activated by DAF-16.","Protein kinase-like domain; Serine-threonine/tyrosine-protein kinase, catalytic domain",H37N21.1.1,hpo-11-201,protein_coding,I,-,3903,157,1947,1796,PIS,3'UTR,2138,2161,34,57,24,CCCTCCATCCCTCCCCACATCCCC,3;2;3;4;1;4,1;2;1;1;2,1799,0.555864
WBGene00010519,K03A11.1,none available,,K03A11.1.1,K03A11.1-201,protein_coding,X,+,2608,91,2205,309,PIS,3'UTR,2345,2367,49,71,23,CCCACCCCCGGCAACCCTTCCCC,3;5;1;3;4,1;2;2;2,312,3.205128
WBGene00010570,K04G11.1,none available,,K04G11.1.1,K04G11.1-201,protein_coding,X,+,342,0,339,0,PIS,CDS,230,244,230,244,15,CCCCCCCCCCCCCCC,15,,339,2.949853
WBGene00010770,K11D2.4,none available,Zinc finger C2H2-type,K11D2.4a.1,K11D2.4-201,protein_coding,I,+,2236,90,1374,769,PIS,3'UTR,1806,1825,342,361,20,CCCACCCCGCCCGCCCGCCC,3;4;3;3;3,1;1;1;1,772,1.295337
WBGene00010770,K11D2.4,none available,Zinc finger C2H2-type,K11D2.4a.1,K11D2.4-201,protein_coding,I,+,2236,90,1374,769,PIS,3'UTR,1967,1989,503,525,23,CCCCGCCCATCCCGTCTCCGCCC,4;3;3;1;2;3,1;2;2;1;1,772,1.295337
WBGene00010770,K11D2.4,none available,Zinc finger C2H2-type,K11D2.4a.1,K11D2.4-201,protein_coding,I,+,2236,90,1374,769,PIS,3'UTR,2140,2160,676,696,21,CCCCGCCCCCACAACCCACCC,4;5;1;3;3,1;1;2;1,772,1.295337
WBGene00010770,K11D2.4,none available,Zinc finger C2H2-type,K11D2.4a.2,K11D2.4-202,protein_coding,I,+,2157,11,1374,769,PIS,3'UTR,1727,1746,342,361,20,CCCACCCCGCCCGCCCGCCC,3;4;3;3;3,1;1;1;1,772,1.295337
WBGene00010770,K11D2.4,none available,Zinc finger C2H2-type,K11D2.4a.2,K11D2.4-202,protein_coding,I,+,2157,11,1374,769,PIS,3'UTR,1888,1910,503,525,23,CCCCGCCCATCCCGTCTCCGCCC,4;3;3;1;2;3,1;2;2;1;1,772,1.295337
WBGene00010770,K11D2.4,none available,Zinc finger C2H2-type,K11D2.4a.2,K11D2.4-202,protein_coding,I,+,2157,11,1374,769,PIS,3'UTR,2061,2081,676,696,21,CCCCGCCCCCACAACCCACCC,4;5;1;3;3,1;1;2;1,772,1.295337
WBGene00010770,K11D2.4,none available,Zinc finger C2H2-type,K11D2.4e.1,K11D2.4-203,protein_coding,I,+,2107,0,1338,766,PIS,3'UTR,1680,1699,342,361,20,CCCACCCCGCCCGCCCGCCC,3;4;3;3;3,1;1;1;1,769,1.30039
WBGene00010770,K11D2.4,none available,Zinc finger C2H2-type,K11D2.4e.1,K11D2.4-203,protein_coding,I,+,2107,0,1338,766,PIS,3'UTR,1841,1863,503,525,23,CCCCGCCCATCCCGTCTCCGCCC,4;3;3;1;2;3,1;2;2;1;1,769,1.30039
WBGene00010770,K11D2.4,none available,Zinc finger C2H2-type,K11D2.4e.1,K11D2.4-203,protein_coding,I,+,2107,0,1338,766,PIS,3'UTR,2014,2034,676,696,21,CCCCGCCCCCACAACCCACCC,4;5;1;3;3,1;1;2;1,769,1.30039
WBGene00010787,K12D12.5,none available,Ribonuclease H-like domain,K12D12.5.1,K12D12.5-201,protein_coding,II,+,2171,9,1944,215,PIS,3'UTR,2067,2093,114,140,27,CCCCCCCCCCCCCCCCCCCAATGTCCC,19;3,5,218,4.587156
WBGene00010794,dld-1,"LLC1.3 is orthologous to the human gene DIHYDROLIPOAMIDE DEHYDROGENASE (DLD; OMIM:246900), which when mutated leads to dihydrolipoamide dehydrogenase deficiency.","Dihydrolipoamide dehydrogenase; FAD/NAD(P)-binding domain; FAD/NAD-linked reductase, dimerisation domain; Pyridine nucleotide-disulphide oxidoreductase, dimerisation domain",LLC1.3a.1,dld-1-201,protein_coding,IV,+,1824,5,1485,331,PIS,3'UTR,1556,1581,66,91,26,CCCCCTCCCGAAATCCCGAAATCCCC,5;3;3;4,1;5;5,334,2.994012
WBGene00010910,M106.2,none available,,M106.2.1,M106.2-201,protein_coding,II,-,1673,4,1449,217,PIS,3'UTR,1652,1673,199,220,22,CCCCACCATTTCCCCCCCCCCC,4;2;11,1;4,220,4.545455
WBGene00011028,R05D7.3,none available,"Protein of unknown function DUF2371, TMEM200",R05D7.3a.5,R05D7.3-202,protein_coding,I,-,1580,699,696,182,PIS,5'UTR,215,240,215,240,26,CCCATGTTTCCCTTCCCTCCGGCCCC,3;3;3;2;4,6;2;1;2,699,1.430615
WBGene00011206,R10E4.11,none available,,R10E4.11a.1,R10E4.11-201,protein_coding,III,-,2145,15,1158,969,PIS,3'UTR,1970,1988,797,815,19,CCCCCCCCCCCCCCTCCCC,14;4,1,972,1.028807
WBGene00011436,T04F3.1,none available,"Aminotransferase, class I/classII; Pyridoxal phosphate-dependent transferase; Pyridoxal phosphate-dependent transferase, major region, subdomain 1; Pyridoxal phosphate-dependent transferase, subdomain 2",T04F3.1a.1,T04F3.1-201,protein_coding,V,+,10634,165,10380,86,PIS,3'UTR,10620,10634,75,89,15,CCCCCCCCCCCCCCC,15,,89,11.235955
WBGene00011449,slfl-5,none available,"P-loop containing nucleoside triphosphate hydrolase; Translation elongation factor EF1A/initiation factor IF2gamma, C-terminal; Translation protein, beta-barrel domain",T04H1.2.1,slfl-5-201,protein_coding,V,-,2222,96,1764,359,PIS,3'UTR,1901,1918,41,58,18,CCCCCCCCCCCCCCTCCC,14;3,1,362,2.762431
WBGene00011681,T10B10.4,none available,Acyl-CoA N-acyltransferase; Glycine N-acyltransferase,T10B10.4a.1,T10B10.4-201,protein_coding,X,+,1363,17,891,452,PIS,3'UTR,1025,1044,117,136,20,CCCTCTCACCCACCCATCCC,3;1;1;3;3;3,1;1;1;1;2,455,2.197802
WBGene00011923,chhy-1,"chhy-1 encodes a chondroitin hydrolase orthologous to human HYAL1 (OMIM:607071, mutated in mucopolysaccharidosis type IX) and other hyaluronidases; in COS-7 cells, heterologously expressed CHHY-1 preferentially cleaves chondroitin as an endo-ss-galactosaminidase, with lesser activity on chondroitin sulfate A (CS-A) and CS-C, but almost no activity on hyaluronic acid; the optimum pH for CHHY-1 cleavage is 6.0.",Aldolase-type TIM barrel; Glycoside hydrolase superfamily; Hyaluronidase,T22C8.2.2,chhy-1-202,protein_coding,II,-,1573,112,1374,84,PIS,5'UTR,48,69,48,69,22,CCCATCCCCCTCCCACCGTCCC,3;5;3;2;3,2;1;1;2,112,8.928571
WBGene00012104,sygl-1,"sygl-1 encodes a serine-rich protein with no known homologs outside of nematodes; sygl-1 is required for germline stem cell maintenance, albeit redundantly with lst-1; sygl-1 mRNA and protein are expressed in the gonad, including the distal-most germ cells, proximal loop region, and oocytes; in the distal-most cells, sygl-1 transcription is activated by GLP-1/Notch signaling from the distal tip cell niche; SYGL-1 protein is predominantly cytoplasmic, and the extent of expression in the distal-most cells correlates with the stem cell pool size; ectopic SYGL-1 expression drives the formation of a germline tumor and this tumor formation requires fbf-1 fbf-2, demonstrating that sygl-1 acts either upstream or parallel to fbf-1 fbf-2 to promote germline stem cell self-renewal.",,T27F6.4.1,sygl-1-201,protein_coding,I,+,838,139,618,78,PIS,3'UTR,790,816,33,59,27,CCCCCCCCCCCCCTAAAATCCCACCCC,13;3;4,6;1,81,12.345679
WBGene00012369,W09G3.6,none available,"WD40 repeat; WD40-repeat-containing domain; WD40/YVTN repeat-like-containing domain; Zinc finger, RING/FYVE/PHD-type",W09G3.6a.1,W09G3.6-201,protein_coding,I,-,3625,7,3375,240,PIS,CDS,1878,1906,1871,1899,29,CCCAAAACTCCCAAAACCCACAAAATCCC,3;1;3;3;1;3,4;1;4;1;5,3375,0.296296
WBGene00012559,epg-3,none available,,Y37D8A.22b.1,epg-3-202,protein_coding,III,+,3013,2,1263,1745,PIS,3'UTR,2864,2898,1599,1633,35,CCCCCAAGAAATCCCAAAAATCCCCAGTTTTCCCC,5;3;4;4,7;6;6,1748,0.572082
WBGene00012559,epg-3,none available,,Y37D8A.22c.1,epg-3-203,protein_coding,III,+,2921,24,1152,1742,PIS,3'UTR,2775,2809,1599,1633,35,CCCCCAAGAAATCCCAAAAATCCCCAGTTTTCCCC,5;3;4;4,7;6;6,1745,0.573066
WBGene00012659,Y39A1A.22,none available,"EXS, C-terminal; SPX domain",Y39A1A.22.1,Y39A1A.22-201,protein_coding,III,-,3402,73,2130,1196,PIS,3'UTR,2459,2481,256,278,23,CCCGTCCCCTTTCCCCTTCCCCC,3;4;4;5,2;3;2,1199,0.834028
WBGene00012665,pph-5,"pph-5 encodes a protein phosphatase that is the sole C. elegans ortholog of protein phosphatase 5; during anaphase, PPH-5 negatively regulates the cortical granule exocytosis and cytokinesis activities of SEP-1/separase; in this capactiy, PPH-5 appears to function to regulate SEP-1 localization to vesicles at the appropriate times during cell division; pph-5 is expressed throughout development in both the soma and the germ line; in the germ line, a GFP::PPH-5 is cytoplasmic during interphase, becomes enriched at the spindle matrix during mitosis, and then disperses from the spindle during anaphase.","Calcineurin-like phosphoesterase domain, ApaH type; Metallo-dependent phosphatase-like; PPP domain; Serine/threonine protein phosphatase 5; Serine/threonine-specific protein phosphatase/bis(5-nucleosyl)-tetraphosphatase; Tetratricopeptide repeat; Tetratricopeptide-like helical domain",Y39B6A.2a.1,pph-5-201,protein_coding,V,+,1848,8,1488,349,PIS,3'UTR,1630,1663,134,167,34,CCCAGCCCCTCCCACCCCCACCCCTACCTCCCCC,3;4;3;5;4;2;5,2;1;1;1;2;1,352,2.840909
WBGene00012700,Y39B6A.42,none available,,Y39B6A.42.1,Y39B6A.42-202,protein_coding,V,-,548,67,315,163,PIS,3'UTR,419,449,37,67,31,CCCATTCTCTCCCCCCCCCCCCCCCCCCCCC,3;1;1;21,3;1;1,166,6.024096
WBGene00012700,Y39B6A.42,none available,,Y39B6A.42.2,Y39B6A.42-201,protein_coding,V,-,503,22,315,163,PIS,3'UTR,374,404,37,67,31,CCCATTCTCTCCCCCCCCCCCCCCCCCCCCC,3;1;1;21,3;1;1,166,6.024096
WBGene00012730,xrn-1,"xrn-1 encodes a 5'-3' exoribonuclease that is orthologous to Saccharomyces cerevisiae Xrnp1, a key component of the yeast 5'-3' mRNA degradation pathway; in C. elegans, XRN-1 activity is required during embryogenesis for completion of ventral enclosure, the morphogenetic process whereby the ventral epithelial cells cover and seal the interior cells of the embryo; in addition, XRN-1 also plays a role in facilitating RNA interference (RNAi), likely acting in the same pathway as the DCR-1/Dicer ribonuclease; to date, XRN-1 expression has been reported in adult hypodermal and rectal cells.",5'-3' exoribonuclease; 5'-3' exoribonuclease 1; Putative 5-3 exonuclease,Y39G8C.1.1,xrn-1-201,protein_coding,II,+,5851,90,4773,985,PIS,3'UTR,5690,5716,827,853,27,CCCTCCTCTCCCTTTTCCCCCTGTCCC,3;2;1;3;5;3,1;1;1;4;3,988,1.012146
WBGene00012825,Y43F8C.3,none available,BTB/POZ domain; SKP1/BTB/POZ domain,Y43F8C.3.1,Y43F8C.3-201,protein_coding,V,-,2682,280,1836,563,PIS,3'UTR,2216,2244,100,128,29,CCCACGATCCCCCGTTTTTCCCCGCCCCC,3;1;5;4;5,1;3;6;1,566,1.766784
WBGene00012832,dmd-3,"dmd-3 encodes a transcription factor with two DNA-binding Zn finger DM domains that is homologous to vertebrate dmrt-1 (OMIM:154230); dmd-3 is necessary for male-specific morphogenesis of the tail tip; dmd-3 acts with mab-3 to coordinate both tail tip cell fusion and retraction; dmd-3::YFP was expressed in a number of sexually dimorphic or sex-specific cells, including the tail tip, hindgut, B lineage, ray RnA neurons and somatic gonad; dmd-3 expression parallels tail tip remodeling, consistent with a cell autonomous, instructive role for dmd-3 in the control of morphogenesis; dmd-3 is a direct target of repression by TRA-1A in hermaphrodite tail tip and hindgut; sexually dimorphic dmd-3 expression determines the sexual specificity of tail tip morphogenesis; tail tip dmd-3 expression is regulated in an initial Wnt-independent induction of dmd-3, followed by Wnt-dependent maintenance and amplification; maintenance phase expression of dmd-3 requires lin-44 and tlp-1.",DM DNA-binding domain; DMRT/protein doublesex/protein male abnormal 3,Y43F8C.10a.1,dmd-3-201,protein_coding,V,-,1302,12,750,537,PIS,CDS,680,714,668,702,35,CCCTCCTGGACCCCTCCGCCACCCTCCAGGACCCC,3;2;4;2;2;3;2;4,1;4;1;1;1;1;4,750,1.333333
WBGene00012832,dmd-3,"dmd-3 encodes a transcription factor with two DNA-binding Zn finger DM domains that is homologous to vertebrate dmrt-1 (OMIM:154230); dmd-3 is necessary for male-specific morphogenesis of the tail tip; dmd-3 acts with mab-3 to coordinate both tail tip cell fusion and retraction; dmd-3::YFP was expressed in a number of sexually dimorphic or sex-specific cells, including the tail tip, hindgut, B lineage, ray RnA neurons and somatic gonad; dmd-3 expression parallels tail tip remodeling, consistent with a cell autonomous, instructive role for dmd-3 in the control of morphogenesis; dmd-3 is a direct target of repression by TRA-1A in hermaphrodite tail tip and hindgut; sexually dimorphic dmd-3 expression determines the sexual specificity of tail tip morphogenesis; tail tip dmd-3 expression is regulated in an initial Wnt-independent induction of dmd-3, followed by Wnt-dependent maintenance and amplification; maintenance phase expression of dmd-3 requires lin-44 and tlp-1.",DM DNA-binding domain; DMRT/protein doublesex/protein male abnormal 3,Y43F8C.10b.1,dmd-3-202,protein_coding,V,-,1007,58,468,478,PIS,CDS,444,478,386,420,35,CCCTCCTGGACCCCTCCGCCACCCTCCAGGACCCC,3;2;4;2;2;3;2;4,1;4;1;1;1;1;4,468,2.136752
WBGene00012908,Y46G5A.18,none available,R3H domain; R3H-associated N-terminal domain,Y46G5A.18a.1,Y46G5A.18-201,protein_coding,II,-,1388,46,1125,214,PIS,3'UTR,1302,1318,131,147,17,CCCCCCCCCCCCCCCCC,17,,217,4.608295
WBGene00012942,idpc-1,none available,EB domain,Y47D3B.6.1,idpc-1-201,protein_coding,III,+,1068,21,807,237,PIS,CDS,495,518,474,497,24,CCCACAAGCCCTCCCAGGATCCCC,3;1;3;3;4,1;3;1;5,807,1.239157
WBGene00012942,idpc-1,none available,EB domain,Y47D3B.6.1,idpc-1-201,protein_coding,III,+,1068,21,807,237,PIS,CDS,654,682,633,661,29,CCCAGTTGCCCCAGTCATCCCAGTTGCCC,3;4;1;3;3,5;3;2;5,807,1.239157
WBGene00012988,ztf-22,none available,,Y48C3A.4a.1,ztf-22-202,protein_coding,II,-,1763,47,1344,369,PIS,CDS,321,342,274,295,22,CCCACCCCAACCTTCCCCTCCC,3;4;2;4;3,1;2;2;1,1344,0.744048
WBGene00012988,ztf-22,none available,,Y48C3A.4b.1,ztf-22-201,protein_coding,II,-,1760,38,1347,372,PIS,CDS,321,342,283,304,22,CCCACCCCAACCTTCCCCTCCC,3;4;2;4;3,1;2;2;1,1347,0.74239
WBGene00013027,Y49A3A.4,none available,ShKT domain,Y49A3A.4.1,Y49A3A.4-201,protein_coding,V,-,1326,540,729,54,PIS,5'UTR,247,265,247,265,19,CCCACCCCCCCCCCCCCCC,3;15,1,540,1.851852
WBGene00013124,Y52B11A.4,none available,"P-loop containing nucleoside triphosphate hydrolase; Small GTPase superfamily; Small GTPase superfamily, Ras type",Y52B11A.4.1,Y52B11A.4-201,protein_coding,I,-,1823,0,1401,419,PIS,3'UTR,1609,1631,208,230,23,CCCCCCCCCCCCCCCCCCCGCCC,19;3,1,422,2.369668
WBGene00013177,rsy-1,none available,PNN-interacting serine/arginine-rich protein,Y53H1A.1a.1,rsy-1-201,protein_coding,I,-,2045,20,1767,255,PIS,CDS,727,754,707,734,28,CCCCGGAACCCCCGGCCCAAGCTGGCCC,4;5;3;1;3,4;2;3;3,1767,0.565931
WBGene00013177,rsy-1,none available,PNN-interacting serine/arginine-rich protein,Y53H1A.1b.1,rsy-1-202,protein_coding,I,-,1479,0,1476,0,PIS,CDS,707,734,707,734,28,CCCCGGAACCCCCGGCCCAAGCTGGCCC,4;5;3;1;3,4;2;3;3,1476,0.677507
WBGene00013355,gck-3,"gck-3 encodes a STE20-related kinase, required for normal excretory canal tubules, that is regulated by WNK-1 and in turn inhibits CLH-3; GCK-3 is expressed in oocytes and the excretory cell; GCK-3 binds the C-terminus of CLH-3B in both two-hybrid and GST affinity assays; GCK-3 inhibits a fast gating process in CLH-3B by phosphorylating it, both reducing the magnitude of CLH-3B's responses to hyperpolarization and slowing them; gck-3(tm1296) mutants are sterile, perhaps because they lose sperm from their spermathecae; gck-3(tm1296) mutants also have defective excretory canal tubules; both the fertility and the excretory canal phenotypes of gck-3(tm1296) are partially suppressible by the null clh-3(ok763) allele; a wnk-1 phenotype similar to gck-3(tm1296)'s is suppressible by constitutively activated GCK-3; and gck-3(RNAi) constitutively activates CLH-3B in immature oocytes; GCK-3 is phosphorylated by WNK-1 in vitro, and gck-3 mutants phenotypically resemble wnk-1.","Protein kinase domain; Protein kinase-like domain; Serine/threonine-protein kinase OSR1/WNK, CCT domain",Y59A8B.23a.1,gck-3-201,protein_coding,V,-,2026,0,1788,235,PIS,3'UTR,1833,1847,45,59,15,CCCCCCCCCCCCCCC,15,,238,4.201681
WBGene00013458,clc-8,"Y67A10A.9 encodes a claudin homolog that may be required for normal cohesion of apical junctions in epithelia; Y67A10A.9 is worm-specific, with obvious homologs only in C. elegans; Y67A10A.9 has no obvious function in mass RNAi assays; claudins are integral membrane proteins with four transmembrane sequences that are found in mammalian tight junctions (TJs), induce TJs when transgenically expressed in cells normally lacking them, and can mediate the specific conductance of of specific ions (e.g., magnesium or calcium) through TJs while blocking the flow of water.",Clc protein-like,Y67A10A.9.1,clc-8-201,protein_coding,IV,+,2442,10,2202,227,PIS,CDS,1281,1303,1271,1293,23,CCCCAACCCGTCCCAACCATCCC,4;3;3;2;3,2;2;2;2,2202,0.454133
WBGene00013506,usp-3,none available,"Peptidase C19, ubiquitin carboxyl-terminal hydrolase; Zinc finger, RING/FYVE/PHD-type; Zinc finger, UBP-type",Y71A12B.9.1,usp-3-201,protein_coding,I,-,2461,2,1650,806,PIS,3'UTR,2321,2337,669,685,17,CCCCCCCCCCCCCCCCC,17,,809,1.236094
WBGene00013507,Y71A12B.10,none available,PB1 domain; Protein TFG,Y71A12B.10a.1,Y71A12B.10-202,protein_coding,I,+,1764,603,1026,132,PIS,5'UTR,446,472,446,472,27,CCCGTGTCCCGTTTGCCCCGTTGTCCC,3;3;4;3,4;5;5,603,1.658375
WBGene00013507,Y71A12B.10,none available,PB1 domain; Protein TFG,Y71A12B.10b,Y71A12B.10-201,ncRNA,I,+,1649,0,0,0,PIS,3'UTR,501,527,501,527,27,CCCGTGTCCCGTTTGCCCCGTTGTCCC,3;3;4;3,4;5;5,1649,0.606428
WBGene00013597,gpi-1,"gpi-1 encodes two isoforms of a putative glucose 6-phosphate isomeraseorthologous to human GPI (OMIM:172400, mutated in chronic hemolyticanemia); gpi-1 is required both for embryonic viability and(paradoxically) for normally short lifespan; gpi-1 is expressed inneurons and intestine.","Phosphoglucose isomerase (PGI); Phosphoglucose isomerase, C-terminal",Y87G2A.8a.1,gpi-1-203,protein_coding,I,+,1813,2,1653,155,PIS,3'UTR,1748,1773,93,118,26,CCCCACCCAGTTCCTCCCACGCACCC,4;3;2;3;1;1;3,1;4;1;1;1;1,158,6.329114
WBGene00013597,gpi-1,"gpi-1 encodes two isoforms of a putative glucose 6-phosphate isomeraseorthologous to human GPI (OMIM:172400, mutated in chronic hemolyticanemia); gpi-1 is required both for embryonic viability and(paradoxically) for normally short lifespan; gpi-1 is expressed inneurons and intestine.","Phosphoglucose isomerase (PGI); Phosphoglucose isomerase, C-terminal",Y87G2A.8a.2,gpi-1-202,protein_coding,I,+,2065,228,1653,181,PIS,3'UTR,1974,1999,93,118,26,CCCCACCCAGTTCCTCCCACGCACCC,4;3;2;3;1;1;3,1;4;1;1;1;1,184,5.434783
WBGene00013642,daf-38,"daf-38 encodes a G-protein coupled receptor (GPCR) with homology to human gonadotropin-releasing hormone receptor; daf-38 participates in perception of ascr#2 as well as other ascarosides, which are the major small-molecule components of the dauer pheromone and control developmental diapause (dauer), olfactory learning, social behavior and lifespan;  daf-38 forms a  heterodimer with daf-37 (a GPCR that belongs to the serpentine receptor class w (Srw) family of chemoreceptors) that also participates in perception of the ascaroside, ascr#2), most likely to form a functional receptor complex; daf-38 and daf-37 are expressed in chemosensory neurons.","G protein-coupled receptor, rhodopsin-like",Y105C5A.23.1,daf-38-201,protein_coding,IV,+,1446,0,1245,198,PIS,CDS,413,442,413,442,30,CCCCATCCCATCACAGCCCCAACAAAGCCC,4;3;1;1;4;1;3,2;2;1;2;2;4,1245,0.803213
WBGene00013734,gldi-8,none available,Zinc finger C2H2-type,Y111B2A.10a.1,gldi-8-201,protein_coding,III,-,1600,156,1290,151,PIS,3'UTR,1491,1508,45,62,18,CCCACCTCCCCCCCCCCC,3;2;11,1;1,154,6.493506
WBGene00013734,gldi-8,none available,Zinc finger C2H2-type,Y111B2A.10b.1,gldi-8-202,protein_coding,III,-,2906,1816,936,151,PIS,3'UTR,2797,2814,45,62,18,CCCACCTCCCCCCCCCCC,3;2;11,1;1,154,6.493506
WBGene00013734,gldi-8,none available,Zinc finger C2H2-type,Y111B2A.10b.2,gldi-8-203,protein_coding,III,-,1545,457,936,149,PIS,3'UTR,1438,1455,45,62,18,CCCACCTCCCCCCCCCCC,3;2;11,1;1,152,6.578947
WBGene00013734,gldi-8,none available,Zinc finger C2H2-type,Y111B2A.10b.3,gldi-8-204,protein_coding,III,-,1806,718,936,149,PIS,3'UTR,1699,1716,45,62,18,CCCACCTCCCCCCCCCCC,3;2;11,1;1,152,6.578947
WBGene00013748,ssu-1,"ssu-1 encodes, by alternative splicing, two isoforms of a cytosolicalcohol sulfotransferase that interacts in the ASJ amphid neurons with thestomatins UNC-1 and UNC-24; the longer SSU-1 isoform is required fornormal anesthetic sensitivity and unc-1 phenotypes; ssu-1(fc73) suppressesthe anesthetic sensitivity and uncoordinated phenotypes of unc-1 andunc-24 mutants; ssu-1(fc73), along with daf-12, suppresses the syntheticconstitutive dauer-formation phenotype of fc83;unc-24(e138) mutants; ssu-1suppression is rescued by transgenic expression of SSU-1 in the ASJneurons alone, implying that sulfation is required for an endocrinefunction; SSU-1 protein sulfates 4-nitrophenol and 2-naphthol substrates,and bisphenol A, but not monoamines or hydroxysteroids; SSU-1 iscytosolic, but its activity is not detectable in cytosolic extracts; ssu-1is strongly expressed in embryos, growing larvae, and dauer larvae; ssu-1expression is increased in daf-2; by homology with othersulfotransferases, SSU-1 may link sulfates to the alcohol group of smallmolecules as part of detoxification or signal transduction.",P-loop containing nucleoside triphosphate hydrolase; Sulfotransferase domain,Y113G7A.11.1,ssu-1-201,protein_coding,V,-,1489,121,1236,129,PIS,CDS,126,156,5,35,31,CCCCGAAGACCCCAAAGACCCCAAAACCCCC,4;4;4;5,5;5;4,1236,0.809061
WBGene00013751,Y113G7A.14,none available,,Y113G7A.14.1,Y113G7A.14-201,protein_coding,V,-,760,14,612,131,PIS,CDS,80,103,66,89,24,CCCATTTCCCTCCCCGGCAGACCC,3;3;4;1;3,4;1;2;3,612,1.633987
WBGene00013792,rad-54.B,none available,"Helicase superfamily 1/2, ATP-binding domain; Helicase, C-terminal; P-loop containing nucleoside triphosphate hydrolase; SNF2-related, N-terminal domain",Y116A8C.13a.1,rad-54.B-201,protein_coding,IV,+,2567,0,2499,65,PIS,CDS,295,324,295,324,30,CCCCAGAAGCCCATTTCGGCCCAAAAGCCC,4;3;1;3;3,5;4;2;5,2499,0.40016
WBGene00013949,ZK262.2,none available,Alpha/Beta hydrolase fold; Fungal lipase-like domain,ZK262.2.1,ZK262.2-201,protein_coding,V,-,1590,58,1059,470,PIS,3'UTR,1188,1212,71,95,25,CCCCAGACCCCAGACCCCAGACCCC,4;4;4;4,3;3;3,473,2.114165
WBGene00013949,ZK262.2,none available,Alpha/Beta hydrolase fold; Fungal lipase-like domain,ZK262.2.1,ZK262.2-201,protein_coding,V,-,1590,58,1059,470,PIS,3'UTR,1216,1240,99,123,25,CCCCAGACCCCAGACCCCAGACCCC,4;4;4;4,3;3;3,473,2.114165
WBGene00013949,ZK262.2,none available,Alpha/Beta hydrolase fold; Fungal lipase-like domain,ZK262.2.1,ZK262.2-201,protein_coding,V,-,1590,58,1059,470,PIS,3'UTR,1244,1268,127,151,25,CCCCAGACCCCAGACCCCAGACCCC,4;4;4;4,3;3;3,473,2.114165
WBGene00013949,ZK262.2,none available,Alpha/Beta hydrolase fold; Fungal lipase-like domain,ZK262.2.1,ZK262.2-201,protein_coding,V,-,1590,58,1059,470,PIS,3'UTR,1293,1317,176,200,25,CCCCAGACCCCAGACCCCAGACCCC,4;4;4;4,3;3;3,473,2.114165
WBGene00014208,znfx-1,none available,"P-loop containing nucleoside triphosphate hydrolase; Zinc finger, NF-X1-type",ZK1067.2a.1,znfx-1-203,protein_coding,II,+,7077,22,6636,416,PIS,3'UTR,6708,6725,50,67,18,CCCCCCCCCCCCCCTCCC,14;3,1,419,2.386635
WBGene00014208,znfx-1,none available,"P-loop containing nucleoside triphosphate hydrolase; Zinc finger, NF-X1-type",ZK1067.2a.2,znfx-1-201,protein_coding,II,+,7795,737,6636,419,PIS,3'UTR,7423,7440,50,67,18,CCCCCCCCCCCCCCTCCC,14;3,1,422,2.369668
WBGene00014213,ZK1073.1,none available,Alpha/Beta hydrolase fold; NDRG,ZK1073.1.1,ZK1073.1-201,protein_coding,X,-,1437,2,975,457,PIS,3'UTR,1062,1083,85,106,22,CCCCAAGTCCCATTCCCACCCC,4;3;3;4,4;3;1,460,2.173913
WBGene00015061,cpna-2,"cpna-2 encodes proteins with similarity to several InterPro domains including those of polycystin cation channels, von Willebrand factor, the DNA recombination repair protein BRCA2, protein-tyrosine phosphatase, non-receptor type-13, glyoxylate carboligase, and copines, Ca2+-dependent phosphatidylserine binding proteins; cpna-2::gfp reporter fusions are expressed in body wall muscle.","Copine; von Willebrand factor, type A",B0228.4a.1,cpna-2-203,protein_coding,II,+,5205,0,4899,303,PIS,3'UTR,5052,5070,153,171,19,CCCAACACCCTTCCCCCCC,3;1;3;7,2;1;2,306,3.267974
WBGene00015061,cpna-2,"cpna-2 encodes proteins with similarity to several InterPro domains including those of polycystin cation channels, von Willebrand factor, the DNA recombination repair protein BRCA2, protein-tyrosine phosphatase, non-receptor type-13, glyoxylate carboligase, and copines, Ca2+-dependent phosphatidylserine binding proteins; cpna-2::gfp reporter fusions are expressed in body wall muscle.","Copine; von Willebrand factor, type A",B0228.4c.1,cpna-2-202,protein_coding,II,+,23420,0,23115,302,PIS,3'UTR,23268,23286,153,171,19,CCCAACACCCTTCCCCCCC,3;1;3;7,2;1;2,305,3.278689
WBGene00015301,C01F1.6,none available,Ankyrin repeat; Ankyrin repeat domain-containing protein 13; Ankyrin repeat-containing domain,C01F1.6.1,C01F1.6-201,protein_coding,II,-,1820,41,1368,408,PIS,3'UTR,1674,1699,265,290,26,CCCCCCCCCCCCCCCCCGATCTACCC,17;1;3,3;2,411,2.43309
WBGene00015391,sdha-1,"sdha-1 is orthologous to the human gene SUCCINATE DEHYDROGENASE COMPLEX, SUBUNIT A, FLAVOPROTEIN (SDHA; OMIM:600857), which when mutated leads to complex II mitochondrial respiratory chain deficiency presenting as Leigh syndrome.","FAD-dependent oxidoreductase 2, FAD binding domain; FAD/NAD(P)-binding domain; Fumarate reductase/succinate dehydrogenase flavoprotein-like, C-terminal; Succinate dehydrogenase, flavoprotein subunit; Succinate dehydrogenase/fumarate reductase flavoprotein, catalytic domain; Succinate dehydrogenase/fumarate reductase, flavoprotein subunit",C03G5.1.1,sdha-1-201,protein_coding,X,-,2400,6,1938,453,PIS,3'UTR,1960,1976,16,32,17,CCCCCCCCCCCCCCCCC,17,,456,2.192982
WBGene00015650,pkg-2,none available,Cyclic nucleotide-binding domain; Cyclic nucleotide-binding-like; Protein kinase domain; Protein kinase-like domain; RmlC-like jelly roll fold,C09G4.2a.1,pkg-2-202,protein_coding,IV,+,2263,69,1743,448,PIS,3'UTR,2060,2084,248,272,25,CCCCGAATTCCCCGATCCCCCTCCC,4;4;5;3,5;3;1,451,2.217295
WBGene00015650,pkg-2,none available,Cyclic nucleotide-binding domain; Cyclic nucleotide-binding-like; Protein kinase domain; Protein kinase-like domain; RmlC-like jelly roll fold,C09G4.2c.1,pkg-2-201,protein_coding,IV,+,2302,2,1851,446,PIS,3'UTR,2101,2125,248,272,25,CCCCGAATTCCCCGATCCCCCTCCC,4;4;5;3,5;3;1,449,2.227171
WBGene00015677,cpg-4,"cpg-4 encodes a large (782-residue), unfamiliar, putatively secretedprotein with a C-terminal low-complexity domain; CPG-4 has 35 potentialchondroitin attachment sites, mostly in its C-terminal half, 4 of whichhave been verified by mass spectrometry; CPG-4 has no obvious functionin mass RNAi assays.",Chondroitin proteoglycan 4,C10F3.1.1,cpg-4-201,protein_coding,V,+,2446,19,2346,78,PIS,CDS,70,90,51,71,21,CCCAAACCCGATCCCGATCCC,3;3;3;3,3;3;3,2346,0.426257
WBGene00015813,thoc-2,"thoc-2 encodes the C. elegans ortholog of mammalian THOC2 and S. cerevisiae Tho2, conserved subunits of the THO complex involved in mRNP biogenesis as part of transcription elongation, mRNA maturation, and export; in C. elegans, thoc-2 activity is required for progression through the meiotic and mitotic cell cycles and thus for normal fertility and organismal development.","THO complex subunit 2, N-terminal domain; THO complex, subunitTHOC2, C-terminal; THO complex, subunitTHOC2, N-terminal",C16A3.8.1,thoc-2-201,protein_coding,III,+,4450,4,4311,132,PIS,CDS,4091,4114,4087,4110,24,CCCGCGCTTCCCGACCCAGTTCCC,3;1;1;3;3;3,1;1;2;2;4,4311,0.231965
WBGene00016405,hecd-1,none available,Ankyrin repeat; Ankyrin repeat-containing domain; Armadillo-like helical; Armadillo-type fold; Galactose-binding domain-like; HECT domain; Mib-herc2; SUN domain,C34D4.14a.1,hecd-1-210,protein_coding,IV,-,8561,106,7944,508,PIS,3'UTR,8435,8459,385,409,25,CCCCTTCTTCCCCTCCCCCACCCCC,4;1;4;5;5,2;2;1;1,511,1.956947
WBGene00016405,hecd-1,none available,Ankyrin repeat; Ankyrin repeat-containing domain; Armadillo-like helical; Armadillo-type fold; Galactose-binding domain-like; HECT domain; Mib-herc2; SUN domain,C34D4.14a.2,hecd-1-201,protein_coding,IV,-,8466,7,7944,512,PIS,3'UTR,8336,8360,385,409,25,CCCCTTCTTCCCCTCCCCCACCCCC,4;1;4;5;5,2;2;1;1,515,1.941748
WBGene00016405,hecd-1,none available,Ankyrin repeat; Ankyrin repeat-containing domain; Armadillo-like helical; Armadillo-type fold; Galactose-binding domain-like; HECT domain; Mib-herc2; SUN domain,C34D4.14b.1,hecd-1-209,protein_coding,IV,-,8450,106,7833,508,PIS,3'UTR,8324,8348,385,409,25,CCCCTTCTTCCCCTCCCCCACCCCC,4;1;4;5;5,2;2;1;1,511,1.956947
WBGene00016405,hecd-1,none available,Ankyrin repeat; Ankyrin repeat-containing domain; Armadillo-like helical; Armadillo-type fold; Galactose-binding domain-like; HECT domain; Mib-herc2; SUN domain,C34D4.14c.1,hecd-1-206,protein_coding,IV,-,8442,108,7821,510,PIS,3'UTR,8314,8338,385,409,25,CCCCTTCTTCCCCTCCCCCACCCCC,4;1;4;5;5,2;2;1;1,513,1.949318
WBGene00016405,hecd-1,none available,Ankyrin repeat; Ankyrin repeat-containing domain; Armadillo-like helical; Armadillo-type fold; Galactose-binding domain-like; HECT domain; Mib-herc2; SUN domain,C34D4.14d.1,hecd-1-208,protein_coding,IV,-,8549,106,7932,508,PIS,3'UTR,8423,8447,385,409,25,CCCCTTCTTCCCCTCCCCCACCCCC,4;1;4;5;5,2;2;1;1,511,1.956947
WBGene00016405,hecd-1,none available,Ankyrin repeat; Ankyrin repeat-containing domain; Armadillo-like helical; Armadillo-type fold; Galactose-binding domain-like; HECT domain; Mib-herc2; SUN domain,C34D4.14e.1,hecd-1-203,protein_coding,IV,-,8564,112,7938,511,PIS,3'UTR,8435,8459,385,409,25,CCCCTTCTTCCCCTCCCCCACCCCC,4;1;4;5;5,2;2;1;1,514,1.945525
WBGene00016405,hecd-1,none available,Ankyrin repeat; Ankyrin repeat-containing domain; Armadillo-like helical; Armadillo-type fold; Galactose-binding domain-like; HECT domain; Mib-herc2; SUN domain,C34D4.14e.2,hecd-1-202,protein_coding,IV,-,8458,6,7938,511,PIS,3'UTR,8329,8353,385,409,25,CCCCTTCTTCCCCTCCCCCACCCCC,4;1;4;5;5,2;2;1;1,514,1.945525
WBGene00016405,hecd-1,none available,Ankyrin repeat; Ankyrin repeat-containing domain; Armadillo-like helical; Armadillo-type fold; Galactose-binding domain-like; HECT domain; Mib-herc2; SUN domain,C34D4.14f.1,hecd-1-204,protein_coding,IV,-,8576,112,7950,511,PIS,3'UTR,8447,8471,385,409,25,CCCCTTCTTCCCCTCCCCCACCCCC,4;1;4;5;5,2;2;1;1,514,1.945525
WBGene00016405,hecd-1,none available,Ankyrin repeat; Ankyrin repeat-containing domain; Armadillo-like helical; Armadillo-type fold; Galactose-binding domain-like; HECT domain; Mib-herc2; SUN domain,C34D4.14g.1,hecd-1-205,protein_coding,IV,-,8466,113,7839,511,PIS,3'UTR,8337,8361,385,409,25,CCCCTTCTTCCCCTCCCCCACCCCC,4;1;4;5;5,2;2;1;1,514,1.945525
WBGene00016405,hecd-1,none available,Ankyrin repeat; Ankyrin repeat-containing domain; Armadillo-like helical; Armadillo-type fold; Galactose-binding domain-like; HECT domain; Mib-herc2; SUN domain,C34D4.14h.1,hecd-1-207,protein_coding,IV,-,8452,112,7827,510,PIS,3'UTR,8324,8348,385,409,25,CCCCTTCTTCCCCTCCCCCACCCCC,4;1;4;5;5,2;2;1;1,513,1.949318
WBGene00016603,met-1,"met-1 encodes a histone methyltransferase whose SET domain is similar to that of Saccharomyces cerevisiae Set2p; loss of met-1 activity in the background of a mutant class A synMuv gene, such as lin-15A, results in a multivulval phenotype, indicating that met-1 acts to negatively regulate vulval cell fate specification; as met-1 is required for normal levels of histone H3K36 and H3K9 trimethylation and met-1;lin-15A animals show an increase in lin-3 EGF expression, met-1 likely acts as part of a transcriptional repressor complex that negatively regulates lin-3 EGF transcription to restrict vulval development to three of the six cells in the vulval equivalence group; in addition, genetic studies indicate that met-1 likely acts redundantly with met-2 to inhibit vulval cell fates.",AWS domain; Post-SET domain; SET domain; WW domain,C43E11.3a.1,met-1-202,protein_coding,I,+,5395,207,4812,373,PIS,3'UTR,5085,5106,66,87,22,CCCTCCTATCCCCCCCCTCCCC,3;2;8;4,1;3;1,376,2.659574
WBGene00016603,met-1,"met-1 encodes a histone methyltransferase whose SET domain is similar to that of Saccharomyces cerevisiae Set2p; loss of met-1 activity in the background of a mutant class A synMuv gene, such as lin-15A, results in a multivulval phenotype, indicating that met-1 acts to negatively regulate vulval cell fate specification; as met-1 is required for normal levels of histone H3K36 and H3K9 trimethylation and met-1;lin-15A animals show an increase in lin-3 EGF expression, met-1 likely acts as part of a transcriptional repressor complex that negatively regulates lin-3 EGF transcription to restrict vulval development to three of the six cells in the vulval equivalence group; in addition, genetic studies indicate that met-1 likely acts redundantly with met-2 to inhibit vulval cell fates.",AWS domain; Post-SET domain; SET domain; WW domain,C43E11.3b.1,met-1-201,protein_coding,I,+,5362,220,4770,369,PIS,3'UTR,5056,5077,66,87,22,CCCTCCTATCCCCCCCCTCCCC,3;2;8;4,1;3;1,372,2.688172
WBGene00016603,met-1,"met-1 encodes a histone methyltransferase whose SET domain is similar to that of Saccharomyces cerevisiae Set2p; loss of met-1 activity in the background of a mutant class A synMuv gene, such as lin-15A, results in a multivulval phenotype, indicating that met-1 acts to negatively regulate vulval cell fate specification; as met-1 is required for normal levels of histone H3K36 and H3K9 trimethylation and met-1;lin-15A animals show an increase in lin-3 EGF expression, met-1 likely acts as part of a transcriptional repressor complex that negatively regulates lin-3 EGF transcription to restrict vulval development to three of the six cells in the vulval equivalence group; in addition, genetic studies indicate that met-1 likely acts redundantly with met-2 to inhibit vulval cell fates.",AWS domain; Post-SET domain; SET domain; WW domain,C43E11.3b.2,met-1-203,protein_coding,I,+,5344,206,4770,365,PIS,3'UTR,5042,5063,66,87,22,CCCTCCTATCCCCCCCCTCCCC,3;2;8;4,1;3;1,368,2.717391
WBGene00016603,met-1,"met-1 encodes a histone methyltransferase whose SET domain is similar to that of Saccharomyces cerevisiae Set2p; loss of met-1 activity in the background of a mutant class A synMuv gene, such as lin-15A, results in a multivulval phenotype, indicating that met-1 acts to negatively regulate vulval cell fate specification; as met-1 is required for normal levels of histone H3K36 and H3K9 trimethylation and met-1;lin-15A animals show an increase in lin-3 EGF expression, met-1 likely acts as part of a transcriptional repressor complex that negatively regulates lin-3 EGF transcription to restrict vulval development to three of the six cells in the vulval equivalence group; in addition, genetic studies indicate that met-1 likely acts redundantly with met-2 to inhibit vulval cell fates.",AWS domain; Post-SET domain; SET domain; WW domain,C43E11.3b.3,met-1-204,protein_coding,I,+,5147,9,4770,365,PIS,3'UTR,4845,4866,66,87,22,CCCTCCTATCCCCCCCCTCCCC,3;2;8;4,1;3;1,368,2.717391
WBGene00016661,C45B2.6,none available,Acyl transferase/acyl hydrolase/lysophospholipase; Ankyrin repeat; Ankyrin repeat-containing domain; Patatin-like phospholipase domain,C45B2.6.1,C45B2.6-202,protein_coding,X,+,2498,42,2286,167,PIS,CDS,745,770,703,728,26,CCCAAGCCCGAAACTCCCGATTACCC,3;3;1;3;3,3;4;1;5,2286,0.437445
WBGene00016661,C45B2.6,none available,Acyl transferase/acyl hydrolase/lysophospholipase; Ankyrin repeat; Ankyrin repeat-containing domain; Patatin-like phospholipase domain,C45B2.6.2,C45B2.6-201,protein_coding,X,+,2769,173,2286,307,PIS,CDS,876,901,703,728,26,CCCAAGCCCGAAACTCCCGATTACCC,3;3;1;3;3,3;4;1;5,2286,0.437445
WBGene00016997,cebp-1,"cebp-1 encodes a bZip domain-containing protein that is a member of the CCAAT/enhancer-binding proteins (C/EBP) subfamily of bZip proteins; in C. elegans, CEBP-1 functions together with a DLK-1 signaling pathway to effect axon regeneration after laser axotomy in adult neurons; cebp-1 protein and mRNA are located in synapses and axons, and translation of axonal cebp-1 mRNA is upregulated via the DLK-1 signaling pathway in response to axonal injury.",,D1005.3.1,cebp-1-201,protein_coding,X,-,1076,10,957,106,PIS,3'UTR,1062,1076,95,109,15,CCCCCCCCCCCCCCC,15,,109,9.174312
WBGene00017031,D1044.6,none available,,D1044.6.1,D1044.6-201,protein_coding,III,-,3606,42,3018,543,PIS,3'UTR,3475,3503,415,443,29,CCCATTGCCCCCTGAACCCCACTTTCCCC,3;5;4;1;4,4;4;1;3,546,1.831502
WBGene00017342,F10D7.5,"F10D7.5 encodes an ortholog of Drosophila NEURALIZED, and thus mayparticipate in GLP-1/LIN-12 signalling; the promoter or 5'protein-coding regions of F10D7.5 are bound by DAF-16 in vivo, andF10D7.5 expression drops by roughly one-half in daf-16(mu86) mutants.","Neuralized homology repeat (NHR) domain; Zinc finger, RING-type; Zinc finger, RING/FYVE/PHD-type",F10D7.5a.1,F10D7.5-202,protein_coding,X,-,2392,54,1851,484,PIS,3'UTR,2140,2164,235,259,25,CCCTTTGCCCTTTTCCCCCAATCCC,3;3;5;3,4;4;3,487,2.053388
WBGene00017342,F10D7.5,"F10D7.5 encodes an ortholog of Drosophila NEURALIZED, and thus mayparticipate in GLP-1/LIN-12 signalling; the promoter or 5'protein-coding regions of F10D7.5 are bound by DAF-16 in vivo, andF10D7.5 expression drops by roughly one-half in daf-16(mu86) mutants.","Neuralized homology repeat (NHR) domain; Zinc finger, RING-type; Zinc finger, RING/FYVE/PHD-type",F10D7.5c.1,F10D7.5-201,protein_coding,X,-,2027,229,1311,484,PIS,3'UTR,1775,1799,235,259,25,CCCTTTGCCCTTTTCCCCCAATCCC,3;3;5;3,4;4;3,487,2.053388
WBGene00017411,F13A2.2,none available,,F13A2.2.1,F13A2.2-201,protein_coding,V,-,1173,286,480,404,PIS,3'UTR,892,911,126,145,20,CCCCATGTCCCCCCCCCCCC,4;12,4,407,2.457002
WBGene00017430,bcl-11,none available,Zinc finger C2H2-type,F13H6.1a.1,bcl-11-202,protein_coding,V,+,3485,151,2070,1261,PIS,3'UTR,3063,3089,842,868,27,CCCTGTCCCTTTCCCCCAATTTGTCCC,3;3;5;3,3;3;7,1264,0.791139
WBGene00017430,bcl-11,none available,Zinc finger C2H2-type,F13H6.1b.1,bcl-11-201,protein_coding,V,+,3551,205,2082,1261,PIS,3'UTR,3129,3155,842,868,27,CCCTGTCCCTTTCCCCCAATTTGTCCC,3;3;5;3,3;3;7,1264,0.791139
WBGene00017746,F23F1.5,none available,"Snurportin-1; Snurportin-1, N-terminal",F23F1.5.1,F23F1.5-201,protein_coding,II,-,1034,10,966,55,PIS,3'UTR,1008,1025,32,49,18,CCCCCCCCCCCCCCCCCC,18,,58,17.241379
WBGene00017780,F25E2.2,none available,,F25E2.2a.1,F25E2.2-201,protein_coding,X,-,2039,71,1872,93,PIS,5'UTR,25,46,25,46,22,CCCTCACCCATCCCAGCTCCCC,3;1;3;3;1;4,1;1;2;2;1,71,14.084507
WBGene00017930,F29G9.1,none available,,F29G9.1.1,F29G9.1-201,protein_coding,V,+,952,397,288,264,PIS,5'UTR,2,22,2,22,21,CCCAACCCCTTCCCAAATCCC,3;4;3;3,2;2;4,397,2.518892
WBGene00017930,F29G9.1,none available,,F29G9.1.1,F29G9.1-201,protein_coding,V,+,952,397,288,264,PIS,5'UTR,155,176,155,176,22,CCCTCCCTCTTCCCCCTCCCCC,3;3;1;5;5,1;1;2;1,397,2.518892
WBGene00017937,F30H5.3,none available,"Cysteine-rich repeat; EB domain; Lustrin, cysteine-rich repeated; Pancreatic trypsin inhibitor Kunitz domain",F30H5.3.1,F30H5.3-201,protein_coding,III,-,5362,300,4797,262,PIS,5'UTR,8,28,8,28,21,CCCCTCCCTCGCTCCCTCCCC,4;3;1;1;3;4,1;1;1;1;1,300,3.333333
WBGene00018229,F40C5.2,none available,,F40C5.2.1,F40C5.2-201,protein_coding,V,+,523,154,147,219,PIS,3'UTR,418,432,117,131,15,CCCCCCCCCCCCCCC,15,,222,4.504505
WBGene00018229,F40C5.2,none available,,F40C5.2.2,F40C5.2-202,protein_coding,V,+,393,24,147,219,PIS,3'UTR,288,302,117,131,15,CCCCCCCCCCCCCCC,15,,222,4.504505
WBGene00018572,lin-42,"lin-42 encodes three PAS domain-containing proteins orthologous to insect and vertebrate Period proteins that function in regulation of circadian rhythms; during larval development, lin-42 functions in the heterochronic pathway to regulate developmental switches that occurs in multiple tissues, including the hypodermis, gonad, sex myoblasts, and vulva; genetic analysis suggests that, in the hypodermis, lin-42 acts downstream of lin-46 and in the hypodermis and gonad, in parallel to daf-12 and upstream of lin-29; lin-42 mRNA levels oscillate during larval development with peak levels seen during intermolts and low levels seen during ecdysis and after the L4-to-adult molt; LIN-42 protein appears to be a widely expressed nuclear protein whose levels also fluctuate during larval stages, with peak protein typically seen towards the latter half of each larval stage in a cell type-specific manner, and then disappearing during each successive molt; in addition to three PAS domain-containing proteins, lin-42 also encodes a protein that lacks the PAS domain; transformation rescue experiments indicate that the LIN-42 isoform lacking the PAS domain is sufficient for rescue when present in multiple copies.",PAS domain,F47F6.1a.1,lin-42-201,protein_coding,II,-,2320,487,891,939,PIS,5'UTR,230,246,230,246,17,CCCCTCCCTTCCCACCC,4;3;3;3,1;2;1,487,2.053388
WBGene00018572,lin-42,"lin-42 encodes three PAS domain-containing proteins orthologous to insect and vertebrate Period proteins that function in regulation of circadian rhythms; during larval development, lin-42 functions in the heterochronic pathway to regulate developmental switches that occurs in multiple tissues, including the hypodermis, gonad, sex myoblasts, and vulva; genetic analysis suggests that, in the hypodermis, lin-42 acts downstream of lin-46 and in the hypodermis and gonad, in parallel to daf-12 and upstream of lin-29; lin-42 mRNA levels oscillate during larval development with peak levels seen during intermolts and low levels seen during ecdysis and after the L4-to-adult molt; LIN-42 protein appears to be a widely expressed nuclear protein whose levels also fluctuate during larval stages, with peak protein typically seen towards the latter half of each larval stage in a cell type-specific manner, and then disappearing during each successive molt; in addition to three PAS domain-containing proteins, lin-42 also encodes a protein that lacks the PAS domain; transformation rescue experiments indicate that the LIN-42 isoform lacking the PAS domain is sufficient for rescue when present in multiple copies.",PAS domain,F47F6.1a.1,lin-42-201,protein_coding,II,-,2320,487,891,939,PIS,3'UTR,2064,2085,686,707,22,CCCCCACACTCCCCACCCACCC,5;1;1;4;3;3,1;1;1;1;1,942,1.061571
WBGene00018572,lin-42,"lin-42 encodes three PAS domain-containing proteins orthologous to insect and vertebrate Period proteins that function in regulation of circadian rhythms; during larval development, lin-42 functions in the heterochronic pathway to regulate developmental switches that occurs in multiple tissues, including the hypodermis, gonad, sex myoblasts, and vulva; genetic analysis suggests that, in the hypodermis, lin-42 acts downstream of lin-46 and in the hypodermis and gonad, in parallel to daf-12 and upstream of lin-29; lin-42 mRNA levels oscillate during larval development with peak levels seen during intermolts and low levels seen during ecdysis and after the L4-to-adult molt; LIN-42 protein appears to be a widely expressed nuclear protein whose levels also fluctuate during larval stages, with peak protein typically seen towards the latter half of each larval stage in a cell type-specific manner, and then disappearing during each successive molt; in addition to three PAS domain-containing proteins, lin-42 also encodes a protein that lacks the PAS domain; transformation rescue experiments indicate that the LIN-42 isoform lacking the PAS domain is sufficient for rescue when present in multiple copies.",PAS domain,F47F6.1b.1,lin-42-202,protein_coding,II,-,2753,20,1791,939,PIS,3'UTR,2497,2518,686,707,22,CCCCCACACTCCCCACCCACCC,5;1;1;4;3;3,1;1;1;1;1,942,1.061571
WBGene00018788,shc-1,"shc-1 encodes four proteins by multiple splicing, three of which are rather small (52-81 residues); however, one isoform (F54A5.3A, 316 residues) is a ortholog of vertebrate Shc proteins (e.g., p52/p46SHC and p66SHC); like its orthologs, F54A5.3A has a PTB and an SH2 domain in N- to C-terminal order; shc-1 interacts with both the JNK and insulin signaling pathways to regulate stress response and adult life span; SHC-1::GFP is widely expressed during postembryonic development and localizes to both the cytoplasm and the nucleus.",PH domain-like; PTB/PI domain; SH2 domain,F54A5.3b.1,shc-1-204,protein_coding,I,-,5250,3974,681,592,PIS,5'UTR,2647,2671,2647,2671,25,CCCACCCCTCCCACTCCCACTCCCC,3;4;3;1;3;1;4,1;1;1;1;1;1,3974,0.251636
WBGene00018788,shc-1,"shc-1 encodes four proteins by multiple splicing, three of which are rather small (52-81 residues); however, one isoform (F54A5.3A, 316 residues) is a ortholog of vertebrate Shc proteins (e.g., p52/p46SHC and p66SHC); like its orthologs, F54A5.3A has a PTB and an SH2 domain in N- to C-terminal order; shc-1 interacts with both the JNK and insulin signaling pathways to regulate stress response and adult life span; SHC-1::GFP is widely expressed during postembryonic development and localizes to both the cytoplasm and the nucleus.",PH domain-like; PTB/PI domain; SH2 domain,F54A5.3b.1,shc-1-204,protein_coding,I,-,5250,3974,681,592,PIS,5'UTR,3216,3230,3216,3230,15,CCCCCCCCCCCCCCC,15,,3974,0.251636
WBGene00018788,shc-1,"shc-1 encodes four proteins by multiple splicing, three of which are rather small (52-81 residues); however, one isoform (F54A5.3A, 316 residues) is a ortholog of vertebrate Shc proteins (e.g., p52/p46SHC and p66SHC); like its orthologs, F54A5.3A has a PTB and an SH2 domain in N- to C-terminal order; shc-1 interacts with both the JNK and insulin signaling pathways to regulate stress response and adult life span; SHC-1::GFP is widely expressed during postembryonic development and localizes to both the cytoplasm and the nucleus.",PH domain-like; PTB/PI domain; SH2 domain,F54A5.3g,shc-1-209,ncRNA,I,-,4585,0,0,0,PIS,3'UTR,2637,2661,2637,2661,25,CCCACCCCTCCCACTCCCACTCCCC,3;4;3;1;3;1;4,1;1;1;1;1;1,4585,0.218103
WBGene00018788,shc-1,"shc-1 encodes four proteins by multiple splicing, three of which are rather small (52-81 residues); however, one isoform (F54A5.3A, 316 residues) is a ortholog of vertebrate Shc proteins (e.g., p52/p46SHC and p66SHC); like its orthologs, F54A5.3A has a PTB and an SH2 domain in N- to C-terminal order; shc-1 interacts with both the JNK and insulin signaling pathways to regulate stress response and adult life span; SHC-1::GFP is widely expressed during postembryonic development and localizes to both the cytoplasm and the nucleus.",PH domain-like; PTB/PI domain; SH2 domain,F54A5.3g,shc-1-209,ncRNA,I,-,4585,0,0,0,PIS,3'UTR,3206,3220,3206,3220,15,CCCCCCCCCCCCCCC,15,,4585,0.218103
WBGene00019211,H18N23.2,none available,"CBM21 (carbohydrate binding type-21) domain; Protein phosphatase 1 regulatory subunit 3B/C/D, metazoa",H18N23.2a.1,H18N23.2-201,protein_coding,X,-,2148,7,1032,1106,PIS,3'UTR,1750,1772,711,733,23,CCCGCCCCGCCCCCGCCCAACCC,3;4;5;3;3,1;1;1;2,1109,0.901713
WBGene00019211,H18N23.2,none available,"CBM21 (carbohydrate binding type-21) domain; Protein phosphatase 1 regulatory subunit 3B/C/D, metazoa",H18N23.2a.1,H18N23.2-201,protein_coding,X,-,2148,7,1032,1106,PIS,3'UTR,2043,2069,1004,1030,27,CCCCCTTCCCCTTCCTTCCCACTCCCC,5;4;2;3;1;4,2;2;2;1;1,1109,0.901713
WBGene00019211,H18N23.2,none available,"CBM21 (carbohydrate binding type-21) domain; Protein phosphatase 1 regulatory subunit 3B/C/D, metazoa",H18N23.2c.1,H18N23.2-202,protein_coding,X,-,2298,128,1062,1105,PIS,3'UTR,1901,1923,711,733,23,CCCGCCCCGCCCCCGCCCAACCC,3;4;5;3;3,1;1;1;2,1108,0.902527
WBGene00019211,H18N23.2,none available,"CBM21 (carbohydrate binding type-21) domain; Protein phosphatase 1 regulatory subunit 3B/C/D, metazoa",H18N23.2c.1,H18N23.2-202,protein_coding,X,-,2298,128,1062,1105,PIS,3'UTR,2194,2220,1004,1030,27,CCCCCTTCCCCTTCCTTCCCACTCCCC,5;4;2;3;1;4,2;2;2;1;1,1108,0.902527
WBGene00019326,K02F3.2,"The K02F3.2 gene encodes a homolog of human SLC25A13, which when mutated leads to adult onset type II citrullinaemia (OMIM:603471).",EF-hand domain; EF-hand domain pair; Mitochondrial carrier domain; Mitochondrial carrier protein; Mitochondrial substrate/solute carrier,K02F3.2a.1,K02F3.2-201,protein_coding,III,+,3214,20,2124,1067,PIS,3'UTR,3080,3098,936,954,19,CCCTTCCCCACCCTCGCCC,3;4;3;1;3,2;1;1;1,1070,0.934579
WBGene00019326,K02F3.2,"The K02F3.2 gene encodes a homolog of human SLC25A13, which when mutated leads to adult onset type II citrullinaemia (OMIM:603471).",EF-hand domain; EF-hand domain pair; Mitochondrial carrier domain; Mitochondrial carrier protein; Mitochondrial substrate/solute carrier,K02F3.2b.1,K02F3.2-202,protein_coding,III,+,3219,0,2148,1068,PIS,3'UTR,3084,3102,936,954,19,CCCTTCCCCACCCTCGCCC,3;4;3;1;3,2;1;1;1,1071,0.933707
WBGene00019435,K06A9.1,"The K06A9.1 gene encodes an homolog of human TCOF1, which when mutated leads to Treacher-Collins syndrome (OMIM:154500).",,K06A9.1b.1,K06A9.1-203,protein_coding,X,+,7791,0,7788,0,PIS,CDS,3617,3637,3617,3637,21,CCCAATCCCCTTACCCATCCC,3;4;3;3,3;3;2,7788,0.128403
WBGene00019435,K06A9.1,"The K06A9.1 gene encodes an homolog of human TCOF1, which when mutated leads to Treacher-Collins syndrome (OMIM:154500).",,K06A9.1b.1,K06A9.1-203,protein_coding,X,+,7791,0,7788,0,PIS,CDS,6988,7012,6988,7012,25,CCCTCCTCGCCCCGTTCCCTATCCC,3;2;1;4;3;3,1;1;1;3;3,7788,0.128403
WBGene00019435,K06A9.1,"The K06A9.1 gene encodes an homolog of human TCOF1, which when mutated leads to Treacher-Collins syndrome (OMIM:154500).",,K06A9.1e.1,K06A9.1-205,protein_coding,X,+,4863,0,4860,0,PIS,CDS,3617,3637,3617,3637,21,CCCAATCCCCTTACCCATCCC,3;4;3;3,3;3;2,4860,0.205761
WBGene00019435,K06A9.1,"The K06A9.1 gene encodes an homolog of human TCOF1, which when mutated leads to Treacher-Collins syndrome (OMIM:154500).",,K06A9.1f.1,K06A9.1-206,protein_coding,X,+,5409,0,5406,0,PIS,CDS,3617,3637,3617,3637,21,CCCAATCCCCTTACCCATCCC,3;4;3;3,3;3;2,5406,0.18498
WBGene00019435,K06A9.1,"The K06A9.1 gene encodes an homolog of human TCOF1, which when mutated leads to Treacher-Collins syndrome (OMIM:154500).",,K06A9.1g.1,K06A9.1-207,protein_coding,X,+,5685,0,5682,0,PIS,CDS,3617,3637,3617,3637,21,CCCAATCCCCTTACCCATCCC,3;4;3;3,3;3;2,5682,0.175994
WBGene00019487,ephx-1,none available,Dbl homology (DH) domain; PH domain-like; Pleckstrin homology domain; SH3 domain,K07D4.7a.1,ephx-1-201,protein_coding,II,+,3792,0,3477,312,PIS,CDS,765,791,765,791,27,CCCGAGAATCCCGAATATCCCCGTCCC,3;3;4;3,6;6;2,3477,0.287604
WBGene00019487,ephx-1,none available,Dbl homology (DH) domain; PH domain-like; Pleckstrin homology domain; SH3 domain,K07D4.7c.1,ephx-1-202,protein_coding,II,+,3060,0,3057,0,PIS,CDS,345,371,345,371,27,CCCGAGAATCCCGAATATCCCCGTCCC,3;3;4;3,6;6;2,3057,0.327118
WBGene00019601,K09H11.4,none available,,K09H11.4.1,K09H11.4-201,protein_coding,V,-,2158,18,1890,247,PIS,CDS,1186,1211,1168,1193,26,CCCAAGCCCCAAATCCCTCCGTTCCC,3;4;3;2;3,3;4;1;3,1890,0.529101
WBGene00019781,M60.6,none available,CD20-like family,M60.6.1,M60.6-201,protein_coding,X,-,1273,204,750,316,PIS,5'UTR,97,123,97,123,27,CCCCTTTTCCCATCCCCTGAATTGCCC,4;3;4;3,4;2;7,204,4.901961
WBGene00019868,R04B3.3,none available,,R04B3.3.1,R04B3.3-201,protein_coding,X,-,1813,44,1638,128,PIS,CDS,704,730,660,686,27,CCCAACCCCTAATGACCCTAACCTCCC,3;4;3;2;3,2;6;3;1,1638,0.610501
WBGene00019871,R04E5.8,none available,,R04E5.8a.1,R04E5.8-201,protein_coding,X,-,3803,15,2991,794,PIS,3'UTR,3412,3429,406,423,18,CCCCCCCTCCCCCCCCCC,7;10,1,797,1.254705
WBGene00019871,R04E5.8,none available,,R04E5.8b.1,R04E5.8-202,protein_coding,X,-,4038,2544,426,1065,PIS,3'UTR,3683,3700,713,730,18,CCCCCCCTCCCCCCCCCC,7;10,1,1068,0.93633
WBGene00019871,R04E5.8,none available,,R04E5.8b.2,R04E5.8-204,protein_coding,X,-,3828,2535,426,864,PIS,3'UTR,3539,3556,578,595,18,CCCCCCCTCCCCCCCCCC,7;10,1,867,1.153403
WBGene00019871,R04E5.8,none available,,R04E5.8b.3,R04E5.8-203,protein_coding,X,-,1681,370,426,882,PIS,3'UTR,1338,1355,542,559,18,CCCCCCCTCCCCCCCCCC,7;10,1,885,1.129944
WBGene00020092,pcf-11,none available,CID domain; ENTH/VHS; RNA polymerase II-binding domain,R144.2a.1,pcf-11-204,protein_coding,III,+,2840,64,2469,304,PIS,3'UTR,2727,2759,194,226,33,CCCCCCCCCCCCCCCCCCCCCCCCCAACGTCCC,25;1;3,2;2,307,3.257329
WBGene00020092,pcf-11,none available,CID domain; ENTH/VHS; RNA polymerase II-binding domain,R144.2a.2,pcf-11-202,protein_coding,III,+,3084,130,2469,482,PIS,3'UTR,2793,2825,194,226,33,CCCCCCCCCCCCCCCCCCCCCCCCCAACGTCCC,25;1;3,2;2,485,2.061856
WBGene00020092,pcf-11,none available,CID domain; ENTH/VHS; RNA polymerase II-binding domain,R144.2b.2,pcf-11-203,protein_coding,III,+,3635,416,855,2361,PIS,5'UTR,21,43,21,43,23,CCCTTCCCATTCCCCTATCCCCC,3;3;4;5,2;3;3,416,2.403846
WBGene00020092,pcf-11,none available,CID domain; ENTH/VHS; RNA polymerase II-binding domain,R144.2b.2,pcf-11-203,protein_coding,III,+,3635,416,855,2361,PIS,3'UTR,3345,3377,2074,2106,33,CCCCCCCCCCCCCCCCCCCCCCCCCAACGTCCC,25;1;3,2;2,2364,0.423012
WBGene00020100,mks-1,"mks-1 encodes, by alternative splicing, two isoforms of an ortholog of  human MKS1, and is paralogous to  MKRS-1 and MKRS-2; MKS-1 is redundantly required with NPH-4 for roughly  normal foraging, and with both NPH-1 and NPH-4 for cilia formation;  MKS-1 is expressed in a subset of amphid and inner labial neurons, in a  DAF-19-dependent manner; MKS-1 forms a complex with MKRS-1 and MKRS-2 at  the base of cilia, requires MKRS-1 and MKRS-2 for localization to the  transistion zone, and is coexpressed with these proteins in ciliated  sensory neurons; mks-1(RNAi) suppresses the normal egg-laying defect of  egl-9 mutants.",B9 domain,R148.1.1,mks-1-201,protein_coding,III,+,1885,420,1374,88,PIS,5'UTR,334,351,334,351,18,CCCTATGCCCCCCCCCCC,3;11,4,420,2.380952
WBGene00020264,acl-8,none available,"Acyltransferase, C-terminal domain; Phospholipid/glycerol acyltransferase",T05H4.1.1,acl-8-201,protein_coding,V,+,1394,28,1116,247,PIS,3'UTR,1197,1218,53,74,22,CCCCCCCCCCCCCCCCCCCCCC,22,,250,4.0
WBGene00020491,T13G4.4,none available,Homocysteine-binding domain,T13G4.4.2,T13G4.4-202,protein_coding,X,-,1954,935,912,104,PIS,5'UTR,712,737,712,737,26,CCCCGCGCCCCTCCCCTTTGGGTCCC,4;1;4;4;3,1;1;1;7,935,1.069519
WBGene00020491,T13G4.4,none available,Homocysteine-binding domain,T13G4.4.3,T13G4.4-201,protein_coding,X,-,1330,311,912,104,PIS,5'UTR,236,261,236,261,26,CCCCGCGCCCCTCCCCTTTGGGTCCC,4;1;4;4;3,1;1;1;7,311,3.215434
WBGene00020605,lgc-50,none available,Gamma-aminobutyric acid A receptor/Glycine receptor alpha; Neurotransmitter-gated ion-channel; Neurotransmitter-gated ion-channel ligand-binding domain; Neurotransmitter-gated ion-channel transmembrane domain,T20B12.9.1,lgc-50-201,protein_coding,III,-,2214,70,1473,668,PIS,3'UTR,1559,1585,16,42,27,CCCTTTTCCCCCATGCCCTCCCTCCCC,3;5;3;3;4,4;3;1;1,671,1.490313
WBGene00020735,T23F2.2,none available,,T23F2.2.1,T23F2.2-201,protein_coding,X,-,5054,60,4668,323,PIS,CDS,1044,1070,984,1010,27,CCCGAACCCACCAGACCCTTCAGACCC,3;3;2;3;1;3,3;1;3;2;3,4668,0.214225
WBGene00020839,usp-5,none available,"Peptidase C19, ubiquitin carboxyl-terminal hydrolase; UBA-like; Ubiquitin-associated domain; Ubiquitinyl hydrolase; Zinc finger, RING/FYVE/PHD-type; Zinc finger, UBP-type",T27A3.2a.1,usp-5-202,protein_coding,I,+,2602,5,2367,227,PIS,3'UTR,2491,2517,119,145,27,CCCGAATTCCCCCCCTCGATTTCCCCC,3;7;1;5,5;1;5,230,4.347826
WBGene00020839,usp-5,none available,"Peptidase C19, ubiquitin carboxyl-terminal hydrolase; UBA-like; Ubiquitin-associated domain; Ubiquitinyl hydrolase; Zinc finger, RING/FYVE/PHD-type; Zinc finger, UBP-type",T27A3.2b.1,usp-5-201,protein_coding,I,+,2599,5,2373,218,PIS,3'UTR,2497,2523,119,145,27,CCCGAATTCCCCCCCTCGATTTCCCCC,3;7;1;5,5;1;5,221,4.524887
WBGene00021005,ule-1,"W03F11.1 encodes a protein with three chitin-binding peritrophin-Adomains; like CEJ-1 and CPG-2, W03F11.1 may participate in eggshellsynthesis and early embryonic development; W03F11.1 is required forfertility in mass RNAi assays; W03F11.1's multiple peritrophin-A domainsmight enable mechanical cross-linking of chitin.",Chitin binding domain,W03F11.1a.1,ule-1-201,protein_coding,I,-,806,20,705,78,PIS,CDS,211,238,191,218,28,CCCGATTCCCAACTACCCGTCCTTACCC,3;3;1;3;2;3,4;2;2;2;3,705,1.41844
WBGene00021047,zfp-3,none available,"Zinc finger, CCCH-type",W05H7.4c.1,zfp-3-204,protein_coding,X,-,3868,67,648,3150,PIS,CDS,296,320,229,253,25,CCCACCCGCCGATTCCCACTTTCCC,3;3;2;3;1;3,1;1;4;1;3,648,1.54321
WBGene00021047,zfp-3,none available,"Zinc finger, CCCH-type",W05H7.4c.1,zfp-3-204,protein_coding,X,-,3868,67,648,3150,PIS,3'UTR,1666,1690,951,975,25,CCCATTTCCCCGTCTCCCCTGCCCC,3;4;1;4;4,4;2;1;2,3153,0.317158
WBGene00021052,W06A11.1,none available,,W06A11.1.1,W06A11.1-201,protein_coding,II,+,2312,66,1995,248,PIS,CDS,1303,1331,1237,1265,29,CCCCCGATCCCCGATGCCCCCACAAACCC,5;4;5;1;3,3;4;1;3,1995,0.501253
WBGene00021129,W10D9.1,none available,,W10D9.1.1,W10D9.1-201,protein_coding,II,+,447,200,192,52,PIS,5'UTR,22,39,22,39,18,CCCCTCCCCCCCCCTCCC,4;9;3,1;1,200,5.0
WBGene00021456,rfip-2,none available,C2 domain,Y39F10B.1a.1,rfip-2-201,protein_coding,II,+,1858,0,1407,448,PIS,3'UTR,1668,1695,261,288,28,CCCAATTTGACCCCAGTTACCCCCTCCC,3;4;5;3,7;5;1,451,2.217295
WBGene00021456,rfip-2,none available,C2 domain,Y39F10B.1b.1,rfip-2-202,protein_coding,II,+,1718,101,1260,354,PIS,3'UTR,1622,1649,261,288,28,CCCAATTTGACCCCAGTTACCCCCTCCC,3;4;5;3,7;5;1,357,2.80112
WBGene00021470,tpxl-1,"tpxl-1 encodes the C. elegans ortholog of Xenopus laevis TPX2; during mitosis, TPXL-1 activity is required for activation and localization of the AIR-1 Aurora A kinase to mitotic spindles, and thus for proper mitotic spindle assembly; like TPX2, TPXL-1 physically interacts with the Aurora A kinase AIR-1 in vitro, and colocalizes with AIR-1 at the centrosome, particularly the outer centrosomal layer, and along microtubules extended outward from the centrosome.",,Y39G10AR.12a.1,tpxl-1-201,protein_coding,I,-,1950,1,1521,425,PIS,3'UTR,1915,1937,393,415,23,CCCGCCCGCCCGCCCGCCCGCCC,3;3;3;3;3;3,1;1;1;1;1,428,2.336449
WBGene00021473,sydn-1,none available,,Y39G10AR.17.1,sydn-1-201,protein_coding,I,-,1737,0,1734,0,PIS,CDS,527,558,527,558,32,CCCACGTCGGCCCACGTACCCCACCGAGCCCC,3;1;1;3;1;4;2;4,1;2;2;1;3;1;3,1734,0.576701
WBGene00021507,ptpn-22,none available,"PTP type protein phosphatase; Protein-tyrosine phosphatase, catalytic; Protein-tyrosine phosphatase-like",Y41D4A.5.1,ptpn-22-202,protein_coding,IV,-,2086,19,1407,657,PIS,3'UTR,1989,2016,563,590,28,CCCAAAACACCCTCCCCTACCCCAACCC,3;1;3;4;4;3,4;1;1;2;2,660,1.515152
WBGene00021507,ptpn-22,none available,"PTP type protein phosphatase; Protein-tyrosine phosphatase, catalytic; Protein-tyrosine phosphatase-like",Y41D4A.5.2,ptpn-22-201,protein_coding,IV,-,2192,92,1407,690,PIS,3'UTR,2062,2089,563,590,28,CCCAAAACACCCTCCCCTACCCCAACCC,3;1;3;4;4;3,4;1;1;2;2,693,1.443001
WBGene00021512,Y41D4B.4,none available,Tetratricopeptide-like helical domain,Y41D4B.4a.1,Y41D4B.4-202,protein_coding,IV,+,2788,3,1968,814,PIS,3'UTR,2577,2600,606,629,24,CCCCCCCCCCCCCCCCCCCCCCCC,24,,817,1.22399
WBGene00021512,Y41D4B.4,none available,Tetratricopeptide-like helical domain,Y41D4B.4b.1,Y41D4B.4-201,protein_coding,IV,+,2787,5,1965,814,PIS,3'UTR,2576,2599,606,629,24,CCCCCCCCCCCCCCCCCCCCCCCC,24,,817,1.22399
WBGene00021561,Y45G5AM.9,none available,,Y45G5AM.9a.1,Y45G5AM.9-201,protein_coding,V,-,1758,7,1497,251,PIS,3'UTR,1663,1684,159,180,22,CCCTTCCCACCCCCTCTCTCCC,3;3;5;1;1;3,2;1;1;1;1,254,3.937008
WBGene00021607,Y46H3C.7,none available,,Y46H3C.7.1,Y46H3C.7-201,protein_coding,V,-,1144,774,264,103,PIS,5'UTR,418,438,418,438,21,CCCAATCCCTTCCCAAATCCC,3;3;3;3,3;2;4,774,1.29199
WBGene00021683,mtm-10,none available,Myotubularin family; Myotubularin-like phosphatase domain; Myotubularin-related 12-like C-terminal domain; PH domain-like; Protein-tyrosine phosphatase-like,Y48G1C.10a.1,mtm-10-201,protein_coding,I,+,3142,41,2409,689,PIS,CDS,2266,2296,2225,2255,31,CCCCATCGCCCTCCTACACCCCATTTCACCC,4;1;3;2;1;4;1;3,2;1;1;2;1;4;1,2409,0.41511
WBGene00021683,mtm-10,none available,Myotubularin family; Myotubularin-like phosphatase domain; Myotubularin-related 12-like C-terminal domain; PH domain-like; Protein-tyrosine phosphatase-like,Y48G1C.10a.2,mtm-10-202,protein_coding,I,+,3132,31,2409,689,PIS,CDS,2256,2286,2225,2255,31,CCCCATCGCCCTCCTACACCCCATTTCACCC,4;1;3;2;1;4;1;3,2;1;1;2;1;4;1,2409,0.41511
WBGene00021683,mtm-10,none available,Myotubularin family; Myotubularin-like phosphatase domain; Myotubularin-related 12-like C-terminal domain; PH domain-like; Protein-tyrosine phosphatase-like,Y48G1C.10b.1,mtm-10-203,protein_coding,I,+,1245,0,1242,0,PIS,CDS,1058,1088,1058,1088,31,CCCCATCGCCCTCCTACACCCCATTTCACCC,4;1;3;2;1;4;1;3,2;1;1;2;1;4;1,1242,0.805153
WBGene00021683,mtm-10,none available,Myotubularin family; Myotubularin-like phosphatase domain; Myotubularin-related 12-like C-terminal domain; PH domain-like; Protein-tyrosine phosphatase-like,Y48G1C.10c.1,mtm-10-204,protein_coding,I,+,294,0,291,0,PIS,CDS,107,137,107,137,31,CCCCATCGCCCTCCTACACCCCATTTCACCC,4;1;3;2;1;4;1;3,2;1;1;2;1;4;1,291,3.436426
WBGene00021857,iffb-1,none available,"P-loop containing nucleoside triphosphate hydrolase; Small GTP-binding protein domain; Transcription factor, GTP-binding domain; Translation elongation factor EFTu-like, domain 2; Translation initiation factor IF- 2, domain 3; Translation protein, beta-barrel domain",Y54F10BM.2.1,iffb-1-201,protein_coding,III,+,3655,39,3222,391,PIS,3'UTR,3541,3559,280,298,19,CCCCCCACCCCCCCGCCCC,6;7;4,1;1,394,2.538071
WBGene00021882,nprt-1,none available,"Nicotinate phosphoribosyltransferase family; Nicotinate phosphoribosyltransferase pncB-type; Quinolinate phosphoribosyl transferase, C-terminal",Y54G2A.17a.1,nprt-1-203,protein_coding,IV,-,1920,90,1626,201,PIS,3'UTR,1744,1764,28,48,21,CCCCCCCCCCCCCCCCCCCCC,21,,204,4.901961
WBGene00021882,nprt-1,none available,"Nicotinate phosphoribosyltransferase family; Nicotinate phosphoribosyltransferase pncB-type; Quinolinate phosphoribosyl transferase, C-terminal",Y54G2A.17a.2,nprt-1-202,protein_coding,IV,-,1971,141,1626,201,PIS,3'UTR,1795,1815,28,48,21,CCCCCCCCCCCCCCCCCCCCC,21,,204,4.901961
WBGene00021882,nprt-1,none available,"Nicotinate phosphoribosyltransferase family; Nicotinate phosphoribosyltransferase pncB-type; Quinolinate phosphoribosyl transferase, C-terminal",Y54G2A.17a.3,nprt-1-201,protein_coding,IV,-,1875,45,1626,201,PIS,3'UTR,1699,1719,28,48,21,CCCCCCCCCCCCCCCCCCCCC,21,,204,4.901961
WBGene00021921,rbm-39,none available,"RNA recognition motif domain; RNA recognition motif domain, eukaryote; Splicing factor RBM39, linker; Splicing factor, RBM39-like",Y55F3AM.3a.1,rbm-39-201,protein_coding,IV,+,2197,164,1740,290,PIS,3'UTR,1963,1981,59,77,19,CCCCGAATCCCCCCCACCC,4;7;3,4;1,293,3.412969
WBGene00021921,rbm-39,none available,"RNA recognition motif domain; RNA recognition motif domain, eukaryote; Splicing factor RBM39, linker; Splicing factor, RBM39-like",Y55F3AM.3c.1,rbm-39-202,protein_coding,IV,+,2263,665,1305,290,PIS,3'UTR,2029,2047,59,77,19,CCCCGAATCCCCCCCACCC,4;7;3,4;1,293,3.412969
WBGene00021921,rbm-39,none available,"RNA recognition motif domain; RNA recognition motif domain, eukaryote; Splicing factor RBM39, linker; Splicing factor, RBM39-like",Y55F3AM.3c.2,rbm-39-204,protein_coding,IV,+,3214,1616,1305,290,PIS,3'UTR,2980,2998,59,77,19,CCCCGAATCCCCCCCACCC,4;7;3,4;1,293,3.412969
WBGene00021921,rbm-39,none available,"RNA recognition motif domain; RNA recognition motif domain, eukaryote; Splicing factor RBM39, linker; Splicing factor, RBM39-like",Y55F3AM.3c.3,rbm-39-203,protein_coding,IV,+,2441,846,1305,287,PIS,3'UTR,2210,2228,59,77,19,CCCCGAATCCCCCCCACCC,4;7;3,4;1,290,3.448276
WBGene00021921,rbm-39,none available,"RNA recognition motif domain; RNA recognition motif domain, eukaryote; Splicing factor RBM39, linker; Splicing factor, RBM39-like",Y55F3AM.3c.4,rbm-39-205,protein_coding,IV,+,2182,584,1305,290,PIS,3'UTR,1948,1966,59,77,19,CCCCGAATCCCCCCCACCC,4;7;3,4;1,293,3.412969
WBGene00022129,lron-11,none available,"Leucine-rich repeat; Leucine-rich repeat domain, L domain-like; Leucine-rich repeat, typical subtype",Y71F9B.8a.1,lron-11-201,protein_coding,I,-,1834,12,1626,193,PIS,3'UTR,1659,1680,21,42,22,CCCAAAGCCCCCTCCCAACCCC,3;5;3;4,4;1;2,196,5.102041
WBGene00022170,cox-6B,none available,"Cytochrome c oxidase, subunit VIb",Y71H2AM.5.2,cox-6B-201,protein_coding,III,+,572,26,363,180,PIS,5'UTR,2,22,2,22,21,CCCCCCCCCCCCCCCCCCCCC,21,,26,38.461538
WBGene00022296,xpc-1,none available,DNA repair protein Rad4; Rad4 beta-hairpin domain 1; Rad4 beta-hairpin domain 2; Rad4 beta-hairpin domain 3; Rad4/PNGase transglutaminase-like fold,Y76B12C.2.1,xpc-1-201,protein_coding,IV,+,4497,2,3357,1135,PIS,3'UTR,4352,4366,993,1007,15,CCCCCCCCCCCCCCC,15,,1138,0.878735
WBGene00022614,ZC449.4,none available,,ZC449.4.1,ZC449.4-202,protein_coding,X,-,951,413,228,307,PIS,5'UTR,233,248,233,248,16,CCCCCCCCCCCCCCCC,16,,413,2.421308
WBGene00022713,ZK355.3,none available,,ZK355.3.1,ZK355.3-201,protein_coding,II,-,574,0,528,43,PIS,CDS,266,284,266,284,19,CCCAACCCAAGCCCGGCCC,3;3;3;3,2;3;2,528,1.893939
WBGene00022731,ZK402.5,none available,SPK domain,ZK402.5.1,ZK402.5-201,protein_coding,X,-,1685,209,1473,0,PIS,CDS,1591,1612,1382,1403,22,CCCCTCCCCCCTCCCACCCCCC,4;6;3;6,1;1;1,1473,0.678887
WBGene00022745,ZK470.2,none available,,ZK470.2a.1,ZK470.2-202,protein_coding,X,+,1150,0,525,622,PIS,3'UTR,615,634,90,109,20,CCCCCCCCCCCCCCCCCCCC,20,,625,1.6
WBGene00022745,ZK470.2,none available,,ZK470.2c.1,ZK470.2-201,protein_coding,X,+,1404,5,780,616,PIS,3'UTR,875,894,90,109,20,CCCCCCCCCCCCCCCCCCCC,20,,619,1.615509
WBGene00022834,ZK973.8,none available,Protein of unknown function DUF1265; SKP1/BTB/POZ domain,ZK973.8.1,ZK973.8-201,protein_coding,I,-,2185,958,1176,48,PIS,CDS,1293,1311,335,353,19,CCCACCCGCCCGGATTCCC,3;3;3;3,1;1;5,1176,0.85034
WBGene00044109,K02E11.10,none available,,K02E11.10.1,K02E11.10-201,protein_coding,V,-,1083,0,1080,0,PIS,CDS,167,194,167,194,28,CCCCAGCCCCACTCTTCCCATCCGCCCC,4;4;1;1;3;2;4,2;1;1;2;2;1,1080,0.925926
WBGene00044200,H37A05.4,none available,,H37A05.4a.1,H37A05.4-201,protein_coding,V,-,2299,1383,843,70,PIS,5'UTR,359,374,359,374,16,CCCCTCCCCCCCTCCC,4;7;3,1;1,1383,0.723066
WBGene00044493,Y54G2A.50,none available,,Y54G2A.50.3,Y54G2A.50-201,protein_coding,IV,+,1236,371,456,406,PIS,5'UTR,133,158,133,158,26,CCCCGCGCCCCTCCCCTTTGGGTCCC,4;1;4;4;3,1;1;1;7,371,2.695418
WBGene00044623,bus-8B,"bus-8 encodes a glycosyltransferase related to mannosyltransferases that play a role in protein N-linked glycosylation ; bus-8 is required for colonization by Microbacterium nematophilum and the tail-swelling response to M. nematophilum infection; bus-8 is also essential for enclosure during embryonic morphogenesis, functioning in or with ephrin-mediated signaling to effect the proper neuroblast organization that facilitates epidermal migration; bus-8 is also required for cuticle integrity, normal cuticle antigens, completely normal traction during movement, and viability; a BUS-8::GFP fusion protein is detected during embryonic morphogenesis in cells underlying the ventral epidermis (possibly neuroblasts), subsequent expression is then restricted to the hypodermal seam cells which continues throughout postembryonic development.","Glycosyl transferase, family 1; Glycosyltransferase subfamily 4-like, N-terminal domain",T23F2.1.1,bus-8B-202,protein_coding,X,+,1761,0,1311,447,PIS,3'UTR,1436,1461,125,150,26,CCCTTTCCATCCCACTCACCCTCCCC,3;2;3;1;1;3;4,3;2;1;1;1;1,450,2.222222
WBGene00044623,bus-8B,"bus-8 encodes a glycosyltransferase related to mannosyltransferases that play a role in protein N-linked glycosylation ; bus-8 is required for colonization by Microbacterium nematophilum and the tail-swelling response to M. nematophilum infection; bus-8 is also essential for enclosure during embryonic morphogenesis, functioning in or with ephrin-mediated signaling to effect the proper neuroblast organization that facilitates epidermal migration; bus-8 is also required for cuticle integrity, normal cuticle antigens, completely normal traction during movement, and viability; a BUS-8::GFP fusion protein is detected during embryonic morphogenesis in cells underlying the ventral epidermis (possibly neuroblasts), subsequent expression is then restricted to the hypodermal seam cells which continues throughout postembryonic development.","Glycosyl transferase, family 1; Glycosyltransferase subfamily 4-like, N-terminal domain",T23F2.1.2,bus-8B-201,protein_coding,X,+,1917,100,1311,503,PIS,3'UTR,1536,1561,125,150,26,CCCTTTCCATCCCACTCACCCTCCCC,3;2;3;1;1;3;4,3;2;1;1;1;1,506,1.976285
WBGene00044789,T07A9.14,none available,Ribosomal protein S24e,T07A9.14.1,T07A9.14-201,protein_coding,IV,+,958,0,612,343,PIS,3'UTR,685,707,73,95,23,CCCACATCCCATCCCAGCATCCC,3;1;3;3;1;3,1;2;2;2;2,346,2.890173
WBGene00302980,F53E2.2,none available,,F53E2.2.1,F53E2.2-201,protein_coding,V,+,1263,53,495,712,PIS,3'UTR,1174,1192,626,644,19,CCCACCCTGCCCGATCCCC,3;3;3;4,1;2;3,715,1.398601
WBGene00014735,WBGene00014735,none available,,F14H3.13,F14H3.13,pseudogene,V,+,558,0,0,0,PIS,3'UTR,75,99,75,99,25,CCCTCCAGGACCCTTCCCTTTGCCC,3;2;3;3;3,1;4;2;4,558,1.792115
WBGene00014992,WBGene00014992,none available,,ZK1025.1,ZK1025.1,pseudogene,I,+,3193,0,0,0,PIS,3'UTR,3116,3137,3116,3137,22,CCCTCCCCCCCCCCCCCCCCCC,3;18,1,3193,0.313185
WBGene00017152,WBGene00017152,none available,,EGAP798.1,EGAP798.1,pseudogene,V,+,2543,0,0,0,PIS,3'UTR,1454,1469,1454,1469,16,CCCCCCCCCCCCCCCC,16,,2543,0.393236
WBGene00018537,WBGene00018537,none available,,F47B7.6,F47B7.6,pseudogene,X,-,657,0,0,0,PIS,3'UTR,306,321,306,321,16,CCCCCCCTCCCCCCCC,7;8,1,657,1.52207
WBGene00019384,WBGene00019384,none available,,K04F1.1,K04F1.1,pseudogene,V,-,1341,0,0,0,PIS,3'UTR,638,667,638,667,30,CCCTACCCTACCCTTTACCCTAATTTACCC,3;3;3;3;3,2;2;4;7,1341,0.745712
WBGene00021187,WBGene00021187,none available,,Y9D1A.2,Y9D1A.2,pseudogene,II,-,1962,0,0,0,PIS,3'UTR,442,462,442,462,21,CCCAATCCCTTCCCAAATCCC,3;3;3;3,3;2;4,1962,0.509684
WBGene00045062,WBGene00045062,none available,,Y38H8A.8,Y38H8A.8,pseudogene,IV,-,1866,0,0,0,PIS,3'UTR,1641,1661,1641,1661,21,CCCCCCCCCCCCTCCTCACCC,12;2;1;3,1;1;1,1866,0.535906
WBGene00206420,WBGene00206420,none available,,T26G10.7,T26G10.7,pseudogene,III,-,622,0,0,0,PIS,3'UTR,511,528,511,528,18,CCCTCCCCCCCCCCCCCC,3;14,1,622,1.607717
WBGene00306078,WBGene00306078,none available,,Y51H7C.42,Y51H7C.42,pseudogene,II,+,2552,0,0,0,PIS,3'UTR,332,352,332,352,21,CCCAATCCCTTCCCAAATCCC,3;3;3;3,3;2;4,2552,0.39185
