wormbase_gene_id,gene_symbol,gene_function,protein_domains,chromosome,strand,biotype,gene_length,pis_total_hits,pgs_total_hits,pis_total_density_per_kb,pgs_total_density_per_kb,pis_CDS_hits,pgs_CDS_hits,pis_five_prime_UTR_hits,pgs_five_prime_UTR_hits,pis_three_prime_UTR_hits,pgs_three_prime_UTR_hits,pis_intron_hits,pgs_intron_hits,pis_promoter_hits,pgs_promoter_hits
__intergenic__,__intergenic__,,,,,,0,554,541,0.0,0.0,0,0,0,0,0,0,0,0,0,0
WBGene00005605,srj-17,none available,,V,+,pseudogene,2792,16,0,5.7307,0.0,16,0,0,0,0,0,0,0,0,0
WBGene00006786,unc-51,"unc-51 encodes a serine/threonine protein kinase orthologous to Saccharomyces cerevisiae autophagy protein Atg1p and the vertebrate ULK proteins; unc-51 is required for axon outgrowth along the anterior-posterior axis and sex myoblast migration; in regulating axon outgrowth, UNC-51 functions together with the VAB-8 kinesin-like protein and UNC-14, both of which physically interact with, and are phosphorylated by, UNC-51, and with the UNC-5 Netrin receptor, whose subcellular localization in neurons is regulated by UNC-51 and UNC-14; in addition, UNC-51 is required for normal dauer morphogenesis of daf-2 mutant animals; UNC-51 is expressed in all C. elegans neurons and in body wall and pharyngeal muscles; in neurons, an UNC-51::GFP fusion protein shows punctate cytoplasmic localization in axons and cell bodies and partial co-localization with UNC-14 and UNC-5.","Protein kinase domain; Protein kinase-like domain; Serine/threonine-protein kinase Unc-51; Serine/threonine-protein kinase, C-terminal",V,-,protein_coding,8500,0,14,0.0,1.6471,0,13,0,0,0,0,0,1,0,0
WBGene00008500,F01D5.10,none available,Protein of unknown function DUF595; Sulfotransferase,II,-,protein_coding,3495,0,10,0.0,2.8612,0,1,0,0,0,0,0,9,0,0
WBGene00015197,B0454.6,none available,"Amino acid/polyamine transporter I; Cationic amino acid transporter, C-terminal",II,+,protein_coding,3343,0,9,0.0,2.6922,0,2,0,0,0,0,0,7,0,0
WBGene00002181,kal-1,"kal-1 encodes a cell surface protein that contains a WAP-type protease inhibitor domain and Type III fibronectin domains and is the C. elegans ortholog of human KAL-1, mutated in the X-linked form of the neurological disorder Kallmann syndrome; in C. elegans, both kal-1 loss-of-function mutations and kal-1 overexpression result in similar phenotypes that indicate KAL-1 activity is required for epithelial morphogenesis and axon branching; kal-1 transcriptional reporters reveal expression beginning in the 50-cell stage embryo in 2-3 cells with later embryonic expression in at least 8-10 AB-derived ventral neuroblasts that are a substrate for migrating epidermal cells during ventral enclosure; later expression in larvae and adults is restricted to anterior neurons, including AIY, AIZ, RID, M5, ASI, and labial sensory neurons, ventral nerve cord motorneurons, midbody neurons HSN, CAN, and PVM, tail neurons DVB, DVC, and PDB, and the nonneuronal excretory cell as well as in uterine muscles; in the AIY interneurons, kal-1 is part of a gene battery whose expression is under the control of the CEH-10 and TTX-3 Paired and LIM-type homeodomains, respectively.",Fibronectin type III; Immunoglobulin-like fold; WAP-type 'four-disulfide core' domain,I,-,protein_coding,13617,6,2,0.4406,0.1469,0,1,0,0,0,0,6,1,0,0
WBGene00004165,pqn-84,"The protein product of this gene is predicted to contain a glutamine/asparagine (Q/N)-rich ('prion') domain, by the algorithm of Michelitsch and Weissman (as of the WS77 release of WormBase, i.e., in wormpep77).","Concanavalin A-like lectin/glucanase domain; Galectin, carbohydrate recognition domain",III,+,protein_coding,2604,7,1,2.6882,0.384,5,1,0,0,0,0,2,0,0,0
WBGene00007583,C14B4.2,none available,,V,-,protein_coding,30315,1,7,0.033,0.2309,0,0,0,0,0,0,1,7,0,0
WBGene00022518,zfh-2,"zfh-2 is a homeobox gene of the ZF (zinc finger class); it encodes three homeodomains and encodes at last 15 zinc fingers; the ZF class is subdivided into several families; zfh-2 belongs to the Zfhx family and is orthologous to Drosophila zfh-2, and the three paralogous human genes ZFHX2, ZFHX3, and ZFHX4 (zinc finger homeobox 2, 3, 4); zfh-2 is involved in hermaphrodite genitalia development, locomotion, nematode larval development and receptor-mediated endocytosis; zfh-2 is predicted to have DNA binding activity and zinc ion binding activity, based on protein domain information; zfh-2 is expressed in the anal depressor muscle, anal sphincter muscle, body wall musculature, vulval muscle, and the nerve ring.","Homeobox domain; Homeobox domain-like; Matrin/U1-C-like, C2H2-type zinc finger; Zinc finger C2H2-type",I,+,protein_coding,31398,6,1,0.1911,0.0318,1,0,0,0,0,0,5,1,0,0
WBGene00201191,F57G4.14,none available,,V,-,ncRNA,202,0,7,0.0,34.6535,0,0,0,0,0,0,0,7,0,0
WBGene00006876,vab-10,"vab-10 encodes, by alternative splicing, two spectraplakins (VAB-10A and VAB-10B) that are jointly required for mechanical resilience of the epidermis under strain by the contraction of actin microfilaments mechanically linked to fibrous organelles (FOs); VAB-10A/B are, accordingly, required for elongation during embryonic morphogenesis; VAB-10A has C-terminal plectin repeats while VAB-10B has spectrin repeats; VAB-10A is required to keep the epidermis and extracellular matrix attached via FOs, while VAB-10B is required to keep the apical and basal epidermal plasma membranes connected during morphogenesis; vab-10a and vab-10b mutations complement one another; vab-10 is orthologous to human BPAG1 (dystonin or MACF2, OMIM:113810, encoding an autoantigen of bullous pemphigoid blistering disease) and dJ562N20.1 (MACF1), and to Drosophila SHORT STOP.",Calponin homology domain; EF-hand domain pair; Gas2-related domain; Plectin repeat; Spectrin repeat; Spectrin/alpha-actinin,I,-,protein_coding,57568,2,4,0.0347,0.0695,1,1,0,0,0,0,1,3,0,0
WBGene00021187,Y9D1A.2,none available,,II,-,pseudogene,2583,5,1,1.9357,0.3871,5,1,0,0,0,0,0,0,0,0
WBGene00202229,F57G4.15,none available,,V,+,ncRNA,171,0,6,0.0,35.0877,0,0,0,0,0,0,0,6,0,0
WBGene00189954,F40G9.18,none available,,III,-,protein_coding,2320,5,0,2.1552,0.0,4,0,0,0,0,0,1,0,0,0
WBGene00008812,F14F7.5,none available,Domain of unknown function WSN,III,+,protein_coding,4408,5,0,1.1343,0.0,5,0,0,0,0,0,0,0,0,0
WBGene00006985,zig-8,zig-8 encodes a predicted secreted protein that is a member of the immunoglobulin superfamily of proteins; a zig-8::gfp reporter fusion is expressed in the PVT neuron and in pharyngeal muscle.,Immunoglobulin I-set; Immunoglobulin V-set domain; Immunoglobulin subtype; Immunoglobulin subtype 2; Immunoglobulin-like domain; Immunoglobulin-like fold,III,+,protein_coding,14119,4,1,0.2833,0.0708,0,0,0,0,0,0,4,1,0,0
WBGene00019562,K09C6.8,none available,Protein kinase-like domain,V,-,protein_coding,3009,0,5,0.0,1.6617,0,0,0,0,0,0,0,5,0,0
WBGene00013949,ZK262.2,none available,Alpha/Beta hydrolase fold; Fungal lipase-like domain,V,-,protein_coding,2661,1,4,0.3758,1.5032,0,4,0,0,0,0,1,0,0,0
WBGene00044138,sssh-1,none available,,X,+,protein_coding,2888,0,5,0.0,1.7313,0,0,0,0,0,0,0,5,0,0
WBGene00020283,T06A4.3,none available,"Carboxypeptidase, activation peptide; Peptidase M14, carboxypeptidase A; Protease propeptides/proteinase inhibitor I9; ShKT domain",I,+,protein_coding,7243,4,0,0.5523,0.0,1,0,0,0,0,0,3,0,0,0
WBGene00012946,Y47H9B.2,none available,Chymotrypsin family Peptidase-S1,I,+,protein_coding,3283,4,0,1.2184,0.0,0,0,0,0,0,0,4,0,0,0
WBGene00002189,kin-1,"kin-1 encodes multiple isoforms of a serine/threonine protein kinase that is orthologous to cAMP-dependent protein kinase (protein kinase A or PKA) catalytic subunits; KIN-1 is able to phosphorylate histone H2B in vitro and is associated with both particulate (~65%) and cytosolic (35%) cellular fractions; KIN-1 is expressed at low levels during embryogenesis, but its expression level increases in late embryogenesis, whereupon KIN-1 expression remains relatively high throughout larval and adult development; kin-1 mRNA levels, however, are fairly constant throughout development, suggesting that KIN-1 expression is regulated post-transcriptionally.","AGC-kinase, C-terminal; Protein kinase domain; Protein kinase-like domain",I,+,protein_coding,38461,2,2,0.052,0.052,2,1,0,0,0,0,0,1,0,0
WBGene00020092,pcf-11,none available,CID domain; ENTH/VHS; RNA polymerase II-binding domain,III,+,protein_coding,4912,4,0,0.8143,0.0,1,0,1,0,0,0,2,0,0,0
WBGene00021428,Y38F2AR.10,none available,Major sperm protein (MSP) domain; PapD-like; Vesicle-associated membrane-protein-associated protein,IV,-,protein_coding,3280,0,4,0.0,1.2195,0,0,0,0,0,0,0,4,0,0
WBGene00013101,Y51H4A.5,none available,Alpha/Beta hydrolase fold; Fungal lipase-like domain,IV,-,protein_coding,3610,4,0,1.108,0.0,0,0,0,0,0,0,4,0,0,0
WBGene00020388,T10B5.2,none available,,V,-,pseudogene,3373,0,4,0.0,1.1859,0,0,0,0,0,0,0,4,0,0
WBGene00017930,F29G9.1,none available,,V,+,protein_coding,1482,2,2,1.3495,1.3495,0,2,1,0,0,0,0,0,0,0
WBGene00044200,H37A05.4,none available,,V,-,protein_coding,2902,3,1,1.0338,0.3446,3,0,0,1,0,0,0,0,0,0
WBGene00016725,C46H3.2,none available,Ankyrin repeat; Ankyrin repeat-containing domain; SH3 domain; Sterile alpha motif domain; Sterile alpha motif/pointed domain,X,-,protein_coding,18999,2,2,0.1053,0.1053,0,0,0,0,0,0,1,2,0,0
WBGene00019435,K06A9.1,"The K06A9.1 gene encodes an homolog of human TCOF1, which when mutated leads to Treacher-Collins syndrome (OMIM:154500).",,X,+,protein_coding,12641,4,0,0.3164,0.0,3,0,0,0,0,0,1,0,0,0
WBGene00006742,unc-2,"unc-2 encodes a calcium channel alpha subunit similar to the human P/Q-type calcium channel, CACNA1A; unc-2 is required for desensitization to dopamine, normal movement, normally low sensitivity of whole animals to serotonin, and neuronal migrations; unc-2 interacts with the TGF beta pathway to regulate movement, and maintain normal serotonin levels; unc-2/TGF beta pathway is also required for the stress-induced modulation of tryptophan hydroxylase/tph-1 expression in the serotonergic chemosensory ADF neurons (but not the NSM neurons); UNC-2 is expressed primarily in motor neurons, several sensory neurons, and the HSN and VC neurons controlling egg-laying.","Ion transport domain; Voltage-dependent L-type calcium channel, IQ-associated domain; Voltage-dependent calcium channel, alpha-1 subunit; Voltage-dependent calcium channel, alpha-1 subunit, IQ domain",X,-,protein_coding,52607,2,2,0.038,0.038,0,0,0,0,0,0,2,1,0,0
WBGene00021733,otub-2,The Y50C1A.1 gene encodes an A20-like protease homolog that may be involved in apoptosis.,OTU domain,I,+,protein_coding,14028,2,1,0.1426,0.0713,0,0,0,0,0,0,2,1,0,0
WBGene00022159,mppa-1,none available,"Metalloenzyme, LuxS/M16 peptidase-like; Peptidase M16, C-terminal; Peptidase M16, N-terminal",I,-,protein_coding,10415,0,3,0.0,0.288,0,0,0,0,0,0,0,3,0,0
WBGene00010770,K11D2.4,none available,Zinc finger C2H2-type,I,+,protein_coding,9536,3,0,0.3146,0.0,0,0,0,0,3,0,0,0,0,0
WBGene00007655,C17H1.2,none available,,I,-,protein_coding,18014,0,3,0.0,0.1665,0,3,0,0,0,0,0,0,0,0
WBGene00012394,hsd-1,"hsd-1 encodes a hydroxysteroid dehydrogenase orthologous to 3beta-hydroxysteroid dehydrogenase/delta5-delta4 isomerases (3beta-HSDs); HSD-1 likely functions in the biosynthesis of steroid hormones, such as delta4-dafachronic acid, to promote reproductive growth (larval development) and prevent dauer arrest; in regulating larval development, hsd-1 exhibits cross-talk with the insulin signaling pathway, via regulation of the subcellular localization, and hence activity, of DAF-16; hsd-1 is expressed in the two neuronal-like XXX(L/R) cells beginning in late embryogenesis (pretzel stage) and continuing through all four larval stages, with expression fading in adults; HSD-1 is paralogous to HSD-2 and HSD-3.",3-beta hydroxysteroid dehydrogenase/isomerase; NAD(P)-binding domain,I,-,protein_coding,4329,0,3,0.0,0.693,0,0,0,0,0,0,0,3,0,0
WBGene00008187,C49A1.5,none available,Glycosyltransferase family 92,I,+,protein_coding,4787,1,2,0.2089,0.4178,0,0,1,0,0,0,0,2,0,0
WBGene00005078,src-2,"src-2 encodes a non-receptor protein tyrosine kinase that, along with src-1, is one of two C. elegans Src family kinase members; although src-2(RNAi) alone results in no overt phenotype, src-2(RNAi) performed in the background of retinoblastoma pathway mutants results in embryonic and larval lethality, as well as sterility; a src-2::GFP reporter fusion is expressed in pharyngeal muscles, the vulva, and some cells around anus; overexpression of SRC-2 in yeast cell results in an overall increase in protein tyrosine phosphorylation levels, which is suppressed by co-expression with CSK-1, a predicted negative regulator of SRC-2 activity.","Protein kinase-like domain; SH2 domain; SH3 domain; Serine-threonine/tyrosine-protein kinase, catalytic domain; Tyrosine-protein kinase, catalytic domain",I,+,protein_coding,6729,1,2,0.1486,0.2972,0,0,0,0,0,0,1,2,0,0
WBGene00001147,eat-18,"eat-18 encodes a small novel protein with an intracellular N terminus, a single predicted transmembrane domain, and a short, extracellular carboxy terminus; eat-18 is required for proper nicotinic neurotransmission by the excitatory pharyngeal MC neuron and thus, for rapid pharyngeal pumping in the presence of food; eat-18 is also required for alpha-bungarotoxin-binding to pharyngeal nicotinic receptors, suggesting that EAT-18 is required for normal topology of most or all nicotinic receptors in postsynaptic cells in the pharynx; an EAT-18::GFP fusion protein is expressed in pharyngeal muscle, the M5 pharyngeal motor neuron, and five to six unidentified extrapharyngeal neurons; eat-18 displays allele-specific genetic interactions with eat-2, which encodes a non-alpha-nicotonic acetylcholine receptor subunit expressed in pharyngeal muscle and also required for proper regulation of the pharyngeal pumping rate.",,I,+,protein_coding,8363,3,0,0.3587,0.0,0,0,3,0,0,0,0,0,0,0
WBGene00018572,lin-42,"lin-42 encodes three PAS domain-containing proteins orthologous to insect and vertebrate Period proteins that function in regulation of circadian rhythms; during larval development, lin-42 functions in the heterochronic pathway to regulate developmental switches that occurs in multiple tissues, including the hypodermis, gonad, sex myoblasts, and vulva; genetic analysis suggests that, in the hypodermis, lin-42 acts downstream of lin-46 and in the hypodermis and gonad, in parallel to daf-12 and upstream of lin-29; lin-42 mRNA levels oscillate during larval development with peak levels seen during intermolts and low levels seen during ecdysis and after the L4-to-adult molt; LIN-42 protein appears to be a widely expressed nuclear protein whose levels also fluctuate during larval stages, with peak protein typically seen towards the latter half of each larval stage in a cell type-specific manner, and then disappearing during each successive molt; in addition to three PAS domain-containing proteins, lin-42 also encodes a protein that lacks the PAS domain; transformation rescue experiments indicate that the LIN-42 isoform lacking the PAS domain is sufficient for rescue when present in multiple copies.",PAS domain,II,-,protein_coding,19124,0,3,0.0,0.1569,0,1,0,0,0,1,0,0,0,0
WBGene00004215,ptp-3,"ptp-3 encodes a receptor-like tyrosine phosphatase orthologous to the LAR (Leukocyte Common Antigen Related, OMIM:179590) subfamily of receptor-like tyrosine phosphatases that contain extracellular immunoglobulin-like and fibronectin type III domains and have been implicated in linking cell adhesion to intracellular phosphotyrosine levels; PTP-3 plays a role in gastrulation and epidermal development and functions partly redundantly with the VAB-1 Eph receptor and ephrins VAB-2 and EFN-4 to regulate embryonic morphogenesis; PTP-3 is expressed in many tissues during early embryogenesis, but expression later becomes localized to neuronal processes and epithelial adherens junctions.","Fibronectin type III; Immunoglobulin I-set; Immunoglobulin subtype; Immunoglobulin subtype 2; Immunoglobulin-like domain; Immunoglobulin-like fold; PTP type protein phosphatase; Protein-tyrosine phosphatase, catalytic; Protein-tyrosine phosphatase-like",II,+,protein_coding,36709,1,2,0.0272,0.0545,0,0,0,0,0,0,1,2,0,0
WBGene00008549,din-1,none available,"RNA recognition motif domain; SPOC-like, C-terminal domain; Spen paralogue and orthologue SPOC, C-terminal",II,-,protein_coding,18840,1,2,0.0531,0.1062,0,1,0,0,0,0,0,1,0,0
WBGene00013258,polg-1,"polg-1 encodes the C. elegans ortholog of human mitochondrial DNA polymerase gamma (POLG; OMIM:174763); polg-1 is required for normal levels of mitochondrial DNA during development, particularly during germ line development in late larval and adult stages; polg-1 is also required for normal brood sizes and adult lifespan.","DNA-directed DNA polymerase, family A, palm domain; DNA-directed DNA-polymerase, family A, mitochondria; Ribonuclease H-like domain",II,-,protein_coding,10174,3,0,0.2949,0.0,1,0,0,0,0,0,2,0,0,0
WBGene00000870,cyd-1,"cyd-1 encodes a cyclin D homolog that is required for escape from G1 cycle arrest in postembryonic blast cells, affects movement and larval viability, and may physically interact with CDK-46 and CKI-1; expressed embryonically primarily in the head, ventral cord, tail, and is later expressed primarily in the seam cells and in the somatic gonad.","Cyclin, N-terminal; Cyclin-like",II,+,protein_coding,12527,3,0,0.2395,0.0,0,0,0,0,0,0,3,0,0,0
WBGene00044084,sre-46,none available,"7TM GPCR, serpentine receptor class e (Sre)",II,-,protein_coding,3154,3,0,0.9512,0.0,1,0,0,0,0,0,2,0,0,0
WBGene00021751,Y50D7A.1,none available,Kelch repeat type 2; Kelch-type beta propeller,III,+,protein_coding,21869,1,2,0.0457,0.0915,0,1,0,0,0,0,1,1,0,0
WBGene00044401,Y55B1BR.6,none available,,III,-,protein_coding,10319,2,1,0.1938,0.0969,0,0,0,0,0,0,2,1,0,0
WBGene00044402,Y82E9BL.18,none available,"Domain of unknown function DUF38, Caenorhabditis species; F-box domain",III,+,protein_coding,4277,0,3,0.0,0.7014,0,0,0,0,0,0,0,3,0,0
WBGene00001063,dpy-1,"dpy-1 encodes a cuticulin; DPY-1 activity is required for normal body length and alae formation; dpy-1's site of action is localized to the hyp7 syncytium, based on mosaic analysis.","Zona pellucida domain; von Willebrand factor, type A",III,-,protein_coding,13020,1,2,0.0768,0.1536,0,2,0,0,0,0,1,0,0,0
WBGene00305991,E02H9.12,none available,,III,+,pseudogene,837,3,0,3.5842,0.0,0,0,0,0,0,0,3,0,0,0
WBGene00017904,lim-8,"lim-8 encodes proteins containing one PDZ and one LIM domain; in vitro binding and yeast two-hybrid assays indicate that LIM-8 can physically interact with myosin heavy chain A (MYO-3) as well as with UNC-96 and UNC-97, suggesting that LIM-8 is part of a structural component that links membrane attachment proteins to myosin thick filaments; lim-8(RNAi) in a hypersensitive rrf-3 background results in partially penetrant paralysis at mid-larval stages of development; a lim-8::gfp promoter fusion is expressed in pharyngeal and body wall muscles, as well as in vulva, spermathecae, anal sphincter and depressor muscles, head neurons, gonadal sheath, and the excretory canal; staining with LIM-8 antibodies reveals that in body wall muscle LIM-8 localizes, at least partially, to M-lines, around which myosin thick filaments are organized.","PDZ domain; Zinc finger, LIM-type",III,+,protein_coding,13176,2,1,0.1518,0.0759,0,0,0,0,1,0,1,1,0,0
WBGene00000679,col-105,none available,"Collagen triple helix repeat; Nematode cuticle collagen, N-terminal",IV,-,protein_coding,1490,3,0,2.0134,0.0,3,0,0,0,0,0,0,0,0,0
WBGene00001186,egl-18,"egl-18 encodes a member of the GATA-family of transcription factors that affects cell migration, cell fate specification; expressed in the head, in hypodermal seam cells, VC neurons, and vulval precursor cells.","Zinc finger, GATA-type; Zinc finger, NHR/GATA-type",IV,+,protein_coding,15519,2,1,0.1289,0.0644,0,0,0,0,0,0,1,1,1,0
WBGene00235376,Y9C9A.112,none available,,IV,+,pseudogene,9122,3,0,0.3289,0.0,0,0,0,0,0,0,3,0,0,0
WBGene00017174,tat-6,"tat-6 encodes one of six C. elegans subfamily IV P-type ATPase that, by sequence similarity, is proposed to function as an aminophospholipid translocase (flippase); tat-6, which appears to be expressed at very low levels, is 73% identical to the highly expressed tat-5 gene, suggesting that it is a recent duplication of tat-5; animals homozygous for a tat-6 deletion allele, ok1984, are reportedly viable.","HAD-like domain; P-type ATPase; P-type ATPase, A  domain; P-type ATPase, C-terminal; P-type ATPase, N-terminal; P-type ATPase, cytoplasmic domain N; P-type ATPase, subfamily IV",V,+,protein_coding,4310,0,3,0.0,0.6961,0,0,0,0,0,0,0,3,0,0
WBGene00006796,unc-62,"unc-62 encodes a Meis-class homeodomain protein required for posterior embryonic morphogenesis, male tail morphogenesis, commissure formation by VD and DD motor neurons, vulval morphogenesis, and normal locomotion; UNC-62 is orthologous to Drosophila HOMOTHORAX; both maternal-effect unc-62 alleles and the zygotic lethal unc-62(s472) allele phenotypically resemble mutations of the caudal ortholog pal-1; RNAi of the Pbc-class ceh-20 and ceh-40 homeodomain genes strongly enhances the hypomorphic unc-62(e644) allele to give either a strong loss-of-function or null-like phenotype, while overexpression of ceh-20 enhances the lethality of some unc-62 alleles.","Homeobox KN domain; Homeobox domain; Homeobox domain-like; Homeobox protein PKNOX/Meis, N-terminal",V,+,protein_coding,13989,3,0,0.2145,0.0,0,0,1,0,0,0,2,0,0,0
WBGene00045293,fbxa-175,none available,,V,+,pseudogene,1906,3,0,1.574,0.0,0,0,0,0,0,0,3,0,0,0
WBGene00006685,twk-33,none available,Potassium channel domain; Two pore domain potassium channel,V,-,protein_coding,4336,3,0,0.6919,0.0,0,0,0,0,0,0,3,0,0,0
WBGene00013355,gck-3,"gck-3 encodes a STE20-related kinase, required for normal excretory canal tubules, that is regulated by WNK-1 and in turn inhibits CLH-3; GCK-3 is expressed in oocytes and the excretory cell; GCK-3 binds the C-terminus of CLH-3B in both two-hybrid and GST affinity assays; GCK-3 inhibits a fast gating process in CLH-3B by phosphorylating it, both reducing the magnitude of CLH-3B's responses to hyperpolarization and slowing them; gck-3(tm1296) mutants are sterile, perhaps because they lose sperm from their spermathecae; gck-3(tm1296) mutants also have defective excretory canal tubules; both the fertility and the excretory canal phenotypes of gck-3(tm1296) are partially suppressible by the null clh-3(ok763) allele; a wnk-1 phenotype similar to gck-3(tm1296)'s is suppressible by constitutively activated GCK-3; and gck-3(RNAi) constitutively activates CLH-3B in immature oocytes; GCK-3 is phosphorylated by WNK-1 in vitro, and gck-3 mutants phenotypically resemble wnk-1.","Protein kinase domain; Protein kinase-like domain; Serine/threonine-protein kinase OSR1/WNK, CCT domain",V,-,protein_coding,12962,0,3,0.0,0.2314,0,2,0,0,0,0,0,1,0,0
WBGene00012816,scl-21,none available,"CAP domain; Cysteine-rich  secretory protein, allergen V5/Tpx-1-related",V,-,protein_coding,926,0,3,0.0,3.2397,0,0,0,0,0,0,0,3,0,0
WBGene00012834,Y43F8C.13,none available,Inosine/uridine-preferring nucleoside hydrolase; Inosine/uridine-preferring nucleoside hydrolase domain,V,-,protein_coding,3499,0,3,0.0,0.8574,0,0,0,0,0,0,0,3,0,0
WBGene00006652,ttx-1,"ttx-1 encodes a homeodomain protein that is a member of the OTD/OTX subclass of homeodomain transcription factors; ttx-1 is expressed at higher levels in the AFD thermosensory neurons as compared to the AWB olfactory neurons and is necessary and partly sufficient for specification of the AFD thermosensory neuron fate and thus for proper AFD-mediated thermosensory behavior and normal expression of genes such as gcy-8, nhr-38, ceh-14, tax-2, and dac-1; TTX-1 is also required for remodeling of glial cells during dauer larval development which is mediated by regulation of ver-1 expression; a TTX-1::GFP fusion protein is nuclear and expressed in the AFD neurons and the nine pharyngeal marginal cells.",Homeobox domain; Homeobox domain-like,V,-,protein_coding,10458,1,2,0.0956,0.1912,0,0,0,0,0,0,1,1,0,0
WBGene00022418,igcm-4,none available,Immunoglobulin I-set; Immunoglobulin subtype; Immunoglobulin subtype 2; Immunoglobulin-like domain; Immunoglobulin-like fold,X,-,protein_coding,6964,2,1,0.2872,0.1436,0,0,0,0,0,0,1,1,0,0
WBGene00003056,lon-2,"lon-2 encodes a member of the glypican family of heparan sulfate proteoglycans; during development, lon-2 activity is required in the hypodermis for negative regulation of the DBL-1/BMP signaling pathway that regulates body length; genetic analyses indicate that lon-2 functions upstream of dbl-1, and in vitro studies show that LON-2 can bind mammalian BMP2, suggesting that LON-2 may directly interact with DBL-1 to negatively regulate DBL-1/BMP signaling; in addition to expression in hypodermis, LON-2 is expressed strongly in the intestine, particularly the anterior and posterior cells; LON-2 localizes to the cell surface.",Glypican,X,-,protein_coding,10120,3,0,0.2964,0.0,2,0,0,0,0,0,1,0,0,0
WBGene00000100,ajm-1,"ajm-1 encodes a member of the apical junction molecule class that is required for correct elongation of the C. elegans embryo; AJM-1 contains a coiled-coil motif; AJM-1 binds DLG-1 in vitro, in yeast two-hybrid assays, and in vivo; AJM-1 is mislocalized in a dlg-1(RNAi) background; LET-413 is required for rapid confinement of DLG-1 and AJM-1 to a narrow apical region in C. elegans epithelia; CLC-1 colocalizes with AJM-1; vab-9 mutations enhance the adhesion defects of ajm-1 mutants; ajm-1 is expressed at the apical borders of all epithelia.",,X,+,protein_coding,30674,2,1,0.0652,0.0326,1,0,0,0,0,0,1,1,0,0
WBGene00005221,srg-64,none available,"7TM GPCR, serpentine receptor class g (Srg)",X,-,protein_coding,3783,0,3,0.0,0.793,0,0,0,0,0,0,0,3,0,0
WBGene00018188,F38E9.6,none available,,X,+,protein_coding,8155,3,0,0.3679,0.0,0,0,0,0,0,0,3,0,0,0
WBGene00019211,H18N23.2,none available,"CBM21 (carbohydrate binding type-21) domain; Protein phosphatase 1 regulatory subunit 3B/C/D, metazoa",X,-,protein_coding,18162,0,3,0.0,0.1652,0,2,0,0,0,0,0,0,0,0
WBGene00021683,mtm-10,none available,Myotubularin family; Myotubularin-like phosphatase domain; Myotubularin-related 12-like C-terminal domain; PH domain-like; Protein-tyrosine phosphatase-like,I,+,protein_coding,10104,1,1,0.099,0.099,1,0,0,0,0,0,0,1,0,0
WBGene00000227,atm-1,atm-1 encodes an ortholog of human ATM that is required for the checkpoint response to DNA damage; human ATM encodes a phosphatidylinositol-3 kinase homolog that is biochemically activated by cellular irradiation.,"FATC domain; Phosphatidylinositol 3-/4-kinase, catalytic domain; Protein kinase-like domain",I,+,protein_coding,25021,2,0,0.0799,0.0,1,0,0,0,0,0,1,0,0,0
WBGene00305445,F54A5.7,none available,,I,-,ncRNA,3688,0,2,0.0,0.5423,0,0,0,2,0,0,0,0,0,0
WBGene00002141,inx-19,"inx-19 encodes an innexin, proteins that form gap junction channels; inx-19 functions in parallel with the NSY-4 claudin to specify the AWC chemosensory neuron ON fate; in specifying the AWC on fate, inx-19 appears to function cell autonomously; inx-19 also regulates body size and growth.",Innexin,I,-,protein_coding,12721,2,0,0.1572,0.0,0,0,0,0,0,0,2,0,0,0
WBGene00000368,ccb-1,"ccb-1 encodes a beta subunit of a voltage-gated calcium channel; recordings of voltage-dependent calcium currents indicate that CCB-1 regulates voltage dependence, kinetics, and conductance of the EGL-19 alpha1 subunit of the body wall muscle voltage-dependent calcium channel; a ccb-1::gfp promoter fusion is expressed in most neurons and muscle cells types.","Guanylate kinase/L-type calcium channel beta subunit; P-loop containing nucleoside triphosphate hydrolase; SH3 domain; Voltage-dependent calcium channel, L-type, beta subunit",I,-,protein_coding,5432,1,1,0.1841,0.1841,0,0,0,0,0,0,1,1,0,0
WBGene00006820,unc-89,"unc-89 encodes several protein isoforms variably characterized by the presence or absence of SH3, DH, PH, immunoglobulin and myosin light chain kinase (MLCK)-like protein kinase domains; during development, unc-89 is required for proper organization of A bands in striated muscle and thus for fully normal locomotion, pharyngeal muscle contractions, and body size; unc-89 is expressed in body wall muscle, pharyngeal muscle and some cells in the tail; UNC-89 protein isoforms localize to the middle of A-bands, consistent with UNC-89 being an M line component; UNC-89 interacts with the SCPL-1 phosphatase both in vitro and in vivo.",Dbl homology (DH) domain; Fibronectin type III; Immunoglobulin I-set; Immunoglobulin V-set domain; Immunoglobulin subtype; Immunoglobulin subtype 2; Immunoglobulin-like domain; Immunoglobulin-like fold; PH domain-like; Pleckstrin homology domain; Protein kinase domain; Protein kinase-like domain; RCSD; SH3 domain,I,+,protein_coding,55184,1,1,0.0181,0.0181,1,0,0,0,0,0,0,1,0,0
WBGene00010427,hpo-11,"hpo-11 is an ortholog of human NRBP2 (nuclear receptor binding protein 2) and NRBP1 (nuclear receptor binding protein 1); hpo-11 is involved in lipid storage and oviposition; hpo-11 is predicted to have protein kinase activity, based on protein domain information; hpo-11 is expressed in the pharynx, nervous system, reproductive system, seam cell, intestine, excretory gland cell, and the body wall musculature; hpo-11 expression is activated by DAF-16.","Protein kinase-like domain; Serine-threonine/tyrosine-protein kinase, catalytic domain",I,-,protein_coding,9097,1,1,0.1099,0.1099,0,0,0,0,0,1,1,0,0,0
WBGene00000433,ceh-8,"ceh-8 encodes a paired-like homeodomain protein of the Q50 class orthologous to the Rx homeobox protein of humans (RAX; OMIM:601881) and Drosophila (CG10052-PA); CEH-8 and RX belong to one of at least 18 distinct families of paired-like homeodomain proteins, including 12 families in the Q50 class.",Homeobox domain; Homeobox domain-like,I,-,protein_coding,5444,2,0,0.3674,0.0,0,0,0,0,0,0,2,0,0,0
WBGene00013124,Y52B11A.4,none available,"P-loop containing nucleoside triphosphate hydrolase; Small GTPase superfamily; Small GTPase superfamily, Ras type",I,-,protein_coding,24695,0,2,0.0,0.081,0,1,0,0,0,0,0,1,0,0
WBGene00001980,hmr-1,"hmr-1 encodes two isoforms of a classical cadherin that contain extracellular cadherin, EGF-like, and laminin G domains as well as a highly conserved intracellular domain that binds beta-catenin; by homology, the HMR-1 proteins are predicted to function as calcium-dependent, homophilic cell-cell adhesion receptors; in vivo, HMR-1A activity is required for mediating the cell migrations, cell shape changes, and presumably actin cytoskeleton rearrangements that occur during embryonic tissue and body morphogenesis; HMR-1B is required for fasciculation and outgrowth of a subset of motor neuron processes; HMR-1 antibodies detect expression in all embryonic blastomeres at early stages of development but as hypodermal adherens junctions form and morphogenesis begins, HMR-1 becomes highly expressed in the apical junctions of all hypodermal cells; later, HMR-1 is expressed primarily at the apical margins of hypodermal, pharyngeal, and intestinal cells in a pattern consistent with localization to adherens junctions; an HMR-1B reporter fusion is expressed in neurons, including the DD, VD, and AS class of motor neurons; HMR-1 activity is required for proper localization of other junctional components, such as HMP-1/alpha-catenin and HMP-2/beta-catenin, but not for localization of AJM-1, the junctional component recognized by the MH27 antibody.","Cadherin; Cadherin, cytoplasmic domain; Cadherin-like; Catenin binding domain; Concanavalin A-like lectin/glucanase domain; EGF-like domain; Laminin G domain",I,-,protein_coding,58913,1,1,0.017,0.017,1,0,0,0,0,0,0,0,0,0
WBGene00013177,rsy-1,none available,PNN-interacting serine/arginine-rich protein,I,-,protein_coding,5878,1,1,0.1701,0.1701,1,1,0,0,0,0,0,0,0,0
WBGene00007638,C17D12.3,none available,"Galactose-binding domain-like; Peptide N glycanase, PAW domain",I,-,protein_coding,3448,1,1,0.29,0.29,0,0,0,0,0,0,1,1,0,0
WBGene00012945,Y47H9A.1,none available,"Galactose-binding domain-like; Peptide N glycanase, PAW domain",I,+,protein_coding,3448,1,1,0.29,0.29,0,0,0,0,0,0,1,1,0,0
WBGene00012948,dhhc-2,none available,"Palmitoyltransferase, DHHC domain",I,+,protein_coding,12799,2,0,0.1563,0.0,0,0,0,0,0,0,2,0,0,0
WBGene00014100,ZK849.1,none available,PDZ domain,I,-,protein_coding,3113,0,2,0.0,0.6425,0,0,0,0,0,0,0,2,0,0
WBGene00001377,eya-1,"eya-1 encodes a protein orthologous to the Eyes absent/Eya Drosophila protein which is involved in eye development and has protein tyrosine phosphatase ; RNA interference and mutant studies indicate that eya-1 is involved in embryonic and larval tissue morphogenesis as well as larval viability; eya-1 mutants show increased embryonic cell deaths due to activation of the cell death pathway; eya-1 functions redundantly with vab-3/eyeless to control larval viability and anterior body morphogenesis; GFP studies show that eya-1 is expressed in a subset of nuclei during embryonic morphogenesis; the human genes EYA1 and EYA4, when mutated, lead to disease syndromes.",Eyes absent family,I,-,protein_coding,10668,0,2,0.0,0.1875,0,0,0,0,0,0,0,2,0,0
WBGene00013668,slc-30A5,"Y105E8A.3 encodes a protein with similarity to members of the SLC30A family of zinc transporters; a deletion mutation, tm3941, that affects Y105E8A.2 and  Y105E8A.3 has been reported to result in a lethal or sterile phenotype by the National Bioresource Project of Japan; the product of Y105E8A.3 localizes to the endoplasmic reticulum in body wall muscle; about 50% of Y105E8A.3 transcripts are RNA edited to change A to G resulting in a synonymous change to residue 319 from an G to a G.",Cation efflux protein,I,+,protein_coding,9033,1,1,0.1107,0.1107,0,0,0,0,0,0,1,1,0,0
WBGene00013683,zoo-1,"zoo-1 encodes a protein ortholog of the zonula occludens (ZO) subfamily of membrane-associated guanylate kinases (MAGUKs); zoo-1 is involved in the recruitment of actin to cell junctions in a hmr-1/cadherin dependant manner; genetic interaction studies indicate that zoo-1 acts together with hmp-1/alpha-catenin and hmp-2/beta-catenin for the proper organization of actin at epidermal junctions during epthelial morphogenesis; consistant with these roles, zoo-1 expression is enriched at epidermal cell borders; zoo-1 is also expressed in myoblasts and mature muscle cells.",Guanylate kinase/L-type calcium channel beta subunit; P-loop containing nucleoside triphosphate hydrolase; PDZ domain; ZU5 domain,I,+,protein_coding,17342,1,1,0.0577,0.0577,0,1,0,0,0,0,1,0,0,0
WBGene00018734,F53A10.2,"F53A10.2 encodes a Rap1GAP homolog; a region of F53A10.2 encompassing one GoLoco motif specifically binds GOA-1 in yeast two-hybrid assays, and also binds itself; F53A10.2 is expressed in hypodermal seam cells, various neurons, and intestinal cells; F53A10.2 has no obvious function or phenotype in RNAi assays, whether in a normal background or in goa-1(-) or goa-1(gf) mutant backgrounds.",GoLoco motif; Rap GTPase activating protein domain,II,+,protein_coding,33409,2,0,0.0599,0.0,0,0,0,0,0,0,2,0,0,0
WBGene00306078,Y51H7C.42,none available,,II,+,pseudogene,3088,1,1,0.3238,0.3238,1,1,0,0,0,0,0,0,0,0
WBGene00003709,nhr-119,none available,"Nuclear hormone receptor; Nuclear hormone receptor family 5; Nuclear hormone receptor, ligand-binding domain; Zinc finger, NHR/GATA-type; Zinc finger, nuclear hormone receptor-type",II,-,protein_coding,6585,1,1,0.1519,0.1519,1,0,0,0,0,1,0,0,0,0
WBGene00005178,srg-21,none available,"7TM GPCR, serpentine receptor class g (Srg)",II,-,protein_coding,3427,2,0,0.5836,0.0,0,0,0,0,0,0,2,0,0,0
WBGene00197562,T10D4.16,none available,,II,+,ncRNA,83,2,0,24.0964,0.0,0,0,0,0,0,0,2,0,0,0
WBGene00019487,ephx-1,none available,Dbl homology (DH) domain; PH domain-like; Pleckstrin homology domain; SH3 domain,II,+,protein_coding,11168,1,1,0.0895,0.0895,1,0,0,0,0,0,0,1,0,0
WBGene00021052,W06A11.1,none available,,II,+,protein_coding,5378,2,0,0.3719,0.0,1,0,0,0,0,0,1,0,0,0
WBGene00006657,twk-2,"twk-2 encodes one of 44 C. elegans TWK (two-P domain K+) potassium channel subunits that contain two pore-forming domains and four transmembrane domains; the precise role of TWK-2 in C. elegans development and/or behavior is not yet known, but TWK-2 may function redundantly with other TWK channels; TWK-2 is expressed in a subset of neurons.",Potassium channel domain; Two pore domain potassium channel,II,-,protein_coding,12049,1,1,0.083,0.083,0,0,0,0,0,0,1,1,0,0
WBGene00015135,cyp-23A1,"cyp-23A1 encodes a cytochrome P450 homologous to the human gene CYP7B1, which when mutated leads to giant cell hepatitis (OMIM:231100); as a cytochrome P450, CYP-23A1 is predicted to function as a membrane-associated, heme-containing NADPH-dependent monooxygenases that catalyzes the oxidative metabolism of a variety of exogenous compounds and endogenous substrates.","Cytochrome P450; Cytochrome P450, E-class, group I",II,+,protein_coding,3923,0,2,0.0,0.5098,0,0,0,0,0,0,0,2,0,0
WBGene00006626,tsn-1,tsn-1 encodes the C. elegans ortholog of Tudor-SN (tudor staphylococcal nuclease); TSN-1 is a component of the RNA-induced silencing complex (RISC) and its activity is required for proper function of the let-7 miRNA in vivo; TSN-1 is found in both the nucleus and the cytosol.,"RNA-induced silencing complex, nuclease component Tudor-SN; Staphylococcal nuclease (SNase-like), OB-fold; Tudor domain",II,+,protein_coding,3348,2,0,0.5974,0.0,2,0,0,0,0,0,0,0,0,0
WBGene00001368,exc-7,"exc-7 encodes an ELAV, an mRNA-binding protein homologous to Drosophila ELAV and human HuC/D (OMIM:603458, 168360, autoimmune antigens associated with paraneoplastic neurologic disorders); EXC-7 is required for formation of the tailspike and the excretory cell canals; exc-7 mutations enhance defects produced by mutations in exc-3, predicted to encode a peptidase, and sma-1, which encodes beta H-spectrin, a key component of the apical cytokeleton of polarized epithelial cells such as the excretory cell; in vitro, EXC-7 can bind the sma-1 mRNA 3' UTR, and thus is predicted to regulate SMA-1 expression in vivo; EXC-7 is expressed transiently in the excretory cell nucleus during mid-embryogenesis and during larval stages is detected in the pharynx, nerve ring, and nerve cord nuclei.",Paraneoplastic encephalomyelitis antigen; RNA recognition motif domain; Splicing factor ELAV/Hu,II,+,protein_coding,5591,2,0,0.3577,0.0,0,0,0,0,1,0,1,0,0,0
WBGene00000995,die-1,"die-1 encodes a C2H2 zinc finger protein containing four fingers, homologous to CG18265-PA in Drosophila; DIE-1 is autonomously required in the posterior dorsal hypodermis for intercalation, for morphogenesis in other embryonic tissues, and for normal postembryonic growth and vulval development.",,II,-,protein_coding,6616,0,2,0.0,0.3023,0,0,0,0,0,0,0,1,0,0
WBGene00013273,marc-5,none available,"E3 ubiquitin-protein ligase MARCH-like; Zinc finger, RING-CH-type; Zinc finger, RING/FYVE/PHD-type",II,-,protein_coding,20839,2,0,0.096,0.0,0,0,0,0,0,0,2,0,0,0
WBGene00013014,Y48E1C.1,none available,CENP-S/Mhf1,II,+,protein_coding,9443,2,0,0.2118,0.0,1,0,0,0,0,0,1,0,0,0
WBGene00000662,col-87,none available,Collagen triple helix repeat,II,-,protein_coding,4840,2,0,0.4132,0.0,2,0,0,0,0,0,0,0,0,0
WBGene00200776,F40G9.22,none available,,III,+,ncRNA,278,2,0,7.1942,0.0,2,0,0,0,0,0,0,0,0,0
WBGene00002230,klp-20,"klp-20 encodes one of 19 C. elegans kinesin-like proteins; KLP-20, along with KLP-11 and KAP-1, is a component of heterotrimeric kinesin-II that cooperates with OSM-3 motors to facilitate anterograde intraflagellar transport essential for formation of sensory neuron cilia.",Kinesin motor domain; P-loop containing nucleoside triphosphate hydrolase,III,+,protein_coding,20459,0,2,0.0,0.0978,0,0,0,0,0,0,0,2,0,0
WBGene00015173,trpp-11,none available,"Foie gras liver health family 1; TRAPP II complex, TRAPPC10; Winged helix-turn-helix DNA-binding domain",III,+,protein_coding,14302,2,0,0.1398,0.0,0,0,0,0,0,0,2,0,0,0
WBGene00004128,pqn-41,"The protein product of this gene is predicted to contain a glutamine/asparagine (Q/N)-rich ('prion') domain, by the algorithm of Michelitsch and Weissman (as of the WS77 release of WormBase, i.e., in wormpep77).",,III,+,protein_coding,33613,2,0,0.0595,0.0,1,0,0,0,0,0,1,0,0,0
WBGene00002915,let-805,"let-805 encodes myotactin, a novel single-transmembrane protein containing extracellular fibronectin repeats; genetic analyses indicate that LET-805 is essential for proper association between hypodermal fibrous organelles and the contractile apparatus of muscle cells; LET-805 is expressed in hypodermal cells and in the pharynx and localizes to basolateral membranes.",Fibronectin type III; Immunoglobulin-like fold,III,+,protein_coding,23030,2,0,0.0868,0.0,2,0,0,0,0,0,0,0,0,0
WBGene00001494,frm-8,"frm-8 encodes a protein containing a WW domain, a PDZ domain, and a FERM domain and has homology to the human predicted protein KIAA0316.","Band 4.1 domain; FERM central domain; FERM, N-terminal; PDZ domain; Ubiquitin-related domain; WW domain",III,-,protein_coding,18356,0,2,0.0,0.109,0,1,0,0,0,0,0,1,0,0
WBGene00007169,B0393.4,none available,Maelstrom domain,III,-,protein_coding,3930,0,2,0.0,0.5089,0,2,0,0,0,0,0,0,0,0
WBGene00012942,idpc-1,none available,EB domain,III,+,protein_coding,1209,2,0,1.6543,0.0,2,0,0,0,0,0,0,0,0,0
WBGene00000793,crh-1,"crh-1 encodes a homolog of the cyclic AMP-response element binding protein (CREB); crh-1 is involved in the transcription of CRE-sequence dependant genes activated by a CaM kinase cascade; crh-1 is required in the bilateral thermosensory neuron AFD, for a memory-related behaviour and for response to tap (nonlocalized mechanosensory stimulation) and tap habituation; crh-1 appears to be ubiquitously expressed.","Basic-leucine zipper domain; Coactivator CBP, pKID; cAMP response element binding (CREB) protein",III,+,protein_coding,36215,2,0,0.0552,0.0,0,0,0,0,0,0,1,0,0,0
WBGene00003826,ntl-3,"ntl-3 is the ortholog of NOT3/NOT5, a member of a protein complex also predicted to contain ccf-1/Y56A3A.20 (CAF1/POP2); ntl-3 is required for embryonic viability in mass RNAi assays.","CCR4-Not complex component, Not N-terminal domain; NOT2/NOT3/NOT5",III,-,protein_coding,15454,0,2,0.0,0.1294,0,0,0,0,0,1,0,1,0,0
WBGene00013034,tat-1,"tat-1 encodes one of six C. elegans subfamily IV P-type ATPase that, by sequence similarity, is proposed to function as an aminophospholipid translocase (flippase); TAT-1 activity is required for regulating phosphatidylserine asymmetry on the plasma membrane and thus, for regulation of phagocytic engulfment of cells; in addition, TAT-1 activity is required for phosphatidylserine transport across membranes and elements of membrane trafficking, including the biogenesis of lysosome-derived storage organelles and an early step in endocytosis; a tat-1::gfp promoter fusion is first expressed during embryogenesis and continues through larval and adult stages with expression seen in the intestine, the germ line, the epidermis, body wall and pharyngeal muscles, and the nervous system; in intestinal cells, a TAT-1::GFP isoform localizes to the apical and basolateral cell membranes as well as to organelles such as the Golgi and those of the endosomal pathway; in the germ line, a TAT-1::FLAG fusion protein localizes to the plasma membrane; the TAT-1C isoform, which is expressed in the intestine, physically interacts with the NUM-1A PTB domain.","HAD-like domain; P-type ATPase; P-type ATPase, A  domain; P-type ATPase, C-terminal; P-type ATPase, N-terminal; P-type ATPase, cytoplasmic domain N; P-type ATPase, subfamily IV",III,-,protein_coding,22818,1,1,0.0438,0.0438,1,0,0,0,0,0,0,1,0,0
WBGene00013732,aakg-1,"aakg-1 is orthologous to the human gene AMP-ACTIVATED PROTEIN KINASE GAMMA SUBUNIT (PRKAG2; OMIM:602743), which when mutated leads to disease; aakg-1 encodes one of five C. elegans AMP kinase (AMPK) gamma regulatory subunits.",CBS domain,III,-,protein_coding,36738,1,1,0.0272,0.0272,0,0,0,0,0,0,1,1,0,0
WBGene00003048,lit-1,"lit-1 encodes a serine threonine protein kinase homolog related to the Drosophila protein Nemo; lit-1 is required for embryonic viability and plays a central role in controlling the asymmetry of cell divisions during embryogenesis; lit-1 acts downstream of mom-2 with respect to polarity defects and mediates larval cell fate decisions that involve POP-1; lit-1 is also required for amphid channel morphogenesis and thus, also for normal morphology of the outer labial sensilla; specifically, lit-1 is required in sheath glia for positively regulating amphid sensory compartment expansion; lit-1 is expressed in most embryonic and larval cells, including the amphid sheath glia.",Protein kinase domain; Protein kinase-like domain,III,+,protein_coding,22414,2,0,0.0892,0.0,1,0,0,0,0,0,1,0,0,0
WBGene00000553,cmk-1,"cmk-1 encodes a Ca+2/calmodulin-dependent protein kinase I (CaMK1); CMK-1 activity is required, cell autonomously and downstream of the cyclic nucleotide-gated channel TAX-4, for several aspects of AFD thermosensory neuron differentiation, including expression of the gcy-8 guanylyl cyclase and nhr-38 nuclear hormone receptor genes and morphology of the AFD sensory endings; cmk-1 activity is thus also required for normal thermosensory behavior; when expressed in COS-7 cells, CMK-1 and CKK-1 positively regulate the transcriptional activity of endogenous CREB; a cmk-1::gfp reporter is expressed in head sensory and interneurons as well as in the ventral nerve cord; expression is seen specifically in the neurons of the thermosensory circuit, AFD, AIY, and AIZ; in the AFD neurons, CMK-1 localizes exclusively to the cytoplasm, however when expressed in COS-7 cells, CMK-1 is seen in the nucleus.",Calcium/calmodulin-dependent/calcium-dependent protein kinase; Protein kinase domain; Protein kinase-like domain,IV,+,protein_coding,9767,1,1,0.1024,0.1024,0,0,0,0,0,0,1,1,0,0
WBGene00219262,mir-4930,none available,,IV,+,miRNA,110,0,2,0.0,18.1818,0,0,0,0,0,0,0,2,0,0
WBGene00021877,Y54G2A.12,none available,WD40-repeat-containing domain; WD40/YVTN repeat-like-containing domain,IV,-,protein_coding,5621,1,1,0.1779,0.1779,0,0,0,0,0,0,1,1,0,0
WBGene00200008,Y54G2A.66,none available,,IV,+,ncRNA,296,0,2,0.0,6.7568,0,0,0,0,0,0,0,1,0,0
WBGene00003153,mca-3,"mca-3 encodes one of three C. elegans plasma membrane Ca2+ ATPases (PMCAs); by homology, MCA-3 is predicted to function as a molecular pump that couples ATP hydrolysis to extrusion of cytosolic Ca2+; mca-3 activity is required for coelomoycte endocytosis, normal coordinated locomotion, and embryonic and larval development; in regulating endocytosis, MCA-3 is required specifically in the early stages for recruitment of the endocytic machinery to the plasma membrane; an mca-3::gfp reporter is expressed from embryogenesis through adulthood and seen in body wall muscle, the nervous system, intestine, and coelomocytes; in coelomocytes, an MCA-3::GFP fusion protein localizes to the plasma membrane.","Cation-transporting P-type ATPase, C-terminal; Cation-transporting P-type ATPase, N-terminal; HAD-like domain; P-type ATPase; P-type ATPase,  transmembrane domain; P-type ATPase, A  domain; P-type ATPase, cytoplasmic domain N; P-type ATPase, subfamily IIB; Plasma membrane calcium transporting P-type ATPase, C-terminal",IV,-,protein_coding,29993,0,2,0.0,0.0667,0,2,0,0,0,0,0,0,0,0
WBGene00015651,ceh-53,"ceh-53 encodes a paired-like homeodomain protein of the K50 class, which has no obvious function in mass RNAi assays.",Homeobox domain; Homeobox domain-like,IV,+,protein_coding,5707,0,2,0.0,0.3504,0,0,0,0,0,0,0,1,0,1
WBGene00019778,M57.2,none available,"Geranylgeranyl transferase type-2 subunit alpha; Leucine-rich repeat domain, L domain-like; Protein prenyltransferase, alpha subunit",IV,+,protein_coding,5120,2,0,0.3906,0.0,0,0,0,0,0,0,2,0,0,0
WBGene00021281,ell-1,none available,"ELL/occludin family; Occludin homology domain; RNA polymerase II elongation factor ELL, N-terminal; Winged helix-turn-helix DNA-binding domain",IV,+,protein_coding,21214,1,1,0.0471,0.0471,0,0,0,0,0,0,0,1,0,0
WBGene00016405,hecd-1,none available,Ankyrin repeat; Ankyrin repeat-containing domain; Armadillo-like helical; Armadillo-type fold; Galactose-binding domain-like; HECT domain; Mib-herc2; SUN domain,IV,-,protein_coding,10376,0,2,0.0,0.1928,0,2,0,0,0,0,0,0,0,0
WBGene00001204,egl-38,"egl-38 encodes a paired domain-containing protein that is a member of the PAX2/5/8 family of transcription factors; egl-38 is an essential gene, required for embryonic and larval development; in addition, EGL-38 activity is also required for fate specification of four uterine cells and rectal epithelial cells in the hermaphrodite and male tail; in regulating hindgut development EGL-38 acts in a pathway with LIN-48, a zinc-finger transcription factor; EGL-38 regulates lin-48 expression in vivo and binds to the lin-48 promoter region in vitro.",Homeobox domain-like; Paired domain; Winged helix-turn-helix DNA-binding domain,IV,-,protein_coding,3919,2,0,0.5103,0.0,0,0,0,0,0,0,2,0,0,0
WBGene00012498,Y24F12A.3,none available,,IV,+,pseudogene,2011,0,2,0.0,0.9945,0,1,0,0,0,0,0,0,0,0
WBGene00012499,Y24F12A.4,none available,,IV,-,pseudogene,1864,2,0,1.073,0.0,2,0,0,0,0,0,0,0,0,0
WBGene00185101,Y65A5A.24,none available,,IV,+,protein_coding,679,2,0,2.9455,0.0,0,0,0,0,0,0,2,0,0,0
WBGene00004403,rom-4,none available,"Peptidase S54, rhomboid; Peptidase S54, rhomboid domain",IV,+,protein_coding,19132,1,1,0.0523,0.0523,0,0,0,0,0,0,1,1,0,0
WBGene00016539,madd-2,"madd-2 encodes a protein containing RBCC/TRIM, fibronectin type III, and SPRY domains that is the sole C. elegans member of the C1 subfamily of tripartite motif (TRIM) proteins and is homologous to mammalian TRIM9, TRIM67, and MID1/TRIM18, mutations in which result in Opitz G/BBB syndrome, a congenital malformation disorder affecting ventral midline structures and resulting in mental retardation; in C. elegans, MADD-2 functions cell autonomously as a specificity factor in an UNC-6/Netrin, and UNC-40/DCC-mediated pathway that regulates axon branch formation and attractive axon guidance in multiple neuronal types by potentiating UNC-40 activity; in addition, MADD-2 is required for ventral recruitment of MIG-10/Lamellopodin in the HSNs during outgrowth; MADD-2 also functions cell autonomously in body wall muscle in an UNC-40/DCC and UNC-73/Rho-GEF-mediated pathway to regulate muscle arm extension to ventral midline motor axons; MADD-2 exhibits E3 ubiquitin ligase activity in vitro, physically interacts with both UNC-40 and UNC-73, and may potentiate the in vivo interaction between UNC-40 and UNC-73; a MADD-2::GFP fusion protein is expressed in neurons, hypodermis, and muscle cells; expression is also seen in the anchor cell, the ventral uterine precursor cells and in the ray precursors and descendants in males; in neurons, MADD-2 colocalizes with UNC-40 to the ventral axon branches that require its function; in body wall muscle, MADD-2 localizes to the dense bodies and colocalizes to the muscle arm termini with UNC-40 and UNC-73.","B-box, C-terminal; B-box-type zinc finger; Concanavalin A-like lectin/glucanase domain; Fibronectin type III; Immunoglobulin-like fold; SPRY domain; Zinc finger, C3HC4 RING-type; Zinc finger, RING-type; Zinc finger, RING/FYVE/PHD-type",V,-,protein_coding,11559,0,2,0.0,0.173,0,0,0,0,0,0,0,2,0,0
WBGene00019392,irld-44,none available,"Leucine-rich repeat domain, L domain-like; Receptor L-domain",V,+,protein_coding,3100,2,0,0.6452,0.0,0,0,0,0,0,0,2,0,0,0
WBGene00021605,Y46H3C.5,none available,,V,-,protein_coding,1467,2,0,1.3633,0.0,0,0,1,0,0,0,0,0,0,0
WBGene00016477,srab-11,none available,"7TM GPCR, serpentine receptor class ab (Srab)",V,-,protein_coding,1830,0,2,0.0,1.0929,0,2,0,0,0,0,0,0,0,0
WBGene00044528,lgc-29,none available,Neurotransmitter-gated ion-channel; Neurotransmitter-gated ion-channel ligand-binding domain; Neurotransmitter-gated ion-channel transmembrane domain,V,+,protein_coding,4159,1,1,0.2404,0.2404,0,0,0,0,0,0,1,1,0,0
WBGene00021561,Y45G5AM.9,none available,,V,-,protein_coding,13305,1,1,0.0752,0.0752,0,1,0,0,0,0,1,0,0,0
WBGene00022014,Y61A9LA.1,none available,"Major facilitator superfamily domain; Major facilitator,  sugar transporter-like",V,+,protein_coding,16717,0,2,0.0,0.1196,0,0,0,0,0,0,0,2,0,0
WBGene00003916,par-1,"par-1 encodes a serine-threonine kinase; maternally provided PAR-1 is essential for establishing early embryonic polarity; PAR-1 is present in the cytoplasm and in the cell cortex and asymmetrically localized to the posterior cortex of late one-cell stage embryos; PAR-1 is continuously asymmetrically localized to the P lineage (germline blastomeres) at each subsequent division, and evenly distributed to the Z2 and Z3 germline precursors before eventually fading at embryonic morphogenesis; PAR-1 kinase activity is required for the asymmetric distribution of MEX-5 in the early embryo via a phosphorylation/dephosphorylation cycle that regulates MEX-5's association with slow- or fast-diffusing RNA-containing complexes; PAR-1 can phosphorylate MEX-5 in vitro and in vivo.","KA1 domain/Ssp2, C-terminal; Kinase associated domain 1 (KA1); Protein kinase domain; Protein kinase-like domain; Serine/threonine-protein kinase MARK/par1",V,-,protein_coding,33335,0,2,0.0,0.06,0,1,0,0,0,0,0,1,0,0
WBGene00007833,oac-6,none available,"Acyltransferase 3; Nose resistant-to-fluoxetine protein, N-terminal",V,+,protein_coding,3443,0,2,0.0,0.5809,0,0,0,0,0,0,0,2,0,0
WBGene00012019,dkf-2,dkf-2 encodes one of two C. elegans novel protein kinase Ds; dkf-2 activity is essential for regulation of innate immunity; a dkf-2::gfp promoter fusion is expressed beginning in late embryogenesis and continuing through adulthood in the intestine and two cells in the vicinity of the posterior bulb of the pharynx.,"Diacylglycerol/phorbol-ester binding; PH domain-like; Pleckstrin homology domain; Protein kinase C mu-related; Protein kinase C-like, phorbol ester/diacylglycerol-binding domain; Protein kinase domain; Protein kinase-like domain",V,+,protein_coding,40820,2,0,0.049,0.0,0,0,0,0,0,0,2,0,0,0
WBGene00009296,F31E9.3,"This gene encodes a protein containing an F-box, a motif predicted to mediate protein-protein interactions either with homologs of yeast Skp-1p or with other proteins; this gene's encoded protein also contains an FTH/DUF38 motif, which may also mediate protein-protein interaction.","Domain of unknown function DUF38, Caenorhabditis species; F-box domain; Leucine-rich repeat domain, L domain-like",V,+,protein_coding,1937,2,0,1.0325,0.0,2,0,0,0,0,0,0,0,0,0
WBGene00001987,hot-2,hot-2 encodes a predicted paralog of ODR-2 and contains a Ly-6 domain.,Caenorhabditis elegans ly-6-related,V,+,protein_coding,13153,2,0,0.1521,0.0,1,0,0,0,0,0,1,0,0,0
WBGene00012814,Y43F8B.3,none available,"Cysteine-rich repeat; Lustrin, cysteine-rich repeated; Pancreatic trypsin inhibitor Kunitz domain",V,+,protein_coding,16915,2,0,0.1182,0.0,1,0,0,0,0,0,1,0,0,0
WBGene00012812,Y43F8B.1,none available,,V,-,protein_coding,11325,1,1,0.0883,0.0883,0,0,0,0,0,0,1,1,0,0
WBGene00012825,Y43F8C.3,none available,BTB/POZ domain; SKP1/BTB/POZ domain,V,-,protein_coding,8121,1,1,0.1231,0.1231,0,1,1,0,0,0,0,0,0,0
WBGene00022861,dve-1,"dve-1 encodes, by alternative splicing, three proteins with a COMPASS (CMP) domain and two homeodomains; dve-1 interacts with two or more components of the EGF/RAS signallingpathway, and is required for such signalling in vulval development; the CMP domain is found in the N-terminus of SATB-class CUT homeodomain proteins (e.g. human SATB1), and in Drosophila DEFECTIVE PROVENTRICULUS (DVE), to which DVE-1 may be orthologous; both DVE and dve-1 encode two homeodomains which are highly divergent, but homologous between species, and probably derived by intragenic duplication; dve-1 is required for a normally high rate of growth, fluid excretion, and larval viability in in mass RNAi assays.","Homeobox domain; Homeobox domain-like; SATB, ubiquitin-like oligomerisation domain",X,-,protein_coding,6778,2,0,0.2951,0.0,0,0,0,0,0,0,2,0,0,0
WBGene00020491,T13G4.4,none available,Homocysteine-binding domain,X,-,protein_coding,3246,1,1,0.3081,0.3081,0,0,1,1,0,0,0,0,0,0
WBGene00021047,zfp-3,none available,"Zinc finger, CCCH-type",X,-,protein_coding,6284,0,2,0.0,0.3183,0,1,0,0,0,1,0,0,0,0
WBGene00003968,peb-1,"peb-1 encodes a novel DNA-binding protein; during development, peb-1 activity is required for proper morphogenesis of the pharynx, vulva, and hindgut and for normal molting, feeding, and body morphology; in vitro, PEB-1 exhibits sequence-specific DNA binding to a regulatory sequence known as subelement C, which directs pharynx-specific myo-2 expression and in yeast, PEB-1 exhibits modest transcription activation activity; PEB-1 is expressed in the nuclei of all pharyngeal cells (except neurons) from the comma stage of embryogenesis through late larval stages; in addition, PEB-1 is expressed dynamically in non-pharyngeal cells, including the vulva, germline, hindgut, and hypodermis.","Zinc finger, FLYWCH-type",X,+,protein_coding,7938,1,1,0.126,0.126,0,0,0,0,0,0,1,1,0,0
WBGene00020301,gid-2,none available,"RING-type zinc-finger, LisH dimerisation motif; Rmd5; Zinc finger, RING/FYVE/PHD-type",X,-,protein_coding,9099,0,2,0.0,0.2198,0,1,0,0,0,0,0,1,0,0
WBGene00019318,K02E10.4,none available,Cysteine-rich repeat,X,+,protein_coding,5220,2,0,0.3831,0.0,0,0,0,0,0,0,2,0,0,0
WBGene00001441,fkh-9,fkh-9 encodes a member of the forkhead domain transcription factor family.,Fork head domain; Winged helix-turn-helix DNA-binding domain,X,-,protein_coding,10117,0,2,0.0,0.1977,0,0,0,0,0,0,0,2,0,0
WBGene00017478,cest-26,none available,"Alpha/Beta hydrolase fold; Carboxylesterase, type B",X,-,protein_coding,6818,0,2,0.0,0.2933,0,1,0,0,0,0,0,1,0,0
WBGene00016407,unk-1,none available,"Zinc finger, CCCH-type",X,+,protein_coding,11887,0,2,0.0,0.1683,0,0,0,0,0,0,0,2,0,0
WBGene00019781,M60.6,none available,CD20-like family,X,-,protein_coding,4338,0,2,0.0,0.461,0,0,0,0,0,0,0,1,0,0
WBGene00006479,tmbi-4,none available,Bax inhibitor 1-related,X,+,protein_coding,9957,0,2,0.0,0.2009,0,0,0,0,0,0,0,2,0,0
WBGene00008868,F15G9.5,none available,,X,-,protein_coding,5657,0,2,0.0,0.3535,0,0,0,1,0,0,0,1,0,0
WBGene00006792,unc-58,"unc-58 encodes one of 44 C. elegans TWK (two-P domain K+) potassium channel subunits that contain two pore-forming domains and four transmembrane domains; unc-58 was originally defined by gain-of-function (gf) mutations that result in paralysis and a shortened (dumpy) body morphology due to hypercontraction of body wall muscle; unc-58 gf mutations also result in constitutive egg-laying; as loss of UNC-58 function via reversion or RNA-mediated interference (RNAi) results in either no abnormalities or only a weakly uncoordinated phenotype, UNC-58 likely functions redudantly with other TWK channels to regulate locomotion and egg-laying; UNC-58 is expressed in motor neurons and interneurons.",Potassium channel domain; Two pore domain potassium channel,X,-,protein_coding,28573,0,2,0.0,0.07,0,0,0,0,0,0,0,2,0,0
WBGene00006749,unc-9,"unc-9 encodes an innexin, an integral transmembrane channel protein that is a structural component of invertebrate gap junctions; UNC-9 is required for normal forward locomotion and egg-laying and also plays a role in the response to antihelminthics and volatile anesthetics; UNC-9 may form a functional pair with UNC-7, another C. elegans innexin, as mutations in unc-7 result in defects nearly identical to those in unc-9 mutant animals.",Innexin,X,+,protein_coding,14960,2,0,0.1337,0.0,2,0,0,0,0,0,0,0,0,0
WBGene00002151,irk-3,none available,"Immunoglobulin E-set; Potassium channel, inwardly rectifying, Kir; Potassium channel, inwardly rectifying, Kir, cytoplasmic",X,-,protein_coding,17125,2,0,0.1168,0.0,0,0,0,0,0,0,2,0,0,0
WBGene00006634,tsp-8,"tsp-8 is orthologous to the human gene KANGAI 1 (SUPPRESSION OF TUMORIGENICITY 6, PROSTATE; CD82 ANTIGEN (R2 LEUKOCYTE ANTIGEN, ANTIGEN DETECTED BY MONOCLONAL AND ANTIBODY IA4)) (KAI1; OMIM:600623), which when mutated leads to disease.","Tetraspanin; Tetraspanin, EC2 domain; Tetraspanin/Peripherin",X,-,protein_coding,2878,1,1,0.3475,0.3475,1,1,0,0,0,0,0,0,0,0
WBGene00196809,T10B10.10,none available,,X,-,ncRNA,147,1,1,6.8027,6.8027,0,0,0,0,0,0,1,1,0,0
WBGene00001148,eat-20,none available,"EGF-like calcium-binding domain; EGF-like domain; Follistatin-like, N-terminal",X,+,protein_coding,14020,0,2,0.0,0.1427,0,0,0,0,0,0,0,2,0,0
WBGene00007261,lron-3,none available,"Cysteine-rich flanking region, C-terminal; Leucine-rich repeat; Leucine-rich repeat domain, L domain-like",X,-,protein_coding,11306,2,0,0.1769,0.0,0,0,0,0,0,0,2,0,0,0
WBGene00020770,eat-17,none available,Rab-GTPase-TBC domain,X,-,protein_coding,17631,0,2,0.0,0.1134,0,0,0,0,0,0,0,1,0,0
WBGene00018187,twf-2,none available,ADF-H/Gelsolin-like domain; Actin-depolymerising factor homology domain; Twinfilin,X,+,protein_coding,5140,1,1,0.1946,0.1946,1,0,0,0,0,0,0,0,0,0
WBGene00018373,F43B10.1,none available,EF-hand domain; EF-hand domain pair,X,-,protein_coding,25191,2,0,0.0794,0.0,2,0,0,0,0,0,0,0,0,0
WBGene00019347,mbl-1,"mbl-1 encodes, by alternative splicing, two isoforms of a putative MUSCLEBLIND-type mRNA splicing regulator required in adults for normal muscle dense body organization, locomotion, and vulval morphogenesis; MBL-1 is orthologous to Drosophila MBL and human MBNL1 (OMIM:606516), MBNL2 (OMIM:607327), and MBNL3 (OMIM:300413); mbl-1 is transcribed in larvae and adults; mbl-1(RNAi) animals show protruding vulvae, progressive uncoordination, and disordered dense bodies; while mbl-1 is required in adults, it is dispensable in larvae, perhaps reflecting a progressive muscle dystrophy in mbl-1(RNAi) animals.","Zinc finger, CCCH-type",X,+,protein_coding,31695,1,1,0.0316,0.0316,0,0,0,0,0,0,1,1,0,0
WBGene00022277,homt-1,"homt-1 encodes a putative hydroxyindole-O-methyltransferase orthologous to human C1orf184 and C9orf32; by homology, HOMT-1 is  expected to catalyze the conversion of N-acetyl serotonin to melatonin; homt-1 is expressed in the tail neuron PVT, and in uterine cells;  since exogenous melatonin slows C. elegans locomotion and enhances slowing by food, Y74C9A.3 may inhibit locomotion.",Alpha-N-methyltransferase NTM1; S-adenosyl-L-methionine-dependent methyltransferase,I,-,protein_coding,6115,0,1,0.0,0.1635,0,0,0,0,0,0,0,1,0,0
WBGene00004274,rab-11.1,"rab-11.1 encodes a small GTPase homologous to the Rab GTPases that function in endocytosis, membrane fusion, and vesicular trafficking events; RAB-11.1 activity is required for completion of the final stages of cytokinesis during early embryogenesis and for efficient uptake of yolk proteins during oocyte development; RAB-11.1 is also required for normal peripheral localization of nuclei in the synctial germ cell in the ovary and for regulated secretion of CAV-1-containing cortical granules following fertilization; RAB-11.1 localizes to recycling endosomes and to cortical granules.",P-loop containing nucleoside triphosphate hydrolase; Small GTP-binding protein domain; Small GTPase superfamily,I,-,protein_coding,1376,0,1,0.0,0.7267,0,1,0,0,0,0,0,0,0,0
WBGene00021672,Y48G1BM.7,none available,,I,-,pseudogene,1635,0,1,0.0,0.6116,0,1,0,0,0,0,0,0,0,0
WBGene00020090,R119.5,none available,Protein-L-isoaspartate(D-aspartate) O-methyltransferase; S-adenosyl-L-methionine-dependent methyltransferase,I,-,protein_coding,5946,0,1,0.0,0.1682,0,1,0,0,0,0,0,0,0,0
WBGene00022035,Y65B4BL.3,none available,,I,-,protein_coding,5899,1,0,0.1695,0.0,1,0,0,0,0,0,0,0,0,0
WBGene00022039,Y65B4BL.7,none available,,I,-,protein_coding,2291,0,1,0.0,0.4365,0,0,0,0,0,0,0,1,0,0
WBGene00022033,Y65B4BL.1,none available,Domain of unknown function DB,I,+,protein_coding,1450,0,1,0.0,0.6897,0,0,0,0,0,0,0,1,0,0
WBGene00002040,hum-7,"hum-7 encodes a class IX unconventional myosin heavy chain that contains a myosin motor domain in the head region and zinc-finger and rhoGAP (rho GTPase activating protein) domains in the tail region; HUM-7 is required during embryogenesis for cytokinesis and normal cytoplasmic rearrangements, and by homology, may function in organization of the actin cytoskeleton; the precise expression and localization patterns of HUM-7 are not yet known.","IQ motif, EF-hand binding site; Myosin head, motor domain; P-loop containing nucleoside triphosphate hydrolase; Protein kinase C-like, phorbol ester/diacylglycerol-binding domain; Ras-associating (RA) domain; Rho GTPase activation protein; Rho GTPase-activating protein domain; Ubiquitin-related domain",I,-,protein_coding,21765,0,1,0.0,0.0459,0,0,0,0,0,0,0,1,0,0
WBGene00022031,Y65B4A.8,none available,Cytidyltransferase-like domain; Dephospho-CoA kinase; P-loop containing nucleoside triphosphate hydrolase; Rossmann-like alpha/beta/alpha sandwich fold,I,-,protein_coding,4046,1,0,0.2472,0.0,1,0,0,0,0,0,0,0,0,0
WBGene00202093,ZC123.11,none available,,I,+,ncRNA,183,0,1,0.0,5.4645,0,0,0,0,0,0,0,1,0,0
WBGene00022391,prhg-1,Y95B8A.12 encodes a predicted Rho guanine nucleotide exchange factor.,Dbl homology (DH) domain; PH domain-like; Pleckstrin homology domain,I,-,protein_coding,14585,1,0,0.0686,0.0,0,0,0,0,0,0,1,0,0,0
WBGene00003548,nas-30,nas-30 encodes an astacin family zinc metalloprotease with a single EGF domain and a CUB domain; nas-30 is expressed in the intestine and hypodermis.,"CUB domain; Metallopeptidase, catalytic domain; Peptidase M12A; Peptidase, metallopeptidase",I,+,protein_coding,9228,1,0,0.1084,0.0,1,0,0,0,0,0,0,0,0,0
WBGene00003238,mig-1,"mig-1 encodes one of four C. elegans Frizzled-like receptors; mig-1 was initially identified in screens for animals with defective cell migrations, and its activity is required for proper migration of the QL neuroblast and the HSN neurons.",Frizzled domain; Frizzled protein; Frizzled/secreted frizzled-related protein,I,-,protein_coding,8888,0,1,0.0,0.1125,0,0,0,1,0,0,0,0,0,0
WBGene00018788,shc-1,"shc-1 encodes four proteins by multiple splicing, three of which are rather small (52-81 residues); however, one isoform (F54A5.3A, 316 residues) is a ortholog of vertebrate Shc proteins (e.g., p52/p46SHC and p66SHC); like its orthologs, F54A5.3A has a PTB and an SH2 domain in N- to C-terminal order; shc-1 interacts with both the JNK and insulin signaling pathways to regulate stress response and adult life span; SHC-1::GFP is widely expressed during postembryonic development and localizes to both the cytoplasm and the nucleus.",PH domain-like; PTB/PI domain; SH2 domain,I,-,protein_coding,7473,0,1,0.0,0.1338,0,0,0,0,0,0,0,1,0,0
WBGene00016931,C54G6.2,"The C54G6.2 gene encodes a homolog of human RP2, which when mutated leads to X-linked retinitis pigmentosa 2 (OMIM:312600).",CARP motif; Tubulin binding cofactor C-like domain,I,+,protein_coding,5274,1,0,0.1896,0.0,0,0,0,0,0,0,1,0,0,0
WBGene00021334,vps-4,none available,"AAA+ ATPase domain; ATPase, AAA-type, core; MIT; P-loop containing nucleoside triphosphate hydrolase; Vps4 oligomerisation, C-terminal",I,-,protein_coding,13006,1,0,0.0769,0.0,0,0,0,0,0,0,1,0,0,0
WBGene00019909,R06A10.1,none available,Major facilitator superfamily domain,I,+,protein_coding,11165,0,1,0.0,0.0896,0,0,0,0,0,0,0,1,0,0
WBGene00019673,K12C11.1,"The K12C11.1 gene encodes an ortholog of the human gene PEPTIDASE D (PEPD), which when mutated leads to prolidase deficiency (OMIM:170100).","Aminopeptidase P, N-terminal; Creatinase/Aminopeptidase P, N-terminal; Creatinase/Aminopeptidase P/Spt16, N-terminal; Peptidase M24",I,-,protein_coding,3421,0,1,0.0,0.2923,0,0,0,0,0,0,0,1,0,0
WBGene00022366,Y92H12BL.5,The Y92H12BL.5 gene encodes a NUDIX hydrolase.,NUDIX hydrolase; NUDIX hydrolase domain; NUDIX hydrolase domain-like,I,+,protein_coding,11107,0,1,0.0,0.09,0,1,0,0,0,0,0,0,0,0
WBGene00022372,Y92H12BR.7,none available,,I,+,protein_coding,9930,1,0,0.1007,0.0,0,0,0,0,0,0,1,0,0,0
WBGene00022371,set-29,"set-29 encodes a SET domain-containing protein; SET-29 is orthologous to human SETD4 and fission yeast Mug76p, and is paralogous to SET-27 and human SETD3; SET-29 has no obvious function in mass RNAi assays.",SET domain,I,+,protein_coding,7166,1,0,0.1395,0.0,1,0,0,0,0,0,0,0,0,0
WBGene00001115,dyb-1,dyb-1 encodes a homolog of mammalian alpha-dystrobrevin (DTNA); DYB-1 physically interacts with DYS-1/dystrophin in vitro and CTN-1/alpha-catulinand and DYS-1/dystrophin in vivo.,"Distrobrevin; EF-hand domain pair; EF-hand domain, type 1; EF-hand domain, type 2; Zinc finger, ZZ-type",I,+,protein_coding,7416,1,0,0.1348,0.0,0,0,0,0,0,0,1,0,0,0
WBGene00022358,Y92H12A.2,none available,C2 domain; HECT domain; WW domain,I,+,protein_coding,12672,1,0,0.0789,0.0,0,0,0,0,0,0,0,0,0,0
WBGene00022152,atg-5,"atg-5 encodes, by alternative splicing, two isoforms of an ortholog of the autophagic budding yeast protein Atg5p, and of human ATG5 (OMIM:604261); ATG-5 has no obvious function in mass RNAi assays.",Autophagy-related protein 5,I,+,protein_coding,5978,1,0,0.1673,0.0,1,0,0,0,0,0,0,0,0,0
WBGene00006771,tln-1,none available,"Band 4.1 domain; FERM central domain; FERM, N-terminal; FERM/acyl-CoA-binding protein, 3-helical bundle; I/LWEQ domain; IRS-type PTB domain; PH domain-like; Talin, N-terminal F0 domain; Talin, central; Ubiquitin-related domain; Vinculin-binding site-containing domain; Vinculin/alpha-catenin",I,+,protein_coding,19103,1,0,0.0523,0.0,0,0,0,0,0,0,1,0,0,0
WBGene00022148,ddx-27,"ddx-27 encodes a putative DEAD-box helicase, orthologous to human  DDX27 and Drosophila Rs1, that is required for larval development and normally rapid growth.","DEAD/DEAH box helicase domain; Helicase superfamily 1/2, ATP-binding domain; Helicase, C-terminal; P-loop containing nucleoside triphosphate hydrolase",I,+,protein_coding,22271,1,0,0.0449,0.0,0,0,0,0,0,0,1,0,0,0
WBGene00001196,egl-30,"egl-30 encodes an ortholog of the heterotrimeric G protein alpha subunit Gq (Gq/G11 class) that affects viability, locomotion, egg laying, synaptic transmission, and pharyngeal pumping; it genetically interacts with the goa-1 pathway, and is probably expressed ubiquitously, with highest expression in excitable cells.","G protein alpha subunit, helical insertion; G-protein alpha subunit, group Q; Guanine nucleotide binding protein (G-protein), alpha subunit; P-loop containing nucleoside triphosphate hydrolase",I,+,protein_coding,6305,1,0,0.1586,0.0,0,0,0,0,0,0,0,0,0,0
WBGene00021239,Y20F4.4,none available,,I,-,protein_coding,9484,1,0,0.1054,0.0,0,0,0,0,0,0,1,0,0,0
WBGene00021009,afd-1,none available,Dilute domain; Forkhead-associated (FHA) domain; PDZ domain; Ras-associating (RA) domain; SMAD/FHA domain; Ubiquitin-related domain,I,+,protein_coding,49607,1,0,0.0202,0.0,0,0,0,0,0,0,1,0,0,0
WBGene00021005,ule-1,"W03F11.1 encodes a protein with three chitin-binding peritrophin-Adomains; like CEJ-1 and CPG-2, W03F11.1 may participate in eggshellsynthesis and early embryonic development; W03F11.1 is required forfertility in mass RNAi assays; W03F11.1's multiple peritrophin-A domainsmight enable mechanical cross-linking of chitin.",Chitin binding domain,I,-,protein_coding,2846,0,1,0.0,0.3514,0,1,0,0,0,0,0,0,0,0
WBGene00021470,tpxl-1,"tpxl-1 encodes the C. elegans ortholog of Xenopus laevis TPX2; during mitosis, TPXL-1 activity is required for activation and localization of the AIR-1 Aurora A kinase to mitotic spindles, and thus for proper mitotic spindle assembly; like TPX2, TPXL-1 physically interacts with the Aurora A kinase AIR-1 in vitro, and colocalizes with AIR-1 at the centrosome, particularly the outer centrosomal layer, and along microtubules extended outward from the centrosome.",,I,-,protein_coding,7006,0,1,0.0,0.1427,0,1,0,0,0,0,0,0,0,0
WBGene00021473,sydn-1,none available,,I,-,protein_coding,4763,0,1,0.0,0.21,0,1,0,0,0,0,0,0,0,0
WBGene00021474,dot-1.1,none available,Histone H3-K79 methyltransferase; Histone-lysine N-methyltransferase DOT1 domain; S-adenosyl-L-methionine-dependent methyltransferase,I,-,protein_coding,18540,0,1,0.0,0.0539,0,0,0,0,0,0,0,0,0,0
WBGene00021276,Y23H5B.5,none available,"U3 small nucleolar RNA-associated protein 15, C-terminal; WD40 repeat; WD40-repeat-containing domain; WD40/YVTN repeat-like-containing domain",I,+,protein_coding,8126,1,0,0.1231,0.0,0,0,0,0,0,0,1,0,0,0
WBGene00021272,Y23H5B.1,none available,Domain of unknown function DUF19,I,+,protein_coding,2675,1,0,0.3738,0.0,0,0,0,0,0,0,1,0,0,0
WBGene00018232,F40E3.5,none available,Metallo-dependent phosphatase-like; Serine/threonine-specific protein phosphatase/bis(5-nucleosyl)-tetraphosphatase,I,-,protein_coding,11980,1,0,0.0835,0.0,0,0,0,0,0,0,1,0,0,0
WBGene00017980,F32B5.7,none available,Glycine-rich domain-containing protein-like,I,-,protein_coding,9858,0,1,0.0,0.1014,0,0,0,0,0,0,0,1,0,0
WBGene00003006,lin-17,"lin-17 encodes one of four C. elegans Frizzled homologs, integral membrane proteins that contain an external cysteine rich domain (CRD) and seven transmembrane domains and that function in a wide variety of species as receptors for Wnt glycoprotein signaling molecules; LIN-17 activity is required for specifying the polarity of a number of asymmetric cell divisions that, in C. elegans, are essential for development of such structures as the vulva, somatic gonad, and tail; LIN-17 is also required for the proper polarity of neuronal migrations along the anterior-posterior axis; genetic interactions indicate that LIN-17 likely functions as a receptor for several different Wnt molecules, including LIN-44 and EGL-20, and that in specifying cell fates, the LIN-17-mediated signaling pathway often functions redundantly with other signaling pathways, including the RTK/Ras pathway; LIN-17, along with CWN-2, CAM-1, and DSH-1, functions as part of a Wnt signaling pathway that regulates ACR-16 localization to postsynaptic regions, a key component of activity-dependent synaptic plasticity; a LIN-17 translational reporter fusion shows membrane-associated expression in all of the Pn.pxx vulval precursor cells, in the descendants of V6 and T in males, in the P11.p and B cells, as well as their daughters, and granddaughters, and weakly in P10.p and its daughters; the reporter fusion does not reveal expression in P7.p, Z1, Z4, and T; LIN-17 is also expressed in muscle arms, where it colocalizes with CAM-1.",Frizzled domain; Frizzled protein; Frizzled-4; Frizzled/secreted frizzled-related protein,I,+,protein_coding,10667,0,1,0.0,0.0937,0,0,0,0,0,0,0,1,0,0
WBGene00022129,lron-11,none available,"Leucine-rich repeat; Leucine-rich repeat domain, L domain-like; Leucine-rich repeat, typical subtype",I,-,protein_coding,7156,0,1,0.0,0.1397,0,1,0,0,0,0,0,0,0,0
WBGene00002174,itx-1,itx-1 encodes one of two Caspr orthologues found in the C. elegans genome; Caspr proteins belong to the Neurexin superfamily and are involved in mediating cell-cell contacts and in the formation of specialized membrane-domains in polarized epithelial and nerve cells; RNA interference of itx-1 suggests that itx-1 is involved in the correct positioning and maintenance of apical junctions and in maintaining epithelial integrity in the gut; gfp-reporter studies indicate that ITX-1 is expressed in intestinal cell epithelia and in the socket cells of the inner and outer labial sensilla; immunofluorescence studies indicate that ITX-1 localizes to the baso-lateral membranes of intestinal epithelia.,Concanavalin A-like lectin/glucanase domain; EGF-like domain; Laminin G domain,I,+,protein_coding,13028,0,1,0.0,0.0768,0,0,0,0,0,0,0,1,0,0
WBGene00003387,mod-5,"mod-5 encodes a Na[+],Cl[-]-dependent serotonin transporter that is required for serotonin uptake by neurosecretory motor neurons and for the experience-dependent enhanced slowing response to food; MOD-5 has serotonin transport activity in cell culture, and is a target of the serotonin uptake inhibitor fluoxetine (Prozac) in vivo; MOD-5 is orthologous to the human serotonin transporter (SLC6A4, OMIM:182138, associated with varying levels of neuroticism, introversion, and anxiety).",Sodium:neurotransmitter symporter,I,-,protein_coding,13079,0,1,0.0,0.0765,0,1,0,0,0,0,0,0,0,0
WBGene00021835,Y54E10A.17,none available,DOMON domain,I,+,protein_coding,3511,1,0,0.2848,0.0,0,0,0,0,0,0,1,0,0,0
WBGene00197872,Y54E10A.23,none available,,I,-,ncRNA,149,1,0,6.7114,0.0,0,0,0,0,0,0,1,0,0,0
WBGene00004154,pqn-72,"The protein product of this gene is predicted to contain a glutamine/asparagine (Q/N)-rich ('prion') domain, by the algorithm of Michelitsch and Weissman (as of the WS77 release of WormBase, i.e., in wormpep77).",,I,-,protein_coding,11487,0,1,0.0,0.0871,0,1,0,0,0,0,0,0,0,0
WBGene00019360,neto-1,none available,CUB domain; Low-density lipoprotein (LDL) receptor class A repeat; Neuropilin and tolloid-like protein 2,I,+,protein_coding,6060,1,0,0.165,0.0,0,0,0,0,0,0,1,0,0,0
WBGene00044437,Y47G6A.32,none available,,I,+,protein_coding,5034,0,1,0.0,0.1986,0,0,0,0,0,0,0,1,0,0
WBGene00003040,lin-59,"lin-59 encodes a SET domain-containing protein that is most closely related to the ASH1 group of histone-lysine N-methyltransferases; lin-59 was originally identified in screens for mutations that disrupt male tail development and subsequently was shown to be an essential gene required for development and fate specification of a number of different cells types, including those of the male tail, male and hermaphrodite hindgut, and egg-laying system; lin-59 has been shown to positively regulate expression of at least four genes: cdh-3, egl-5, mab-5, and nac-2; a lin-59::gfp reporter fusion is first expressed during the proliferative stage of embryonic development and expression continues, in most cells, throughout larval development and adulthood.","AWS domain; Bromo adjacent homology (BAH) domain; SET domain; Zinc finger, FYVE/PHD-type; Zinc finger, PHD-finger; Zinc finger, PHD-type; Zinc finger, RING/FYVE/PHD-type",I,-,protein_coding,7709,0,1,0.0,0.1297,0,1,0,0,0,0,0,0,0,0
WBGene00006751,unc-11,"unc-11 encodes multiple isoforms of a clathrin-adaptor protein AP180 (OMIM:603025) that functions in clathrin-mediated endocytosis; UNC-11 is essential for embryogenesis, locomotion, and pharyngeal pumping, and regulates neurotransmitter release by controlling vesicle trafficking and fusion; UNC-11 is also required for localization of SNB-1/synaptobrevin to synaptic vesicles, thus acting as a sorting protein as well as a clathrin-adaptor protein; UNC-11 is expressed at high levels in nearly all neurons, where it is enriched at presynaptic terminals, and is also expressed in coelomocytes, the uv1 secretory cells of the vulva, and the intestine.","AP180 N-terminal homology (ANTH) domain; ENTH  domain; ENTH/VHS; Phosphoinositide-binding clathrin adaptor, domain 2",I,-,protein_coding,7344,0,1,0.0,0.1362,0,0,0,0,0,0,0,0,0,1
WBGene00219725,linc-63,none available,,I,-,lincRNA,626,0,1,0.0,1.5974,0,0,0,0,0,0,0,0,0,0
WBGene00006805,unc-73,"unc-73 encodes a guanine nucleotide exchange factor (GNEF) similar to the Trio protein; UNC-73 is required for vulval morphogenesis, for the migration of QL, QR, CAN, and hypodermal P cells, the commissure outgrowth of D type motoneurons, and amphid axon outgrowth; UNC-73 has GNEF activity for both CED-10 and MIG-2 in vitro; the requirement for UNC-73 in P cell migration can be suppressed by transgenic overexpression of rho-1; UNC-73 activates several small GTPases: RHO-1 in P cell migration, and both CED-10 and MIG-2 in vulval morphogenesis, P cell migration, and axon outgrowth.",CRAL-TRIO lipid binding domain; Dbl homology (DH) domain; Fibronectin type III; Immunoglobulin I-set; Immunoglobulin-like domain; Immunoglobulin-like fold; PH domain-like; Pleckstrin homology domain; SH3 domain,I,-,protein_coding,32440,0,1,0.0,0.0308,0,1,0,0,0,0,0,0,0,0
WBGene00016603,met-1,"met-1 encodes a histone methyltransferase whose SET domain is similar to that of Saccharomyces cerevisiae Set2p; loss of met-1 activity in the background of a mutant class A synMuv gene, such as lin-15A, results in a multivulval phenotype, indicating that met-1 acts to negatively regulate vulval cell fate specification; as met-1 is required for normal levels of histone H3K36 and H3K9 trimethylation and met-1;lin-15A animals show an increase in lin-3 EGF expression, met-1 likely acts as part of a transcriptional repressor complex that negatively regulates lin-3 EGF transcription to restrict vulval development to three of the six cells in the vulval equivalence group; in addition, genetic studies indicate that met-1 likely acts redundantly with met-2 to inhibit vulval cell fates.",AWS domain; Post-SET domain; SET domain; WW domain,I,+,protein_coding,10503,1,0,0.0952,0.0,1,0,0,0,0,0,0,0,0,0
WBGene00000140,anc-1,"anc-1 encodes a protein, orthologous to Drosophila MSP 300 and mammalian SYNE1 and SYNE2 proteins; ANC-1 has coiled regions, a nuclear envelope localization domain (the KASH domain) and an actin-binding domain; ANC-1 affects the positioning of nuclei and mitochondria within the cytoskeleton; ANC-1 is expressed in the cytoplasm, but is localized to the nuclear periphery in an UNC-84 dependent manner.",BAG domain; Calponin homology domain; KASH domain,I,+,protein_coding,41060,0,1,0.0,0.0244,0,0,0,0,0,0,0,1,0,0
WBGene00022834,ZK973.8,none available,Protein of unknown function DUF1265; SKP1/BTB/POZ domain,I,-,protein_coding,3005,0,1,0.0,0.3328,0,1,0,0,0,0,0,0,0,0
WBGene00219727,linc-39,none available,,I,-,lincRNA,684,0,1,0.0,1.462,0,0,0,0,0,0,0,1,0,0
WBGene00001860,him-1,"him-1 encodes a homolog of the conserved eukaryotic protein, SMC1, a member of the SMC (structural maintenance of chromosomes) superfamily that is required for embryonic viability, germline mitosis, chromosome pairing, and the segregation of mitotic chromosomes; HIM-1 can interact with SMC-3 and is required for DPY-28 localization to meiotic chromosomes; associates with the chromatin of transition-zone nuclei.","P-loop containing nucleoside triphosphate hydrolase; RecF/RecN/SMC, N-terminal; SMCs flexible hinge; Structural maintenance of chromosomes protein; Structural maintenance of chromosomes protein 1A, metazoan",I,-,protein_coding,6097,0,1,0.0,0.164,0,0,0,0,0,0,0,1,0,0
WBGene00000272,bro-1,"bro-1 encodes an ortholog of human CBFB (OMIM:121360, mutated in acute myeloid leukemia and CBFB haploinsufficiency) and Drosophila BRO/BGB; BRO-1 is required for the normal proliferation and differentiation of seam cells, alae, and male tail rays; bro-1 mutants exhibit defective seam cell division and differentiation, and males exhibit ray loss; conversely, transgenic overexpression of BRO-1 induces excess seam cell divisions at least somewhat independently of RNT-1; coexpression of both BRO-1 and RNT-1 induces full seam cell hyperplasia; rnt-1 transcription is abnormally high in bro-1 mutant larvae; BRO-1 is also required for normal structural integrity of the vulva, with bro-1 mutants showing ruptured vulvae; BRO-1 is expressed in both cytoplasm and nuclei of hypodermal seam cells (from bean-stage embryos onward), muscle cells, the uterine seam (utse) cell in late L4 larvae, some pharyngeal neurons, and male ray precursor cells, and transgenic expression of BRO-1 in seam cells alone rescues the bro-1(bp133) mutation; seam cell phenotypes of bro-1 mutants are partly suppressed by inactivation of LIN-35, FZR-1, and CKI-1, all of which inhibit progression from G1 to S phase of the cell cycle; the structural similarity of BRO-1 to CBFbeta has been confirmed by circular dichroism; BRO-1 is bound in vitro by the RUNT domains (RDs) of either RNT-1 or its human ortholog RUNX1; although BRO-1 does not itself bind DNA, it does bind to a complex of DNA with RNT-1's RD, and enhances both the strength and the specificity of RNT-1's DNA binding when it does so; BRO-1 is genetically redundant with UNC-37 and SOP-1 in specifying seam cell fate, and BRO-1's ligand RNT-1 binds UNC-37 in vitro; bro-1(bp133) and sop-1(RNAi) also show synthetic lethality.","Core binding factor, beta subunit",I,+,protein_coding,2315,1,0,0.432,0.0,0,0,0,0,1,0,0,0,0,0
WBGene00001491,frm-4,"frm-4 encodes a predicted transmembrane protein that contains an N-terminal FERM (Band 4.1-ezrin-radixin-moesin) domain; by homology, FRM-4 is predicted to function as a membrane-cytoskeleton linker protein that plays a role in cell adhesion, migration, or organization of cell surface structures; however, as loss of frm-4 activity via large-scale RNAi screens does not result in any obvious abnormalities, the precise role of FRM-4 in C. elegans development and/or behavior is not yet known.","Band 4.1 domain; FERM central domain; FERM, C-terminal PH-like domain; FERM, N-terminal; FERM/acyl-CoA-binding protein, 3-helical bundle; PH domain-like; Ubiquitin-related domain",I,-,protein_coding,9519,0,1,0.0,0.1051,0,0,0,0,0,0,0,1,0,0
WBGene00004393,rnt-1,"rnt-1 encodes a transcription factor that is the sole C. elegans member of the Runx family of transcriptional regulators; rnt-1 activity is required for several developmental processes, including regulation of hypodermal seam cell proliferation and proper development of the male tail; rnt-1 mutant animals also exhibit a slight reduction in body size which is enhanced by starvation; RNT-1 can physically interact with SMA-4 and regulates, either directly or indirectly, expression of tlp-1 and cki-1, which encode a C2H2 zinc finger and CDK inhibitor, respectively; RNT-1::GFP reporter fusions are expressed in the nuclei of hypodermal seam cells and transiently in body wall muscles; in males, a RNT-1::GFP is expressed in cells derived from the V5, V6 and T lineages that give rise to the sensory rays.","Acute myeloid leukemia 1 protein (AML1)/Runt; Runt domain; p53-like transcription factor, DNA-binding; p53/RUNT-type transcription factor, DNA-binding domain",I,+,protein_coding,12519,1,0,0.0799,0.0,0,0,0,0,0,0,0,0,1,0
WBGene00020839,usp-5,none available,"Peptidase C19, ubiquitin carboxyl-terminal hydrolase; UBA-like; Ubiquitin-associated domain; Ubiquitinyl hydrolase; Zinc finger, RING/FYVE/PHD-type; Zinc finger, UBP-type",I,+,protein_coding,4416,1,0,0.2264,0.0,1,0,0,0,0,0,0,0,0,0
WBGene00016749,C48E7.1,none available,,I,+,protein_coding,4272,1,0,0.2341,0.0,0,0,0,0,0,0,1,0,0,0
WBGene00019431,K06A5.3,none available,Major sperm protein (MSP) domain; PapD-like,I,+,protein_coding,1040,0,1,0.0,0.9615,0,0,0,1,0,0,0,0,0,0
WBGene00017066,maco-1,maco-1 encodes a novel protein with five transmembrane domains in the N-terminus and four coiled coil domains in the C-terminus; maco-1 is functionally conserved across species and is orthologous to human macoilin (OMIM:601301); macoilin is involved in assembly or traffic of ion channels or ion channel regulators; MACO-1 is not required for development but for appropriate regulation of neuronal activity; both transmembrane domains and coiled coil domains are required for appropriate function of MACO-1; proper function of MACO-1 is necessary for normal thermotaxis in many neurons; mutations in C. elegans macoilin disrupt aggregation and are associated with multiple behavioral defects; MACO-1 is localized to the rough ER of neurons; MACO-1 is also restricted to neuronal cell bodies at embryonic developmental stages.,Macoilin,I,-,protein_coding,8539,0,1,0.0,0.1171,0,0,0,0,0,0,0,1,0,0
WBGene00020398,cerk-1,none available,"Diacylglycerol kinase, catalytic domain; NAD kinase/diacylglycerol kinase-like domain",I,+,protein_coding,5791,1,0,0.1727,0.0,0,0,0,0,0,0,1,0,0,0
WBGene00004773,sem-4,"sem-4 encodes a zinc-finger protein; sem-4 activity is required for proper development of cells in neuronal, mesodermal, and vulval cell lineages; sem-4 activity is also required for transdifferentiation of the Y rectal cell to the PDA neuron during larval development; a SEM-4::GFP reporter fusions are widely expressed with fluorescence seen in a number of different cell types including neurons, hypodermis, vulval precursor cells, and tail blast cells such as B and F.",Zinc finger C2H2-type,I,+,protein_coding,9933,0,1,0.0,0.1007,0,0,0,0,0,0,0,1,0,0
WBGene00003622,nhr-23,"The nhr-23 gene encodes a nuclear hormone receptor homolog that is required in all larval molts; NHR-23 is highly similar to Drosophila DHR3, an ecdysone-inducible gene product involved in metamorphosis; NHR-23 is required for hypodermal expression of acn-1 and, probably, of dpy-7.","Nuclear hormone receptor; Nuclear hormone receptor, ligand-binding domain; Zinc finger, NHR/GATA-type; Zinc finger, nuclear hormone receptor-type",I,+,protein_coding,6555,1,0,0.1526,0.0,1,0,0,0,0,0,0,0,0,0
WBGene00009188,lsy-22,none available,,I,-,protein_coding,14129,0,1,0.0,0.0708,0,0,0,0,0,0,0,0,0,0
WBGene00077552,H15N14.4,none available,,I,+,pseudogene,6380,0,1,0.0,0.1567,0,0,0,0,0,0,0,1,0,0
WBGene00009277,F30F8.10,none available,Acyl-CoA N-acyltransferase; GNAT domain,I,+,protein_coding,6895,1,0,0.145,0.0,1,0,0,0,0,0,0,0,0,0
WBGene00008314,C54G4.4,none available,C-type lectin fold; C-type lectin-like; C-type lectin-like/link domain; Galactose-binding domain-like; Sushi/SCR/CCP domain,I,-,protein_coding,6521,0,1,0.0,0.1534,0,0,0,0,0,0,0,1,0,0
WBGene00199946,F52B5.10,none available,,I,-,ncRNA,91,0,1,0.0,10.989,0,0,0,0,0,0,0,0,0,0
WBGene00010854,M04C7.3,none available,,I,-,protein_coding,663,1,0,1.5083,0.0,1,0,0,0,0,0,0,0,0,0
WBGene00009126,pyk-1,"pyk-1 encodes one of two C. elegans pyruvate kinases; large-scale RNAi experiments indicate that pyk-1 is essential for embryonic development and specifically, for normal cortical activity in the AB blastomere; large-scale expression studies show that pyk-1 is expressed in body wall muscle in larvae and in body wall and vulval muscle, as well as in the reproductive system, in adults.","Pyruvate kinase; Pyruvate kinase, C-terminal; Pyruvate kinase, barrel; Pyruvate kinase-like, insert domain; Pyruvate/Phosphoenolpyruvate kinase-like domain",I,+,protein_coding,9057,1,0,0.1104,0.0,1,0,0,0,0,0,0,0,0,0
WBGene00009498,tat-5,"tat-5 encodes one of six C. elegans P4-type ATPases and is homologous to S. cerevisiae Neo1p; TAT-5 functions as an aminophospholipid translocase (flippase) whose activity is required to prevent phosphatidylethanolamine (PE) exposure on the outer plasma membrane and thus negatively regulate formation of extracellular vesicles known as ectosomes or microparticles; tat-5 loss-of-function mutations and tat-5(RNAi) result in embryonic lethality and hermaphrodite sterility, as a result of large-scale vesicle budding that reduces cell adhesion and leads to defects in cell shape; with the exception of very early embryos and the germline, a tat-5::gfp promoter fusion is expressed ubiquitously; TAT-5 localizes to the plasma membrane.","HAD-like domain; P-type ATPase; P-type ATPase, A  domain; P-type ATPase, C-terminal; P-type ATPase, N-terminal; P-type ATPase, cytoplasmic domain N; P-type ATPase, subfamily IV",I,-,protein_coding,11757,0,1,0.0,0.0851,0,0,0,0,0,0,0,1,0,0
WBGene00010857,M04C9.2,none available,"Peptidase C15, pyroglutamyl peptidase I-like; Putative pyroglutamyl peptidase PgaPase_1",I,-,protein_coding,4853,1,0,0.2061,0.0,0,0,0,0,0,0,1,0,0,0
WBGene00008876,F16A11.1,none available,"Concanavalin A-like lectin/glucanase domain; SPRY domain; Zinc finger, RING-type; Zinc finger, RING/FYVE/PHD-type",I,-,protein_coding,10279,0,1,0.0,0.0973,0,0,0,0,0,0,0,1,0,0
WBGene00009646,F42H11.1,none available,DUF236 repeat,I,+,protein_coding,1533,1,0,0.6523,0.0,1,0,0,0,0,0,0,0,0,0
WBGene00007054,scpl-1,"scpl-1 encodes, by alternative splicing, two protein isoforms of a putative class-C RNA polymerase II (RNAPII) carboxyl-terminal domain (CTD) phosphatase, orthologous to budding yeast PSR1 and PSR2 and human CTDSP1 (OMIM:605323), CTDSP2 (OMIM:608711, amplified in sarcoma), and CTDSPL (OMIM:608592, deleted in epithelial cancer), and paralogous to C. elegans SCPL-3 and human CTDSPL2; more distantly, SCPL-1 (and its paralog SCPL-3) are similar to SCPL-2, SCPL-4, and FCP-1; loss of scpl-1 activity via RNAi results in a slightly abnormal egg-laying response in the presence of serotonin; an scpl-1::gfp promoter fusion is expressed in pharyngeal, vulval, and body wall muscle; within body wall muscle, SCPL-1 localize to the M line and I band; SCPL-1 physically interacts with UNC-89 both in vitro and in vivo.","Dullard phosphatase domain, eukaryotic; FCP1 homology domain; HAD-like domain",I,-,protein_coding,15748,0,1,0.0,0.0635,0,0,0,0,0,1,0,0,0,0
WBGene00013891,ZC434.3,none available,,I,-,protein_coding,1470,1,0,0.6803,0.0,1,0,0,0,0,0,0,0,0,0
WBGene00009743,sptf-1,none available,Zinc finger C2H2-type,I,+,protein_coding,5077,0,1,0.0,0.197,0,0,0,0,0,0,0,1,0,0
WBGene00000912,daf-16,"daf-16 encodes the sole C. elegans forkhead box O (FOXO) homologue; DAF-16 functions as a transcription factor that acts in the insulin/IGF-1-mediated signaling (IIS) pathway that regulates dauer formation, longevity, fat metabolism, stress response, and innate immunity; DAF-16 regulates these various processes through isoform-specific expression, isoform-specific regulation by different AKT kinases, and differential regulation of target genes; DAF-16 can interact with the CBP-1 transcription cofactor in vitro, and interacts genetically with other genes in the insulin signaling and with daf-12, which encodes a nuclear hormone receptor; DAF-16 is activated in response to DNA damage during development and co-regulated by EGL-27, alleviates DNA-damage-induced developmental arrest by inducing DAF-16-associated element (DAE)-regulated genes; DAF-16 is broadly expressed but displays isoform-specific tissue enrichment; DAF-16 localizes to both the cytoplasm and the nucleus, with the ratio between the two an important regulator of function.",Fork head domain; Winged helix-turn-helix DNA-binding domain,I,+,protein_coding,26206,1,0,0.0382,0.0,0,0,0,0,0,0,1,0,0,0
WBGene00199318,R13H8.3,none available,,I,-,ncRNA,150,1,0,6.6667,0.0,0,0,0,0,0,0,0,0,1,0
WBGene00013928,clec-94,none available,C-type lectin fold; C-type lectin-like; C-type lectin-like/link domain,I,+,protein_coding,1871,0,1,0.0,0.5345,0,0,0,0,0,0,0,1,0,0
WBGene00013933,clec-99,none available,C-type lectin fold; C-type lectin-like; C-type lectin-like/link domain,I,-,protein_coding,2106,1,0,0.4748,0.0,1,0,0,0,0,0,0,0,0,0
WBGene00010160,png-1,"png-1 encodes a peptide-N[4]-(N-acetyl-beta-D-glucosaminyl) asparagineamidase (i.e., peptide:N-glycanase or PNGase) orthologous to buddingyeast PNG1 and human NGLY1; PNG-1 is atypically organized, with anN-terminal thioredoxin-like domain, a central transglutaminase domain,and a C-terminal DUF750 domain, while lacking the PUB domain found inmammalian or insect PNGases; both in vitro and in vivo, PNG-1 shows bothprotein disulfide reductase and PNGase activities, which require itsN-terminal and central domains respectively; PNG-1 has PNGase activityon denatured but not natively folded RNAse B, and releases both highmannose- and sialo-complex-type N-glycans from glycopeptides anddenatured glycoproteins; in vivo, the png-1(cy8) mutation C251Y(predicted to destroy the PNGase active site) abolishes PNGase activitywhile leaving PNG-1's reductase activity intact; conversely, PNG-1'sreductase activity is abolished by the dual missense mutation C34S/C37S,which alters its predicted N-terminal active site; by orthology, PNG-1is expected to aid proteasomal degradation of misfolded proteins; PNG-1activity is inhibited by Zn(2+) and the caspase inhibitor z-VAD-fmk, butnot by EDTA; PNG-1 is expressed in renal gland cells and intestine;although W04G5.5 and Y50D4B.7 have some similarity to thetransglutaminase domain of PNG-1, they lack a predicted catalytic triadactive site.","Galactose-binding domain-like; Peptide N glycanase, PAW domain; Thioredoxin domain; Thioredoxin-like fold; Transglutaminase-like",I,+,protein_coding,8521,1,0,0.1174,0.0,1,0,0,0,0,0,0,0,0,0
WBGene00014992,ZK1025.1,none available,,I,+,pseudogene,3193,1,0,0.3132,0.0,1,0,0,0,0,0,0,0,0,0
WBGene00009314,phm-2,none available,RNA recognition motif domain; SAP domain,I,+,protein_coding,9240,1,0,0.1082,0.0,1,0,0,0,0,0,0,0,0,0
WBGene00007637,dhhc-7,none available,"Palmitoyltransferase, DHHC domain",I,+,protein_coding,4573,1,0,0.2187,0.0,0,0,0,0,1,0,0,0,0,0
WBGene00009413,oac-19,none available,Acyltransferase 3,I,-,protein_coding,4390,1,0,0.2278,0.0,1,0,0,0,0,0,0,0,0,0
WBGene00002004,hsf-1,"hsf-1 encodes the C. elegans heat-shock transcription factor ortholog; HSF-1 functions as a transcriptional regulator of stress-induced gene expression whose activity is required for heat-shock and proteotoxicity response, larval development, innate immunity, and regulation of adult lifespan; HSF-1 binds bovine calmodulin in vitro in a calcium-dependent manner.","Heat shock factor (HSF)-type, DNA-binding; Heat shock transcription factor family; Winged helix-turn-helix DNA-binding domain",I,-,protein_coding,9579,0,1,0.0,0.1044,0,0,0,0,0,0,0,1,0,0
WBGene00013135,rga-2,none available,PH domain-like; Pleckstrin homology domain; Rho GTPase activation protein; Rho GTPase-activating protein domain,I,+,protein_coding,6219,0,1,0.0,0.1608,0,0,0,0,0,0,0,1,0,0
WBGene00010244,F58D5.5,none available,,I,+,protein_coding,4166,1,0,0.24,0.0,0,0,0,0,1,0,0,0,0,0
WBGene00002240,ksr-2,"ksr-2 encodes one of two C. elegans Kinase Suppressor of Ras paralogs; during development, ksr-2 functions singly to control meiotic progression during oogenesis and redundantly with ksr-1 to control development of the vulva, excretory system, and male spicules; as ksr-2; ksr-1 doubly mutant animals have severely reduced or absent MPK-1/ERK diphosphorylation levels in somatic tissue, KSR-2 and KSR-1 likely function to positively regulate signaling through the LET-60/Ras pathway; ksr-2 and ksr-2; ksr-1 double mutants also show temporarily reduced germline MPK-1 phosphorylation.","Protein kinase-like domain; Serine-threonine/tyrosine-protein kinase, catalytic domain; Tyrosine-protein kinase, catalytic domain",I,-,protein_coding,12457,0,1,0.0,0.0803,0,0,0,0,0,0,0,1,0,0
WBGene00199467,F58D5.10,none available,,I,+,ncRNA,94,0,1,0.0,10.6383,0,0,0,0,0,0,0,1,0,0
WBGene00011028,R05D7.3,none available,"Protein of unknown function DUF2371, TMEM200",I,-,protein_coding,9608,0,1,0.0,0.1041,0,0,0,1,0,0,0,0,0,0
WBGene00007602,C15C6.3,none available,,I,+,protein_coding,5593,1,0,0.1788,0.0,0,0,0,0,1,0,0,0,0,0
WBGene00010165,F56H6.4,none available,Protein of unknown function DUF595; Sulfotransferase,I,+,protein_coding,1764,1,0,0.5669,0.0,0,0,0,0,0,0,1,0,0,0
WBGene00012104,sygl-1,"sygl-1 encodes a serine-rich protein with no known homologs outside of nematodes; sygl-1 is required for germline stem cell maintenance, albeit redundantly with lst-1; sygl-1 mRNA and protein are expressed in the gonad, including the distal-most germ cells, proximal loop region, and oocytes; in the distal-most cells, sygl-1 transcription is activated by GLP-1/Notch signaling from the distal tip cell niche; SYGL-1 protein is predominantly cytoplasmic, and the extent of expression in the distal-most cells correlates with the stem cell pool size; ectopic SYGL-1 expression drives the formation of a germline tumor and this tumor formation requires fbf-1 fbf-2, demonstrating that sygl-1 acts either upstream or parallel to fbf-1 fbf-2 to promote germline stem cell self-renewal.",,I,+,protein_coding,2427,1,0,0.412,0.0,1,0,0,0,0,0,0,0,0,0
WBGene00010768,K11D2.1,none available,"Regulator of chromosome condensation 1/beta-lactamase-inhibitor protein II; Regulator of chromosome condensation, RCC1",I,+,protein_coding,7551,0,1,0.0,0.1324,0,0,0,0,0,0,0,1,0,0
WBGene00001008,dlk-1,"dlk-1 encodes a mitogen-activated protein kinase kinase kinase (MAPKKK) that is the C. elegans ortholog of the dual-leucine zipper MAPKKK; in C. elegans, dlk-1 functions with mkk-4 and pmk-3 in a MAPK signaling pathway that regulates presynaptic development; dlk-1 is also essential for neuron regeneration; DLK-1 abundance is negatively regulated by the RPM-1 E3 ubiquitin ligase which can stimulate DLK-1 ubiquitination; DLK-1 localizes to the periactive zone of synapses in the nerve ring and nerve cord.","Mitogen-activated protein kinase kinase kinase 12/13; Protein kinase domain; Protein kinase-like domain; Serine-threonine/tyrosine-protein kinase, catalytic domain",I,-,protein_coding,7002,1,0,0.1428,0.0,1,0,0,0,0,0,0,0,0,0
WBGene00001746,gsk-3,"gsk-3 encodes the C. elegans glycogen synthase kinase ortholog; during embryonic development, GSK-3 functions in the Wnt signaling pathway that restricts specification of mesendodermal tissue to the appropriate blastomere; GSK-3 also functions in a Wnt pathway that regulates anteroposterior axon guidance; GSK-3 plays a role in regulating the oocyte-to-embryo transition, by phosphorylating and negatively regulating the OMA-1 zinc finger protein, and in regulation of the oxidative stress response pathway by phosphorylating SKN-1, thereby excluding it from intestinal nuclei; GSK-3, along with MOM-5/Frizzled and APR-1/APC is also required for distal tip cell migration in the gonad and for the engulfment of apoptotic cells, indicating that the Wnt pathway signals to CED-10/Rac to regulate cytoskeletal rearrangement during different cellular processes; GSK-3 can be phosphorylated by murine ERK2 in vitro, suggesting that it is a substrate for the RTK-RAS-ERK pathway in vivo; consistent with this, GSK-3 phosphorylation is absent in mpk-1 mutant animals.",Protein kinase domain; Protein kinase-like domain,I,+,protein_coding,6387,1,0,0.1566,0.0,0,0,0,0,1,0,0,0,0,0
WBGene00003735,nhx-8,"nhx-8 encodes two isoforms of a sodium/proton exchanger expressed intracellularly within hypodermal seam cells, pharyngeal muscles, pharyngeal-intestinal and intestinal-rectal valve cells, and vulval cells; nhx-8 has no obvious phenotype in mass RNAi screens; NHX-8 is thought to prevent intracellular acidification by catalysing the electroneutral exchange of vesicular sodium for an intracellular proton.","Cation/H+ exchanger; Cation/H+ exchanger, CPA1 family; Na+/H+ exchanger; Na+/H+ exchanger, isoform 8",I,+,protein_coding,8500,1,0,0.1176,0.0,1,0,0,0,0,0,0,0,0,0
WBGene00003905,pad-1,"The pad-1 gene encodes a highly conserved, but unfamiliar, protein that is required for embryonic development.","Armadillo-type fold; Dopey, N-terminal",I,+,protein_coding,24168,1,0,0.0414,0.0,1,0,0,0,0,0,0,0,0,0
WBGene00008132,gale-1,"gale-1 encodes a putative UDP-galactose-4-epimerase, orthologous tohuman GALE (OMIM:606953, mutated in galactose epimerase deficiency);GALE-1 is thought to interconvert UDP-N-acetylglucosamine andUDP-N-acetylgalactosamine at the end of the hexosamine pathway; gale-1is expressed in neurons, intestine and the developing reproductivesystem, but has no observed function in mass RNAi assays.",NAD(P)-binding domain; Nucleotide sugar epimerase; UDP-glucose 4-epimerase,I,+,protein_coding,8549,1,0,0.117,0.0,0,0,0,0,0,0,1,0,0,0
WBGene00012275,npr-14,none available,"G protein-coupled receptor, rhodopsin-like",I,+,protein_coding,7017,0,1,0.0,0.1425,0,1,0,0,0,0,0,0,0,0
WBGene00009065,F22G12.5,none available,"DHR-1 domain; Dedicator of cytokinesis; Dedicator of cytokinesis C/D, N-terminal; Dedicator of cytokinesis, C-terminal; PH domain-like; Pleckstrin homology domain",I,+,protein_coding,20235,1,0,0.0494,0.0,1,0,0,0,0,0,0,0,0,0
WBGene00011433,pde-1,pde-1 encodes one of six C. elegans cyclic nucleotide phosphodiesterases; PDE-1 is most closely related to the calcium/calmodulin (CaM)-dependent phosphodiesterases and binds bovine calmodulin in vitro in a calcium-dependent manner.,"3'5'-cyclic nucleotide phosphodiesterase; 3'5'-cyclic nucleotide phosphodiesterase N-terminal; 3'5'-cyclic nucleotide phosphodiesterase, catalytic domain; HD/PDEase domain",I,-,protein_coding,7830,0,1,0.0,0.1277,0,0,0,0,0,0,0,1,0,0
WBGene00003585,ndx-8,"The ndx-8 gene encodes a peroxisomal CoA diphosphatase with catalytic activity towards CoA and its derivatives, that is functionally homologous to the S. cerevisiae PCD1 enzyme; more generally, NDX-8 protein belongs to the family of NUDIX hydrolases.",NUDIX hydrolase domain; NUDIX hydrolase domain-like,I,+,protein_coding,14086,0,1,0.0,0.071,0,0,0,0,0,0,0,1,0,0
WBGene00305913,Y87G2A.28,none available,,I,+,ncRNA,444,1,0,2.2523,0.0,1,0,0,0,0,0,0,0,0,0
WBGene00012232,W04A4.3,none available,Gamma interferon inducible lysosomal thiol reductase GILT,I,-,protein_coding,952,0,1,0.0,1.0504,0,0,0,0,0,0,0,1,0,0
WBGene00305648,W09G3.18,none available,,I,-,ncRNA,689,0,1,0.0,1.4514,0,1,0,0,0,0,0,0,0,0
WBGene00012241,W04A8.6,none available,,I,+,protein_coding,5062,1,0,0.1976,0.0,1,0,0,0,0,0,0,0,0,0
WBGene00013506,usp-3,none available,"Peptidase C19, ubiquitin carboxyl-terminal hydrolase; Zinc finger, RING/FYVE/PHD-type; Zinc finger, UBP-type",I,-,protein_coding,9087,0,1,0.0,0.11,0,0,0,0,0,1,0,0,0,0
WBGene00013507,Y71A12B.10,none available,PB1 domain; Protein TFG,I,+,protein_coding,3414,1,0,0.2929,0.0,0,0,1,0,0,0,0,0,0,0
WBGene00013865,ZC334.7,none available,Glutaredoxin; Glutaredoxin subgroup; Thioredoxin-like fold,I,+,protein_coding,1661,0,1,0.0,0.602,0,0,0,0,0,0,0,1,0,0
WBGene00002108,ins-25,ins-25 encodes predicted type-alpha insulin-like molecule that lacks a C peptide domain and does not have an A6/A11 disulfide bond.,"Insulin-like; Nematode insulin-related peptide, beta type",I,+,protein_coding,952,0,1,0.0,1.0504,0,0,0,0,0,0,0,1,0,0
WBGene00007988,best-8,none available,Bestrophin; Bestrophin/UPF0187,I,-,protein_coding,3157,0,1,0.0,0.3168,0,1,0,0,0,0,0,0,0,0
WBGene00014101,gopc-1,none available,PDZ domain,I,-,protein_coding,10668,0,1,0.0,0.0937,0,0,0,0,0,0,0,1,0,0
WBGene00009863,F49B2.3,none available,,I,+,protein_coding,1086,1,0,0.9208,0.0,0,0,0,0,0,0,0,0,0,0
WBGene00006824,unc-95,"unc-95 encodes a LIM domain-containing protein related to Drosophila and vertebrate paxillins; UNC-95 is required for locomotion and organization of thick and thin filaments in body wall muscle; by homology, UNC-95 may function as an anchor protein that links signaling and cytoskeletal proteins at focal adhesions; in vitro, UNC-95 interacts with RNF-5, a RING finger protein that may function as an E3 ligase to regulate UNC-95 levels via ubiquitin-mediated degradation; UNC-95 is expressed in body-wall and vulval muscles, and co-localizes with RNF-5 to muscle dense bodies (focal adhesion-like attachment sites).","Zinc finger, LIM-type",I,-,protein_coding,3378,1,0,0.296,0.0,0,0,0,0,0,0,0,0,0,0
WBGene00002977,lev-10,"lev-10 encodes a CUB and LDLa domain-containing type I transmembrane protein; LEV-10 activity is required cell autonomously in muscle cells for clustering of post-synaptic UNC-29-containing ionotropic acetylcholine receptors (AChR); when expressed in body wall muscles, LEV-10 localizes to cholinergic neuromuscular junctions; the LEV-10 extracellular region is sufficient for rescue of AChR clustering.",CUB domain; Low-density lipoprotein (LDL) receptor class A repeat,I,+,protein_coding,9894,1,0,0.1011,0.0,0,0,0,0,0,0,1,0,0,0
WBGene00013672,catp-1,"catp-1 encodes an alpha subunit of the Na+/K+- and H+/K+-pump P-type ATPase family; catp-1 was identified in screens for animals resistant to developmental defects seen in larvae treated with the nicotinic agonist DMPP; genetic analyses indicate that catp-1 likely functions together with the let-60/Ras and daf-2/insulin-like receptor signaling pathways to regulate L2 larval developmental timing and dauer formation in a manner independent of its ATPase domain and thus, predicted transporter activity; a catp-1::gfp promoter fusion is expressed in hypodermal cells and in the excretory duct cell; hypodermal-specific catp-1(RNAi) confers partial resistance to DMPP, suggesting that hypodermal CATP-1 expression mediates DMPP toxicity.","Cation-transporting P-type ATPase, C-terminal; Cation-transporting P-type ATPase, N-terminal; HAD-like domain; P-type ATPase; P-type ATPase,  transmembrane domain; P-type ATPase, A  domain; P-type ATPase, cytoplasmic domain N",I,-,protein_coding,15080,0,1,0.0,0.0663,0,0,0,0,0,0,0,1,0,0
WBGene00013682,Y105E8A.25,none available,Dbl homology (DH) domain; PH domain-like,I,-,protein_coding,49355,0,1,0.0,0.0203,0,0,0,0,0,1,0,0,0,0
WBGene00001334,ero-1,ero-1 encodes an endoplasmic reticulum oxidoreductase that affects ER-stress response and affects reactive oxygen species levels.,Endoplasmic reticulum oxidoreductin 1,I,+,protein_coding,10393,1,0,0.0962,0.0,0,0,0,0,0,0,1,0,0,0
WBGene00009558,F39B2.8,none available,"GPCR family 3, C-terminal",I,-,protein_coding,8352,0,1,0.0,0.1197,0,0,0,0,0,0,0,1,0,0
WBGene00009304,eva-1,"eva-1 encodes, by alternative splicing, two isoforms of a cell-surface protein that acts cell-autonomously with SAX-3 as a SLT-1 receptor subunit, and is required for guidance of the AVM pioneer axon to the ventral nerve cord; EVA-1's long isoform is predicted to have a signal sequence, an ectodomain with two lectinlike galactose-binding sequences, a single transmembrane sequence, and a cytodomain with a phosphotyrosine binding motif; homologs of EVA-1 include human C21orf63; EVA-1 is expressed in embryonic neurons during axonal growth, head and tail neurons, the ventral nerve cord, pharyngeal and body wall muscles, hypodermis, uterus and vulva; ectopic EVA-1 expression in touch-receptor neurons causes the cell body of ALM to be displaced anteriorly (due to failed posterior migration) in a SLT-1-dependent manner; the cytodomain of EVA-1 is functionally dispensable in vivo; eva-1 mutants enhance the ventral-axon guidance defects of unc-40 mutants; EVA-1, SLT-1, and SAX-3 bind one another in vitro.",D-galactoside/L-rhamnose binding SUEL lectin domain,I,-,protein_coding,5110,0,1,0.0,0.1957,0,0,0,0,0,0,0,1,0,0
WBGene00008695,F11C3.1,none available,P-loop containing nucleoside triphosphate hydrolase,I,+,protein_coding,3442,1,0,0.2905,0.0,0,0,0,0,0,0,1,0,0,0
WBGene00017746,F23F1.5,none available,"Snurportin-1; Snurportin-1, N-terminal",II,-,protein_coding,1524,0,1,0.0,0.6562,0,0,0,0,0,1,0,0,0,0
WBGene00305573,T01D1.9,none available,,II,+,ncRNA,20642,1,0,0.0484,0.0,0,0,0,0,0,0,1,0,0,0
WBGene00018586,ubxn-3,ubxn-3 encodes one of six C. elegans UBX (ubiquitin regulatory X) domain-containing proteins.,UAS; UBX domain; Ubiquitin-related domain,II,-,protein_coding,3619,0,1,0.0,0.2763,0,0,0,0,0,1,0,0,0,0
WBGene00305739,Y43H11AL.9,none available,,II,-,ncRNA,865,0,1,0.0,1.1561,0,0,0,0,0,1,0,0,0,0
WBGene00004166,scc-2,"pqn-85 encodes an ortholog of budding yeast Scc2p, Drosophila NIPPED-B,and human NIPBL (OMIM:608667, mutated in Cornelia de Lange syndrome)that is required for resistance to double-stranded DNA breakage; PQN-85is also required, with MAU-2 and SCC-3, for normal chromosomesegregation and embryonic viability; pqn-85(RNAi) induceshypersensitivity to double-stranded breaks in DNA (manifested byabnormal sterility induced by ionizing radiation, cisplatin, orcamptothecin); pqn-85(RNAi) of early embryos produces lagging ofanaphase chromosomes and 100% embryonic lethality; pqn-85(RNAi) isphenotypically enhanced by joint RNAi with mau-2, and jointpqn-85/scc-3(RNAi) grossly deranges chromosomal segregation in earlyembryos; by orthology with NIPPED-B, PQN-85 might also enable regulatoryinteractions between promoters and distant enhancers by antagonizingSCC-3.",Armadillo-like helical; Armadillo-type fold; HEAT repeat associated with sister chromatid cohesion protein; SCC2/Nipped-B family; Sister chromatid cohesion C-terminal domain,II,-,protein_coding,22959,0,1,0.0,0.0436,0,0,0,0,0,0,0,1,0,0
WBGene00021129,W10D9.1,none available,,II,+,protein_coding,1123,1,0,0.8905,0.0,0,0,1,0,0,0,0,0,0,0
WBGene00020834,T27A1.2,none available,"F-box associated domain, type 2",II,-,protein_coding,6032,0,1,0.0,0.1658,0,0,0,0,0,0,0,1,0,0
WBGene00020171,T02H6.1,none available,G-protein beta WD-40 repeat; WD40 repeat; WD40-repeat-containing domain; WD40/YVTN repeat-like-containing domain,II,+,protein_coding,14322,1,0,0.0698,0.0,0,0,0,0,0,0,1,0,0,0
WBGene00021456,rfip-2,none available,C2 domain,II,+,protein_coding,8726,1,0,0.1146,0.0,1,0,0,0,0,0,0,0,0,0
WBGene00044418,C08G5.7,none available,,II,-,protein_coding,9126,0,1,0.0,0.1096,0,0,0,0,0,0,0,1,0,0
WBGene00000106,alg-2,"alg-2 encodes a PAZ and PIWI-domain containing protein that is a member of the highly conserved eukaryotic RDE-1/AGO1/PIWI family of proteins that regulate posttranscriptional gene silencing (PTGS); ALG-2 functions with ALG-1 to control specific developmental timing events by positively regulating expression of small temporal RNAs (stRNAs) encoded by lin-4 and let-7; ALG-2 and ALG-1 are also required for RNAi in the germ line, although they are not required for RNAi in the soma; ALG-2 is expressed in nearly all cells from embryogenesis through adulthood and localizes to the cytoplasm.","Argonaute linker 2 domain; Argonaute, linker 1 domain; PAZ domain; Piwi domain; Protein argonaute, Mid domain; Protein argonaute, N-terminal; Ribonuclease H-like domain",II,+,protein_coding,6674,1,0,0.1498,0.0,1,0,0,0,0,0,0,0,0,0
WBGene00020309,T07D3.6,none available,,II,+,pseudogene,3473,0,1,0.0,0.2879,0,0,0,0,0,0,0,1,0,0
WBGene00305498,K02E7.15,none available,,II,+,ncRNA,67988,0,1,0.0,0.0147,0,0,0,0,0,0,0,1,0,0
WBGene00020476,T13B5.9,none available,"Peptidase M8, leishmanolysin",II,-,protein_coding,3139,1,0,0.3186,0.0,0,0,0,0,0,0,1,0,0,0
WBGene00004076,pod-2,"pod-2 encodes an acetyl-CoA carboxylase; by sequence similarity, POD-2 is predicted to catalyze the first step in de novo fatty acid biosynthesis; pod-2 is required for proper embryonic polarity and for osmotic protection of the eggshell; pod-2 activity is also required for molting.","ATP-grasp fold, subdomain 1; Acetyl-CoA carboxylase, central domain; Biotin carboxylase, C-terminal; Biotin carboxylase-like, N-terminal domain; Biotin/lipoyl attachment; Carbamoyl-phosphate synthetase large subunit-like, ATP-binding domain; ClpP/crotonase-like domain; Pre-ATP-grasp domain; Rudiment single hybrid motif; Single hybrid motif",II,+,protein_coding,15921,1,0,0.0628,0.0,0,0,0,0,0,0,1,0,0,0
WBGene00002176,jip-1,"JIP-1 is partly similar to the human gene ISLET-BRAIN 1 (MAPK8IP1; OMIM:604641), which when mutated leads to type II diabetes.",PH domain-like; PTB/PI domain; SH3 domain,II,+,protein_coding,23144,1,0,0.0432,0.0,1,0,0,0,0,0,0,0,0,0
WBGene00044439,Y51H7C.15,none available,,II,-,pseudogene,2170,1,0,0.4608,0.0,1,0,0,0,0,0,0,0,0,0
WBGene00021776,Y51H7BR.4,none available,,II,+,protein_coding,5852,0,1,0.0,0.1709,0,0,0,0,0,0,0,1,0,0
WBGene00305397,F36H5.19,none available,,II,+,ncRNA,3766,0,1,0.0,0.2655,0,0,0,0,0,0,0,1,0,0
WBGene00015608,math-3,"The C08F1.4 gene encodes a protein closely similar to F36H5.2, which has a meprin-associated Traf homology (MATH) domain and may be involved in apoptosis.",MATH/TRAF domain; TRAF-like,II,+,protein_coding,6458,0,1,0.0,0.1548,0,0,0,0,0,0,0,1,0,0
WBGene00020536,T16A1.5,none available,,II,-,protein_coding,126,1,0,7.9365,0.0,1,0,0,0,0,0,0,0,0,0
WBGene00021985,Y59C2A.2,none available,Membralin,II,-,protein_coding,11790,0,1,0.0,0.0848,0,1,0,0,0,0,0,0,0,0
WBGene00006882,vab-19,"vab-19 encodes an ankyrin repeat-containing protein that is a member of a conserved family of proteins that includes human Kank, a predicted tumor suppressor; during embryonic morphogenesis, vab-19 activity is essential for epidermal elongation and proper attachment of muscle to the epidermis, specifically the localization of attachment structures to muscle-adjacent regions of epidermal cells and normal epidermal actin organization; a VAB-19::GFP fusion protein is expressed in dorsal and ventral epidermal cells where it organizes into circumferential bands and colocalizes with components of epidermal attachment structures; VAB-19::GFP is also detected in mechanosensory neuronal processes; recruitment of VAB-19 to epidermal attachment structures requires activity of VAB-10/Spectraplakin, while VAB-19 and LET-805/Myotactin are mutually required for localization into circumferential stripes.",Ankyrin repeat; Ankyrin repeat-containing domain,II,+,protein_coding,7669,1,0,0.1304,0.0,0,0,0,0,1,0,0,0,0,0
WBGene00005551,sri-39,none available,"7TM GPCR, serpentine chemoreceptor class i (Sri)",II,+,protein_coding,2251,1,0,0.4442,0.0,0,0,0,0,0,0,1,0,0,0
WBGene00001546,gcy-21,gcy-21 is predicted to encode a guanylate cyclase.,"Adenylyl cyclase class-3/4/guanylyl cyclase; Nucleotide cyclase; Periplasmic binding protein-like I; Protein kinase-like domain; Serine-threonine/tyrosine-protein kinase, catalytic domain",II,+,protein_coding,5023,1,0,0.1991,0.0,1,0,0,0,0,0,0,0,0,0
WBGene00020229,T05A8.3,none available,,II,-,protein_coding,2787,1,0,0.3588,0.0,0,0,0,0,0,0,1,0,0,0
WBGene00020230,nep-2,"T05A8.4 encodes a neprilysin; neprilysins are thermolysin-like zinc metallopeptidases, found on the outer surface of animal cells, that negatively regulate small signalling peptides (e.g., enkephalin, tachykinin, insulin, and natriuretic peptides) by cleaving them; while T05A8.4 is an ortholog of mammalian neutral endopeptidase (NEP), expressed on the brush-border membranes of kidney; more generally, T05A8.4 falls into a group of proteins that includes the classical neprilysins found in mammals (e.g., PEX [OMIM:307800] and the enkephalin cleaving enzymes).","Metallopeptidase, catalytic domain; Neprilysin-2; Peptidase M13; Peptidase M13, C-terminal domain; Peptidase M13, N-terminal domain",II,-,protein_coding,9198,0,1,0.0,0.1087,0,0,0,0,0,0,0,1,0,0
WBGene00019686,K12H6.6,none available,TRAM/LAG1/CLN8 homology domain,II,-,protein_coding,2657,0,1,0.0,0.3764,0,0,0,0,0,0,0,1,0,0
WBGene00022713,ZK355.3,none available,,II,-,protein_coding,617,0,1,0.0,1.6207,0,1,0,0,0,0,0,0,0,0
WBGene00005826,srw-79,none available,"7TM GPCR, serpentine receptor class w (Srw)",II,+,protein_coding,1697,1,0,0.5893,0.0,0,0,0,0,0,0,1,0,0,0
WBGene00019513,lido-7,none available,Protein LIN-8,II,+,protein_coding,2998,1,0,0.3336,0.0,0,0,0,0,0,0,1,0,0,0
WBGene00016576,lido-9,none available,Protein LIN-8,II,+,protein_coding,1644,1,0,0.6083,0.0,0,0,0,0,0,0,1,0,0,0
WBGene00021298,Y27F2A.6,none available,Protein of unknown function DUF1647,II,-,protein_coding,2922,1,0,0.3422,0.0,0,0,0,0,0,0,1,0,0,0
WBGene00001541,gcy-15,gcy-15 encodes a membrane guanylyl cyclase.,"Adenylyl cyclase class-3/4/guanylyl cyclase; Nucleotide cyclase; Periplasmic binding protein-like I; Protein kinase-like domain; Receptor, ligand binding region; Serine-threonine/tyrosine-protein kinase, catalytic domain",II,-,protein_coding,4718,0,1,0.0,0.212,0,1,0,0,0,0,0,0,0,0
WBGene00021726,bath-10,none available,BTB/POZ domain; MATH/TRAF domain; SKP1/BTB/POZ domain; TRAF-like,II,+,protein_coding,1643,0,1,0.0,0.6086,0,0,0,0,0,0,0,1,0,0
WBGene00018810,F54D10.9,none available,"Protein of unknown function DUF282, Caenorhabditis species",II,-,protein_coding,2900,0,1,0.0,0.3448,0,0,0,0,0,0,0,1,0,0
WBGene00003017,lin-31,"lin-31 encodes a winged helix (WH)-like transcription factor that is a member of the HNF3/Forkhead family of DNA-binding proteins; LIN-31 acts as a tissue-specific effector of MAP kinase-mediated signaling in the vulva; when MAP kinase is inactive, LIN-31 forms a complex with LIN-1/Ets that inhibits vulval cell fates; upon MAP kinase activation (vulval induction), LIN-31 becomes phosphorylated, dissociates from LIN-1, and goes on to promote primary and secondary vulval cell fates; LIN-31 is expressed in the vulval precursor cells.",Fork head domain; Winged helix-turn-helix DNA-binding domain,II,+,protein_coding,4481,1,0,0.2232,0.0,0,0,0,0,0,0,1,0,0,0
WBGene00006476,rhgf-2,"rhgf-2 encodes a Rho guanyl-nucleotide exchange factor (RhoGEF) with similarity to the mammalian PLEKHG5/Tech/Syx RhoGEFs; rhgf-2 is required for embryonic morphogenesis, larval development, and regulation of locomotion; when expressed in mammalian neuronal tissue culture cells, RHGF-2 induces cell rounding inhibits neurite outgrowth; RHGF-2 functions as a RhoGEF for the RHO-1 GTPase; RHGF-2 physically interacts with the multi-PDZ domain scaffold protein MPZ-1; RHGF-2 is expressed in many, but not all, C. elegans neurons from the 1.5-fold stage of embryogenesis through adulthood; in nerve ring axons, RHGF-2 expression overlaps with that of MPZ-1.",Dbl homology (DH) domain; PH domain-like; Pleckstrin homology domain,II,+,protein_coding,27069,1,0,0.0369,0.0,0,0,0,0,0,0,1,0,0,0
WBGene00020368,ast-1,"ast-1 encodes one of ten C. elegans ETS-box transcription factors; AST-1 is required cell autonomously for proper initiation and maintenance of dopamine (DA) neuron fate; AST-1 acts to specify DA neuron fate by positively regulating expression of a number of DA neuron-specific genes such as dat-1 and cat-2, which encodes a dopamine transporter and tyrosine hydroxylase, respectively; AST-1 is also required for proper navigation of some interneuron axons to their targets, for differentiation of the ventral cord pioneer neuron AVG, and for pharyngeal morphogenesis; AST-1 is transiently expressed in many head neurons late in their differentiation and axon outgrowth, and in a few pharyngeal cells; AST-1 is at first nuclear, but then relocates to spots in cell bodies and even neuronal processes; hypomorphic ast-1 mutants have axons extending laterally, and crossing over from the right axon tract to the left axon bundle; null ast-1(hd92) mutants are inviable, failing to attach a working pharynx to their cuticle during development and then starving as L1 larvae; behaviorally, hypomorphic ast-1 animals are at least superficially normal, indicating that the ventral nerve cord can tolerate at least some miswiring; AST-1 also regulates odr-2 expression, while ast-1 expression is itself regulated by LIN-11.",Ets domain; Winged helix-turn-helix DNA-binding domain,II,-,protein_coding,7523,1,0,0.1329,0.0,0,0,0,0,0,0,1,0,0,0
WBGene00019855,R03H10.2,none available,,II,+,protein_coding,11599,0,1,0.0,0.0862,0,0,0,0,0,0,0,1,0,0
WBGene00015301,C01F1.6,none available,Ankyrin repeat; Ankyrin repeat domain-containing protein 13; Ankyrin repeat-containing domain,II,-,protein_coding,6030,0,1,0.0,0.1658,0,0,0,0,0,1,0,0,0,0
WBGene00019217,athp-2,none available,"Bromodomain; DDT domain; WHIM1 domain; WHIM2 domain; WSTF/Acf1/Cbp146; Zinc finger, FYVE/PHD-type; Zinc finger, PHD-finger; Zinc finger, PHD-type; Zinc finger, RING/FYVE/PHD-type",II,+,protein_coding,10806,1,0,0.0925,0.0,0,0,0,0,0,0,1,0,0,0
WBGene00019222,H20J04.7,none available,,II,-,protein_coding,2097,1,0,0.4769,0.0,0,0,0,0,0,0,1,0,0,0
WBGene00022743,mlt-7,"mlt-7 encodes an animal heme peroxidase; MLT-7 is required for formation of the C. elegans cuticle and normal molting; specifically, MLT-7 functions in combination with BLI-3/DUOX for proper cross-linking of cuticular collagens; when expressed in vitro, MLT-7 exhibits peroxidase activity; MLT-7 is expressed in the hypodermis, which synthesizes the cuticle, at each larval molt.","Haem peroxidase; Haem peroxidase, animal type; ShKT domain",II,+,protein_coding,11844,0,1,0.0,0.0844,0,0,0,0,0,0,0,1,0,0
WBGene00006868,vab-1,"vab-1 encodes an ephrin receptor; during development, vab-1 activity is required for neural and epithelial morphogenesis as well as for proper axon targeting and neuronal cell migration; in addition, VAB-1 functions as a major sperm protein receptor in a sperm-sensing control mechanism that regulates oocyte meiotic maturation; VAB-1::GFP reporters are expressed in neuronal cells and in oocytes and sheath cells of the proximal gonad.","Ephrin receptor ligand binding domain; Ephrin receptor, transmembrane domain; Fibronectin type III; Galactose-binding domain-like; Growth factor receptor cysteine-rich domain; Immunoglobulin-like fold; Protein kinase-like domain; Serine-threonine/tyrosine-protein kinase, catalytic domain; Tyrosine-protein kinase ephrin type A/B receptor-like; Tyrosine-protein kinase, catalytic domain",II,+,protein_coding,18971,1,0,0.0527,0.0,0,0,0,0,0,0,1,0,0,0
WBGene00020222,fut-6,none available,"Fucosyltransferase, N-terminal; Glycosyl transferase family 10",II,-,protein_coding,2759,1,0,0.3625,0.0,0,0,0,0,0,0,1,0,0,0
WBGene00020867,shc-2,"T27F7.2 encodes three proteins by multiple splicing, two of which (T27F7.2A-B) are fully orthologous to vertebrate Shc proteins (e.g., p52/p46SHC and p66SHC); like their orthologs, T27F7.2A-B have a PTB and an SH2 domain in N- to C-terminal order; T27F7.2 is expressed in gastrulating embryos (probably in neural precursors); T27F7.2 might be involved in RAS signal transduction or regulation of apoptosis.",PH domain-like; PTB/PI domain; SH2 domain,II,+,protein_coding,19778,1,0,0.0506,0.0,0,0,0,0,0,0,1,0,0,0
WBGene00015942,osta-2,none available,Organic solute transporter subunit alpha/Transmembrane protein 184,II,+,protein_coding,4661,1,0,0.2145,0.0,0,0,0,0,0,0,1,0,0,0
WBGene00019128,F59G1.4,none available,,II,+,protein_coding,8425,1,0,0.1187,0.0,0,0,0,0,0,0,1,0,0,0
WBGene00018252,F40H3.6,none available,,II,-,ncRNA,1229,1,0,0.8137,0.0,1,0,0,0,0,0,0,0,0,0
WBGene00000651,col-75,none available,"Collagen triple helix repeat; Nematode cuticle collagen, N-terminal",II,+,protein_coding,1221,0,1,0.0,0.819,0,1,0,0,0,0,0,0,0,0
WBGene00020170,T02G5.14,none available,"F-box associated domain, type 2",II,+,protein_coding,8803,0,1,0.0,0.1136,0,0,0,0,0,0,0,0,0,0
WBGene00016172,C27H5.2,none available,,II,+,protein_coding,5381,1,0,0.1858,0.0,0,0,0,0,0,0,1,0,0,0
WBGene00000530,clh-3,"clh-3 encodes a chloride channel homologous to the mammalian channel ClC-2; CLH-3 is expressed in oocytes; CLH-3 carries a hyperpolarization- and swelling-activated Cl(-) current, with biophysical characteristics strongly resembling those of mammalian ClC-2; the CLH-3 current is inactive in immature oocytes, but can be triggered by cell swelling,  however, CLH-3 has no obvious role in oocyte volume homeostasis; instead, CLH-3 appears to function as a negative regulator of the gap junction-coupled gonadal sheath cells; the normal physiological time for CLH-3 channel activation is at the onset of oocyte meiotic maturation; inactivation of CLH-3 expression by RNAi causes the gonadal sheath cells, which normally begin contracting during meiotic maturation, to instead begin contractions abnormally early.","Aldolase-type TIM barrel; CBS domain; Chloride channel, core; Chloride channel, voltage gated",II,-,protein_coding,7972,0,1,0.0,0.1254,0,0,0,0,0,0,0,1,0,0
WBGene00305090,C07D10.7,none available,,II,-,lincRNA,1974,0,1,0.0,0.5066,0,0,0,0,0,0,0,1,0,0
WBGene00016183,C28F5.1,none available,,II,+,protein_coding,1618,0,1,0.0,0.618,0,1,0,0,0,0,0,0,0,0
WBGene00006363,syd-1,"syd-1 encodes a protein that contains a Rho-GTPase-like activating domain as well as PDZ and C2 domains; during neuronal development, SYD-1 is required cell autonomously to positively regulate synaptogenesis; in regulating synapse development, SYD-1 functions as a positive regulator of SYD-2/liprin through direct interaction with ELKS-1, a pre-synaptic protein also required for synapse development; in turn, SYD-1 activity is regulated by RSY-1, a negative regulator of synaptogenesis, with which it also interacts physically; SYD-1 is expressed in neurons and localizes to presynaptic regions.",C2 domain; PDZ domain; Rho GTPase activation protein; Rho GTPase-activating protein domain,II,-,protein_coding,9218,1,0,0.1085,0.0,0,0,0,0,0,0,1,0,0,0
WBGene00015061,cpna-2,"cpna-2 encodes proteins with similarity to several InterPro domains including those of polycystin cation channels, von Willebrand factor, the DNA recombination repair protein BRCA2, protein-tyrosine phosphatase, non-receptor type-13, glyoxylate carboligase, and copines, Ca2+-dependent phosphatidylserine binding proteins; cpna-2::gfp reporter fusions are expressed in body wall muscle.","Copine; von Willebrand factor, type A",II,+,protein_coding,27829,1,0,0.0359,0.0,1,0,0,0,0,0,0,0,0,0
WBGene00014051,spv-1,none available,"FCH domain; Protein kinase C-like, phorbol ester/diacylglycerol-binding domain; Rho GTPase activation protein; Rho GTPase-activating protein domain",II,-,protein_coding,16611,0,1,0.0,0.0602,0,1,0,0,0,0,0,0,0,0
WBGene00002066,ifg-1,"ifg-1 encodes, by alternative splicing, two orthologs of the translation initiation factor 4F, ribosome/mRNA-bridging subunit (eIF-4G); by homology, IFG-1 is predicted to function in poly(A) tail-dependent translation initiation; loss of ifg-1 activity in adult animals extends lifespan.","Armadillo-type fold; MIF4G-like, type 3",II,+,protein_coding,5175,1,0,0.1932,0.0,1,0,0,0,0,0,0,0,0,0
WBGene00000894,dab-1,"dab-1 encodes an ortholog of the cytoplasmic adaptor protein DISABLED,required for normal molting and meiotic arrest; DAB-1 is also required forEGL-17 secretion from vulval cells, and thus indirectly for normal sexmyoblast (SM) migration and egg-laying; DAB-1 contains a conserved PTBdomain and signals that confer localization to Golgi-proximal vesicles,and DAB-1 localizes to vesicular structures in vivo; dab-1 is expressed inventral precursor cells, and DAB-1 prevents EGL-17 protein accumulation inthem; dab-1 is also expressed in other cells (anchor cell, sheath cells,etc.) but has no obvious function in them; DAB-1 binds the cytoplasmicdomains of either LRP-1 or LRP-2 in yeast two-hybrid experiments;dab-1(gk291) and dab-1(RNAi) animals have similar defects in molting,EGL-17 secretion from VPCs, SM migration, and egg-laying; dab-1(RNAi) doesnot enhance the SM phenotypes of lrp-1(RNAi) or lrp-2(RNAi), suggestingthat these genes act in concert to promote normal EGL-17 secretion and SMmigration; in vitro, DAB-1 binds to the ear domains of APT-4 (strongly)and of APT-1 and APT-9 (weakly); genetically, dab-1(RNAi) functions aspart of the vab-1 pathway in oocytes inhibiting meiotic maturation, andDAB-1 is found in oocyte cytoplasm.",PH domain-like; PTB/PI domain; Protein disabled,II,+,protein_coding,6768,1,0,0.1478,0.0,1,0,0,0,0,0,0,0,0,0
WBGene00011923,chhy-1,"chhy-1 encodes a chondroitin hydrolase orthologous to human HYAL1 (OMIM:607071, mutated in mucopolysaccharidosis type IX) and other hyaluronidases; in COS-7 cells, heterologously expressed CHHY-1 preferentially cleaves chondroitin as an endo-ss-galactosaminidase, with lesser activity on chondroitin sulfate A (CS-A) and CS-C, but almost no activity on hyaluronic acid; the optimum pH for CHHY-1 cleavage is 6.0.",Aldolase-type TIM barrel; Glycoside hydrolase superfamily; Hyaluronidase,II,-,protein_coding,3071,0,1,0.0,0.3256,0,0,0,1,0,0,0,0,0,0
WBGene00009717,dep-1,"dep-1 encodes a class III receptor protein tyrosine phosphatase (R-PTP)orthologous to human R-PTPs such as PTPRJ/Dep-1 (mutated in epithelialcancers; OMIM:600925); DEP-1 is required, redundantly with LIP-1 andLET-60, and downstream of LIN-12, to promote secondary over primary vulvalfate in the P5.p and P7.p lineages; DEP-1 is expressed in P5.p and P7.plineages, and dep-1 acts cell-autonomously in these lineages; DEP-1colocalizes with LET-23 in punctae, and binds LET-23 in vitro; DEP-1, withLIP-1, is also required for normal duct cell and excretory poredevelopment; dep-1 mutations are wild-type in isolation, but have vulvalphenotypes with added mutations in lin-15, lip-1, or let-60; DEP-1laterally inhibits secondary vulval fates in parallel with LIN-12/Notchsignalling; in primary (P5.p) vulval cells, LET-60/RAS-activated SUR-2inhibits dep-1 and lin-12 expression; since RNAi of 125 out of 165predicted C. elegans protein phosphatase genes fails to enhance lip-1mutations, the LIP-1/DEP-1 interaction is likely to be highly specific.","Fibronectin type III; Immunoglobulin-like fold; PTP type protein phosphatase; Protein-tyrosine phosphatase, catalytic; Protein-tyrosine phosphatase-like",II,-,protein_coding,14003,0,1,0.0,0.0714,0,0,0,0,0,0,0,1,0,0
WBGene00014208,znfx-1,none available,"P-loop containing nucleoside triphosphate hydrolase; Zinc finger, NF-X1-type",II,+,protein_coding,9496,1,0,0.1053,0.0,1,0,0,0,0,0,0,0,0,0
WBGene00003058,lov-1,"lov-1 encodes a transmembrane protein orthologous to human PKD1; lov-1 is required for two aspects of male mating behavior: response to hermaphrodite contact and vulva location and acts with PKD-2, a TRPP cation channel; LOV-1 is expressed in three types of male-specific neurons and localizes to the cell bodies and cilia; EGL-44 and EGL-46 regulate cell-specific expression of lov-1 and pkd-2 to specify the behavioral function of the HOB hook sensillum neuron; in vitro, LOV-1 interacts, via its conserved PLAT domain, with the N-terminus of ATP-2, the beta subunit of ATP synthase that also localizes to cilia, suggesting that ATP synthase may play a role in C. elegans polycystin signaling.","GPS motif; PLAT/LH2 domain; Polycystin cation channel, PKD1/PKD2",II,-,protein_coding,12726,1,0,0.0786,0.0,1,0,0,0,0,0,0,0,0,0
WBGene00003939,pax-3,"pax-3 encodes a divergent paired-like homeodomain protein that does not belong to the Q50, K50, or S50 classes; PAX-3 is required for locomotion and vulval development; pax-3(RNAi) animals have consistent Pvl and Unc phenotypes (as well as less consistent Bmd, Rup, and Stp phenotypes).",Homeobox domain; Homeobox domain-like; Paired domain; Winged helix-turn-helix DNA-binding domain,II,+,protein_coding,6296,1,0,0.1588,0.0,0,0,0,0,0,0,1,0,0,0
WBGene00004185,pro-1,"pro-1 encodes a WD-repeat-containing protein that is orthologous to Saccharomyces cerevisiae IPI3; pro-1 activity is required for ribosome biogenesis and specifically, for efficient processing of intervening sequence 2 (ITS2) from rRNA intermediates during 26S rRNA maturation; during development, pro-1 is essential for larval growth, fertility, and normal cell division patterns; in addition, pro-1 is required cell autonomously in the somatic gonad for proper spatial and temporal regulation of germline development and proliferation; a pro-1 promoter::gfp fusion construct reveals that pro-1 is widely expressed in the embryo as well as in every major post-embryonic lineage including the somatic gonad.",WD40 repeat; WD40-repeat-containing domain; WD40/YVTN repeat-like-containing domain,II,-,protein_coding,2559,0,1,0.0,0.3908,0,1,0,0,0,0,0,0,0,0
WBGene00010893,cutl-9,none available,Zona pellucida domain,II,+,protein_coding,3682,1,0,0.2716,0.0,1,0,0,0,0,0,0,0,0,0
WBGene00010910,M106.2,none available,,II,-,protein_coding,5691,0,1,0.0,0.1757,0,0,0,0,0,1,0,0,0,0
WBGene00003882,orc-2,"orc-2 encodes the C. elegans ortholog of the Orc2 subunit of the origin recognition complex (ORC); by homology, ORC-2 is predicted to function as part of a multi-protein scaffolding complex that regulates initiation of DNA replication; consistent with its predicted role, orc-2 activity is required for proper execution of a number of biological processes including germ cell proliferation and reproduction, embryonic development, vulval development, and locomotion.","Origin recognition complex, subunit 2",II,+,protein_coding,3753,1,0,0.2665,0.0,0,0,0,0,0,0,1,0,0,0
WBGene00006788,unc-53,"unc-53 encodes at least five large (~1200-1600 residue) proteins, orthologous to human NAV1, NAV2/RAINB1 (OMIM:607026), and NAV3, and homologous to Drosophila CG10662; UNC-53 proteins are required for anteroposterior guidance of migrating cells, axons, and excretory cell canals; unc-53 mutations affect egg laying, backward locomotion, body size, and male mating; UNC-53 proteins vary in their N-terminal regions but share common C-terminal sequences with a AAA-ATPase domain; the UNC-53 N-terminus physically interacts with ABI-1, suggesting that UNC-53 may function as a scaffold to link the ARP2/3 complex to ABI-1; UNC-53 also interacts both physically and genetically with SEM-5; unc-53 is expressed in those cells requiring it, suggesting that its function is cell-autonomous; overexpression of unc-53 induces excess cellular outgrowth.",Calponin homology domain; P-loop containing nucleoside triphosphate hydrolase,II,-,protein_coding,31410,0,1,0.0,0.0318,0,1,0,0,0,0,0,0,0,0
WBGene00007041,tag-180,tag-180 encodes an alpha2/delta subunit of a voltage-gated calcium channel; a tag-180::gfp promoter fusion is expressed in the gut and in a small number of head and tail neurons.,"VWA N-terminal; von Willebrand factor, type A",II,-,protein_coding,6383,0,1,0.0,0.1567,0,0,0,0,0,0,0,1,0,0
WBGene00010787,K12D12.5,none available,Ribonuclease H-like domain,II,+,protein_coding,2489,1,0,0.4018,0.0,0,0,0,0,0,0,0,0,0,0
WBGene00003015,lin-29,"lin-29 encodes a zinc finger transcription factor of the C2H2 type that affects the heterochronic development of the vulva, egg laying system, male gonad, cuticle, molting cycle and vitellogenesis; expressed in uterine and vulval muscle cells, seam cells, pharynx, head neurons, ventral cord neurons, preanal ganglion, distal tip cells, anchor cell, vulval cells, male-specific linker cell, and cells in the tail.",Zinc finger C2H2-type,II,-,protein_coding,17698,1,0,0.0565,0.0,0,0,0,0,0,0,1,0,0,0
WBGene00012461,glb-29,"glb-29 encodes a globin with no obvious function in mass RNAi assays; glb-29 expression is induced by anoxia in a HIF-1 dependent manner, although it is also paradoxically upregulated in a hif-1 mutant background.",Globin-like,II,+,protein_coding,14761,0,1,0.0,0.0677,0,0,0,0,0,0,0,1,0,0
WBGene00000565,cnt-1,"cnt-1 encodes a homolog of centaurin beta, an Arf GTPase activating protein (Arf GAP) that also contains a pleckstrin homology domain and C-terminal ankyrin repeats; by homology, CNT-1 is predicted to function as an Arf GAP that stimulates Arf GTPase activity and links cell signaling with cytoskeletal rearrangements and membrane trafficking; however, as loss of cnt-1 activity via large-scale RNAi screens does not result in any obvious abnormalities, the precise role of cnt-1 in C. elegans development and/or behavior is not yet known; cnt-1 is broadly expressed, being detected in the pharynx, excretory cell, spermatheca, distal tip cells of the gonad, neurons of the head and nerve ring, and anal epithelial cells; CNT-1 is able to bind the phosphoinositides PIP2 and PIP3 and upon production of PIP3, can translocate from the cytoplasm to the membrane.",Ankyrin repeat; Ankyrin repeat-containing domain; Arf GTPase activating protein; PH domain-like; Pleckstrin homology domain,II,-,protein_coding,16699,0,1,0.0,0.0599,0,1,0,0,0,0,0,0,0,0
WBGene00004394,rol-1,"rol-1 encodes a nematode cuticular collagen required for normal body morphology at the adult stage of development; rol-1 expression is under the control of the heterochronic pathway, as heterochronic mutants that synthesize adult cuticle early produce animals that roll as larvae, while heterochronic mutants that fail to execute normal adult development never display the roller phenotype.","Collagen triple helix repeat; Nematode cuticle collagen, N-terminal",II,+,protein_coding,3497,0,1,0.0,0.286,0,1,0,0,0,0,0,0,0,0
WBGene00013266,Y57A10A.26,none available,"Failed axon connections; Glutathione S-transferase, C-terminal-like; Metaxin, glutathione S-transferase domain; Thioredoxin-like fold",II,+,protein_coding,1914,0,1,0.0,0.5225,0,0,0,0,0,0,0,1,0,0
WBGene00016826,C50E10.2,none available,Protein of unknown function DUF1265,II,-,protein_coding,4261,1,0,0.2347,0.0,0,0,0,0,0,0,1,0,0,0
WBGene00016832,sre-49,none available,"7TM GPCR, serpentine receptor class e (Sre)",II,+,protein_coding,2230,1,0,0.4484,0.0,1,0,0,0,0,0,0,0,0,0
WBGene00004310,ras-1,"ras-1 is orthologous to the human oncogene, Related Ras Viral Oncogene Homolog 2 (RRAS2).","P-loop containing nucleoside triphosphate hydrolase; Small GTP-binding protein domain; Small GTPase superfamily; Small GTPase superfamily, Ras type",II,-,protein_coding,6959,0,1,0.0,0.1437,0,0,0,0,0,1,0,0,0,0
WBGene00004347,rgs-4,"rgs-4 encodes a regulator of G protein signaling; by homology, RGS-4 is predicted to function as a GTPase-activating protein that binds G protein alpha subunits and negatively regulates heterotrimeric G protein signaling; loss of rgs-4 activity via RNAi or a deletion mutation results in no obvious defects, and likewise, rgs-4 overexpression has no measurable effect on egg-laying behavior, locomotion, or viability; the RGS-4 expression pattern has not yet been reported.","RGS domain; RGS, subdomain 1",II,+,protein_coding,17669,1,0,0.0566,0.0,1,0,0,0,0,0,0,0,0,0
WBGene00012904,tiar-2,none available,"RNA recognition motif domain; RNA recognition motif domain, eukaryote",II,+,protein_coding,5729,1,0,0.1746,0.0,0,0,0,0,0,0,1,0,0,0
WBGene00012908,Y46G5A.18,none available,R3H domain; R3H-associated N-terminal domain,II,-,protein_coding,4842,0,1,0.0,0.2065,0,0,0,0,0,1,0,0,0,0
WBGene00008929,F18A11.2,none available,CRAL-TRIO lipid binding domain,II,+,protein_coding,4908,1,0,0.2037,0.0,1,0,0,0,0,0,0,0,0,0
WBGene00006999,zyx-1,"zyx-1 encodes a LIM domain protein and is most similar to vertebrate Zyxin; the vertebrate zyxin sub-family also includes  migfilin, TRIP6 and LPP; the ZYX-1 protein is expressed in striated body wall muscle and localizes at dense bodies/Z-discs and in the nucleus; ZYX-1 physically interacts with P granule components (GLH proteins) and several dense body and M-line proteins, including DEB-1 (Vinculin) and ATN-1 (alpha-actinin), indicating that zyx-1 may play a role in anchoring actin filaments to dense bodies via its interaction with these proteins.","Zinc finger, LIM-type",II,+,protein_coding,14362,0,1,0.0,0.0696,0,0,0,0,0,0,0,1,0,0
WBGene00002264,lec-1,lec-1 encodes a tandem repeat-type galectin in which each galectin domain is homologous to typical vertebrate 14-kDa-type galectins; the two sugar binding sites have distinct sugar binding properties in vitro and lec-1 is expressed most abundantly in the adult cuticle.,"Concanavalin A-like lectin/glucanase domain; Galectin, carbohydrate recognition domain",II,+,protein_coding,4165,1,0,0.2401,0.0,1,0,0,0,0,0,0,0,0,0
WBGene00000274,btf-1,"btf-1 encodes a member of the TBP-associated family (TAF), with weak similarity to human TBP-associated factor 172.","Armadillo-like helical; Armadillo-type fold; Domain of unknown function DUF3535; Helicase superfamily 1/2, ATP-binding domain; Helicase, C-terminal; P-loop containing nucleoside triphosphate hydrolase; SNF2-related, N-terminal domain",II,+,protein_coding,15542,0,1,0.0,0.0643,0,0,0,0,0,0,0,1,0,0
WBGene00012988,ztf-22,none available,,II,-,protein_coding,6063,0,1,0.0,0.1649,0,1,0,0,0,0,0,0,0,0
WBGene00012995,Y48C3A.14,none available,"DNA topoisomerase, type IA; DNA topoisomerase, type IA, DNA-binding domain; DNA topoisomerase, type IA, central; DNA topoisomerase, type IA, central region, subdomain 2; DNA topoisomerase, type IA, core domain; DNA topoisomerase, type IA, domain 2; TOPRIM  domain",II,+,protein_coding,12256,1,0,0.0816,0.0,0,0,0,0,0,0,1,0,0,0
WBGene00001162,efl-2,The efl-2 gene encodes an E2F/DP1-like protein of as yet unknown function; comparative genomic analysis suggests that EFL-2 may be involved in apoptosis.,"E2F Family; E2F/DP family, winged-helix DNA-binding domain; Winged helix-turn-helix DNA-binding domain",II,+,protein_coding,5756,1,0,0.1737,0.0,0,0,0,0,1,0,0,0,0,0
WBGene00010071,sre-45,none available,"7TM GPCR, serpentine receptor class e (Sre)",II,+,protein_coding,5090,1,0,0.1965,0.0,0,0,0,0,0,0,1,0,0,0
WBGene00013008,clec-146,none available,C-type lectin fold; C-type lectin-like; C-type lectin-like/link domain,II,-,protein_coding,3134,0,1,0.0,0.3191,0,0,0,0,0,0,0,1,0,0
WBGene00002235,kqt-3,"kqt-3 encodes one of three C. elegans KCNQ-like potassium channel subunits and, with respect to humans, is most similar to the KCNQ1 channel protein which when mutated leads to inherited long QT syndrome (OMIM:607542); although loss of KQT-3 activity via large-scale RNAi screens results in no obvious abnormalities, KQT-3 likely functions to regulate cellular excitability as expression of KQT-3 in Xenopus oocytes can produce K+ channel currents that functionally resemble vertebrate M-currents; activity of these KQT-3 channels can be suppressed by coexpression with the human M1 muscarinic receptor and treatment with diacylglycerol analogs, although KQT-3 is less sensitive to each of these treatments than KQT-1; a KQT-3::GFP fusion protein is expressed in the anterior- and posterior-most intestinal cells, the anterior and posterior mechanosensory neurons ALM and PLM, amphid and phasmid neurons, and in some additional head neurons.","Ion transport domain; Potassium channel, voltage dependent, KCNQ; Potassium channel, voltage dependent, KCNQ, C-terminal; Voltage-gated potassium channel",II,+,protein_coding,16650,1,0,0.0601,0.0,0,0,0,0,0,0,1,0,0,0
WBGene00013209,bub-3,none available,G-protein beta WD-40 repeat; WD40 repeat; WD40-repeat-containing domain; WD40/YVTN repeat-like-containing domain,II,+,protein_coding,3549,0,1,0.0,0.2818,0,0,0,0,0,0,0,1,0,0
WBGene00013934,ZK131.11,none available,,II,+,protein_coding,25436,1,0,0.0393,0.0,0,0,0,0,0,0,1,0,0,0
WBGene00002120,ins-37,ins-37 encodes an insulin-like peptide.,"Insulin-like; Nematode insulin-related peptide, beta type",II,-,protein_coding,1007,0,1,0.0,0.993,0,0,0,1,0,0,0,0,0,0
WBGene00198550,F08G2.16,none available,,II,-,ncRNA,89,1,0,11.236,0.0,0,0,0,0,0,0,1,0,0,0
WBGene00013093,cup-14,none available,Putative zinc-RING and/or ribbon; RUN domain,II,-,protein_coding,16457,0,1,0.0,0.0608,0,0,0,0,0,0,0,1,0,0
WBGene00012199,mltn-3,none available,Moulting cycle MLT-10-like protein,II,+,protein_coding,3338,1,0,0.2996,0.0,0,0,0,0,0,0,1,0,0,0
WBGene00008499,cyp-37A1,none available,"Cytochrome P450; Cytochrome P450, E-class, group I",II,-,protein_coding,3147,0,1,0.0,0.3178,0,0,0,0,0,0,0,1,0,0
WBGene00002275,lem-2,"lem-2 encodes the ortholog of the vertebrate LEM2 and MAN1 proteins and contains a LEM domain which is a defining 40 amino acid motif shared by a family of nuclear envelope proteins; LEM family proteins bind to lamins and to the small inner nuclear membrane associated protein BAF; LEM-2 provides an anchor by which chromosomes are attached to the nuclear membrane; lem-2 together with the LEM domain protein emr-1/emerin, bind lmn-1/lamin and are required for viability and proper chromosome segregation; LEM-2 localizes to the nuclear membrane; lem-2 mutations also exhibit moderate hypersensitivity to DNA damage.",LEM domain; LEM/LEM-like domain; Man1-Src1p-C-terminal domain,II,+,protein_coding,3197,1,0,0.3128,0.0,0,0,0,0,1,0,0,0,0,0
WBGene00012730,xrn-1,"xrn-1 encodes a 5'-3' exoribonuclease that is orthologous to Saccharomyces cerevisiae Xrnp1, a key component of the yeast 5'-3' mRNA degradation pathway; in C. elegans, XRN-1 activity is required during embryogenesis for completion of ventral enclosure, the morphogenetic process whereby the ventral epithelial cells cover and seal the interior cells of the embryo; in addition, XRN-1 also plays a role in facilitating RNA interference (RNAi), likely acting in the same pathway as the DCR-1/Dicer ribonuclease; to date, XRN-1 expression has been reported in adult hypodermal and rectal cells.",5'-3' exoribonuclease; 5'-3' exoribonuclease 1; Putative 5-3 exonuclease,II,+,protein_coding,20971,1,0,0.0477,0.0,1,0,0,0,0,0,0,0,0,0
WBGene00000038,ace-4,ace-4 encodes an divergent acetylcholinesterase homolog with biochemically undetectable activity.,"Alpha/Beta hydrolase fold; Carboxylesterase, type B; Cholinesterase",II,+,protein_coding,7415,0,1,0.0,0.1349,0,0,0,0,0,0,0,0,0,0
WBGene00013212,Y54G11A.1,none available,,II,-,protein_coding,11333,1,0,0.0882,0.0,0,0,0,0,0,0,1,0,0,0
WBGene00009182,F26H11.4,none available,,II,+,protein_coding,2231,1,0,0.4482,0.0,0,0,1,0,0,0,0,0,0,0
WBGene00011044,R05H10.3,none available,,II,+,protein_coding,13111,1,0,0.0763,0.0,0,0,0,0,0,0,1,0,0,0
WBGene00000584,cog-1,"cog-1 encodes the C. elegans ortholog of the vertebrate Nkx6 homeodomain proteins; cog-1 activity is required for multiple aspects of reproductive system development, including connection of uterus to the vulva and vulval cell specification, as well as for specification of left/right asymmetry in the ASE taste receptor sensory neurons where cog-1 acts in ASER to suppress the ASEL cell fate; cog-1 expression in ASEL is negatively regulated by the lsy-6 miRNA; a cog-1::gfp reporter fusion is expressed in neurons and in the hermaphrodite vulva and uterus; in males, cog-1::gfp expression is seen in proctodeal cells and occasionally in the rectal Rep cells and P11.pp progeny.","Helix-turn-helix motif; Homeobox domain; Homeobox domain, metazoa; Homeobox domain-like",II,+,protein_coding,5041,0,1,0.0,0.1984,0,0,0,0,0,0,0,1,0,0
WBGene00008443,pde-3,none available,"3'5'-cyclic nucleotide phosphodiesterase; 3'5'-cyclic nucleotide phosphodiesterase, catalytic domain; HD/PDEase domain",II,+,protein_coding,33649,1,0,0.0297,0.0,0,0,0,0,0,0,1,0,0,0
WBGene00013163,Y53F4B.17,none available,,II,+,protein_coding,6311,0,1,0.0,0.1585,0,0,0,0,0,0,0,1,0,0
WBGene00013166,Y53F4B.20,none available,"Peptidase M1, alanine aminopeptidase/leukotriene A4 hydrolase; Peptidase M1, membrane alanine aminopeptidase, N-terminal",II,+,protein_coding,5080,1,0,0.1969,0.0,1,0,0,0,0,0,0,0,0,0
WBGene00021597,spsb-1,none available,Concanavalin A-like lectin/glucanase domain; SOCS box domain; SPRY domain,II,+,protein_coding,32993,0,1,0.0,0.0303,0,0,0,0,0,0,0,1,0,0
WBGene00019183,npr-30,none available,"G protein-coupled receptor, rhodopsin-like",III,+,protein_coding,8635,1,0,0.1158,0.0,1,0,0,0,0,0,0,0,0,0
WBGene00016221,C29F9.6,none available,"Coactivator CBP, KIX domain; Zinc finger, TAZ-type",III,+,protein_coding,1728,1,0,0.5787,0.0,0,0,0,0,0,0,1,0,0,0
WBGene00016216,pals-22,none available,Amyotrophic lateral sclerosis 2 chromosomal region candidate gene 12 protein,III,+,protein_coding,1984,1,0,0.504,0.0,0,0,0,0,0,0,1,0,0,0
WBGene00004045,pll-1,none available,"C2 domain; EF-hand domain pair; PH domain-like; PLC-like phosphodiesterase, TIM beta/alpha-barrel domain; Phosphatidylinositol-specific phospholipase C, X domain; Phosphoinositide phospholipase C family; Phosphoinositide-specific phospholipase C, EF-hand-like domain; Phospholipase C, phosphatidylinositol-specific, Y domain; Pleckstrin homology domain",III,+,protein_coding,11622,0,1,0.0,0.086,0,1,0,0,0,0,0,0,0,0
WBGene00006781,unc-45,"unc-45 encodes a conserved, muscle-specific protein that contains an N-terminal TRP (tetratricopeptide repeat) and a C-terminal UCS (UNC-45-CRO1-She4p) domain; during body wall muscle development, UNC-45 activity is essential for proper thick filament formation and sarcomere organization; in addition, maternally provided UNC-45 is required for embryonic polarity, cytokinesis, and germline cellularization; in regulating muscle development, UNC-45 acts, as both a chaperone and an HSP-90 cochaperone, to control type II myosin folding and assembly into thick filaments; in regulating polarity, cytokinesis and germline cellularization, maternal UNC-45 is essential for normal functioning of the NMY-2 non-muscle myosin II; UNC-45 can physically interact with myosin, Hsp90, and NMY-2; UNC-45 levels, and hence activity, are controlled by a novel E3/E4-multiubiquitylation complex containing CDC-48, UFD-2, and CHN-1; in muscle cells, UNC-45 colocalizes with myosin heavy chain B to thick filaments; in the embryo, UNC-45 colocalizes with NMY-2 at the cell cortex and the cleavage furrow; UNC-45 localization at the cell cortex and cleavage furrow is dependent upon NMY-2.","Armadillo-like helical; Armadillo-type fold; Tetratricopeptide repeat; Tetratricopeptide-like helical domain; UNC-45/Cro1/She4, central domain",III,+,protein_coding,11079,0,1,0.0,0.0903,0,0,0,0,0,0,0,1,0,0
WBGene00017937,F30H5.3,none available,"Cysteine-rich repeat; EB domain; Lustrin, cysteine-rich repeated; Pancreatic trypsin inhibitor Kunitz domain",III,-,protein_coding,6977,0,1,0.0,0.1433,0,0,0,0,0,0,0,0,0,0
WBGene00015155,B0353.1,none available,,III,+,protein_coding,20499,1,0,0.0488,0.0,1,0,0,0,0,0,0,0,0,0
WBGene00020561,T19C3.3,none available,,III,-,protein_coding,3667,1,0,0.2727,0.0,0,0,0,0,0,0,1,0,0,0
WBGene00016029,elf-1,none available,Ets domain; Winged helix-turn-helix DNA-binding domain,III,+,protein_coding,26654,1,0,0.0375,0.0,0,0,0,0,0,0,1,0,0,0
WBGene00000895,dac-1,"dac-1 encodes the C. elegans ortholog of Dachshund, a transcriptional regulator first described in Drosophila that is a member of the SKI/SNO/DAC family of proteins; dac-1 is expressed at higher levels in the AFD thermosensory neurons as compared to the AWB olfactory neurons and likely plays a role in thermosensory behavior as on thermal gradients dac-1 mutants fail to suppress cryophilic drive but continue to track isotherms at the cultivation temperature; a DAC-1::GFP fusion protein is nuclear and expressed strongly in the AFD thermosensory neurons, but weakly in the AWC, ASE, and ASK chemosensory neurons; expression is also seen in alae and additional, unidentified tail cells; dac-1 expression in AFD is positively regulated by the TTX-1 OTX-like homeodomain protein.",Putative DNA-binding domain; Transforming protein Ski,III,+,protein_coding,5586,0,1,0.0,0.179,0,0,0,0,0,0,0,1,0,0
WBGene00019326,K02F3.2,"The K02F3.2 gene encodes a homolog of human SLC25A13, which when mutated leads to adult onset type II citrullinaemia (OMIM:603471).",EF-hand domain; EF-hand domain pair; Mitochondrial carrier domain; Mitochondrial carrier protein; Mitochondrial substrate/solute carrier,III,+,protein_coding,5504,1,0,0.1817,0.0,0,0,0,0,1,0,0,0,0,0
WBGene00006615,trp-2,"trp-2 encodes a transient receptor potential (TRP) channel that, along with trp-1 and spe-41, constitutes one of three C. elegans TRPC family members; trp-2, along with trp-1, controls nicotine-dependent behavior.","Ankyrin repeat; Ankyrin repeat-containing domain; Ion transport domain; Transient receptor ion channel domain; Transient receptor potential channel; Transient receptor potential channel, canonical",III,+,protein_coding,10051,1,0,0.0995,0.0,0,0,0,0,0,0,1,0,0,0
WBGene00022103,cdh-12,"cdh-12 encodes a cadherin; by sequence similarity, CDH-12 is predicted to function in cellular adhesion.",Cadherin; Cadherin-like,III,+,protein_coding,29104,1,0,0.0344,0.0,0,0,0,0,0,0,1,0,0,0
WBGene00022493,mrpl-45,none available,NTF2-like domain; Tim44-like domain,III,-,protein_coding,5620,0,1,0.0,0.1779,0,1,0,0,0,0,0,0,0,0
WBGene00003978,pes-4,"pes-4 encodes a protein that contains two type 1 KH domains, RNA-binding domains that are present in a diverse group of nucleic acid-binding proteins; pes-4 was identified in promoter-trapping screens and by homology, is predicted to function as an RNA-binding protein; however, the precise role of PES-4 in C. elegans development and/or behavior is not yet known; a pes-4 reporter is expressed in three rectal epithelial cells from the L1 larval stage through adulthood and is also seen dispersed throughout the pharynx in all postembryonic stages.","K Homology domain; K Homology domain, type 1",III,-,protein_coding,14280,1,0,0.07,0.0,0,0,0,0,0,0,1,0,0,0
WBGene00004894,sms-3,none available,Sphingomyelin synthase-like domain,III,-,protein_coding,17990,0,1,0.0,0.0556,0,0,0,0,0,0,0,1,0,0
WBGene00021245,Y22D7AL.6,none available,,III,+,protein_coding,1926,0,1,0.0,0.5192,0,1,0,0,0,0,0,0,0,0
WBGene00002025,hsp-60,"hsp-60 encodes a nuclear-encoded mitochondrion-specific chaperone that is a member of the GroE/Hsp10/60 superfamily of molecular chaperones; hsp-60 is involved in the mitochondrial unfolded protein response, as hsp-60 expression, normally broadly detected during development, is greatly increased in response to treatments that disrupt mitochondrial protein handling; loss of hsp-60 activity via RNAi results in severe growth defects with arrest at embryonic and early larval stages of development.",Chaperone tailless complex polypeptide 1 (TCP-1); Chaperonin Cpn60; Chaperonin Cpn60/TCP-1 family; GroEL-like apical domain; GroEL-like equatorial domain,III,+,protein_coding,6062,0,1,0.0,0.165,0,1,0,0,0,0,0,0,0,0
WBGene00021249,Y22D7AL.11,none available,Fukutin-related,III,-,protein_coding,3590,0,1,0.0,0.2786,0,0,0,0,0,0,0,1,0,0
WBGene00021260,Y22D7AR.6,none available,Inositol polyphosphate kinase,III,-,protein_coding,4269,0,1,0.0,0.2342,0,0,0,0,0,0,0,1,0,0
WBGene00044798,tbx-43,none available,"Transcription factor, T-box; p53-like transcription factor, DNA-binding",III,-,protein_coding,4687,1,0,0.2134,0.0,0,0,0,0,0,0,1,0,0,0
WBGene00006513,rimb-1,rimb-1 encodes the C. elegans ortholog of the vertebrate RIM-BP2 RIM (Rab3-interacting protein) binding proteins; rimb-1 is expressed pan-neuronally.,Fibronectin type III; Immunoglobulin-like fold; SH3 domain; Variant SH3 domain,III,+,protein_coding,18815,1,0,0.0531,0.0,0,0,0,0,0,0,1,0,0,0
WBGene00021446,hlh-33,none available,"Myc-type, basic helix-loop-helix (bHLH) domain",III,+,protein_coding,4211,0,1,0.0,0.2375,0,0,0,0,0,0,0,1,0,0
WBGene00021444,ttc-7,none available,Tetratricopeptide repeat; Tetratricopeptide-like helical domain,III,+,protein_coding,17458,0,1,0.0,0.0573,0,0,0,0,0,0,0,1,0,0
WBGene00021439,ckr-2,none available,"Cholecystokinin receptor; G protein-coupled receptor, rhodopsin-like; Neuropeptide Y receptor family",III,-,protein_coding,12297,0,1,0.0,0.0813,0,0,0,0,0,0,0,1,0,0
WBGene00004088,ppk-2,"ppk-2 encodes a Type II phosphatidylinositol-4-phosphate kinase (PIP4K) that is one of three C. elegans PIP kinase homologs; PPK-2 is predicted to catalyze the phosphorylation of phosphatidylinositol-5-phosphate (PIP) on the 4-OH position to generate PI(4,5)P2; a deletion allele of ppk-2 is viable and does not affect PIP2 levels, suggesting that PPK-2 is not essential for PIP2 production.","Phosphatidylinositol-4-phosphate 5-kinase; Phosphatidylinositol-4-phosphate 5-kinase, C-terminal; Phosphatidylinositol-4-phosphate 5-kinase, N-terminal domain; Phosphatidylinositol-4-phosphate 5-kinase, core",III,+,protein_coding,5203,1,0,0.1922,0.0,1,0,0,0,0,0,0,0,0,0
WBGene00016524,C39B5.6,none available,"Asn/Gln amidotransferase; Aspartyl/Glutamyl-tRNA(Gln) amidotransferase, subunit B/E, catalytic; Aspartyl/glutamyl-tRNA(Asn/Gln) amidotransferase, B subunit; Aspartyl/glutamyl-tRNA(Asn/Gln) amidotransferase, subunit B /E",III,+,protein_coding,8817,1,0,0.1134,0.0,0,0,0,0,0,0,1,0,0,0
WBGene00021857,iffb-1,none available,"P-loop containing nucleoside triphosphate hydrolase; Small GTP-binding protein domain; Transcription factor, GTP-binding domain; Translation elongation factor EFTu-like, domain 2; Translation initiation factor IF- 2, domain 3; Translation protein, beta-barrel domain",III,+,protein_coding,12466,1,0,0.0802,0.0,0,0,0,0,1,0,0,0,0,0
WBGene00000506,cic-1,none available,"Cyclin, N-terminal; Cyclin-like",III,-,protein_coding,6897,0,1,0.0,0.145,0,1,0,0,0,0,0,0,0,0
WBGene00305818,Y54F10AL.7,none available,,III,+,ncRNA,2139,1,0,0.4675,0.0,0,0,0,0,0,0,1,0,0,0
WBGene00003941,pbo-1,"pbo-1 encodes a calcium binding protein with homology to calcineurin; pbo-1 was identified in screens for mutations that disrupt the normal defecation cycle; a pbo-1 mutation results in weak or absent posterior body contractions, the first step in the defecation cycle; pbo-1 mutant animals are also slow growing and constipated.",EF-hand domain; EF-hand domain pair,III,-,protein_coding,5013,1,0,0.1995,0.0,0,0,0,0,0,0,1,0,0,0
WBGene00022170,cox-6B,none available,"Cytochrome c oxidase, subunit VIb",III,+,protein_coding,87197,1,0,0.0115,0.0,0,0,1,0,0,0,0,0,0,0
WBGene00002244,laf-1,"laf-1 encodes a DEAD-box RNA helicase; laf-1 is required for embryonic development and sex determination; laf-1 was identified in screens for dominant suppressors of the sterility produced by gain-of-function fem-3 mutations; when homozygous, laf-1 mutations result in embryonic and larval lethality and when heterozygous, feminization of XX and XO animals; reporter gene analyses indicate that wild-type laf-1 activity is required for proper translational repression of tra-2 mRNA via its 3'UTR; when expressed in embryos, LAF-1 localizes predominantly to the cytoplasm with additional localization seen in P granules.","DEAD/DEAH box helicase domain; Helicase superfamily 1/2, ATP-binding domain; Helicase, C-terminal; P-loop containing nucleoside triphosphate hydrolase",III,-,protein_coding,9698,0,1,0.0,0.1031,0,0,0,0,0,1,0,0,0,0
WBGene00044760,Y71H2AM.25,none available,"Peptidase C1A; Peptidase C1A, papain C-terminal",III,+,protein_coding,1217,0,1,0.0,0.8217,0,1,0,0,0,0,0,0,0,0
WBGene00022189,Y71H2AR.2,none available,"Peptidase C1A; Peptidase C1A, papain C-terminal",III,-,protein_coding,1808,1,0,0.5531,0.0,1,0,0,0,0,0,0,0,0,0
WBGene00019994,cdh-1,"cdh-1 encodes a cadherin that is similar, in the extracellular domain, to the Drosophila cadherin Dachsous (Ds); although the precise role of cdh-1 in C. elegans development and/or behavior is not yet known, loss of cdh-1 activity via RNAi using the hypersensitive rrf-3 strain can result in locomotion and growth defects, as well as larval lethality.",Cadherin; Cadherin-like,III,+,protein_coding,25056,0,1,0.0,0.0399,0,0,0,0,0,0,0,1,0,0
WBGene00020100,mks-1,"mks-1 encodes, by alternative splicing, two isoforms of an ortholog of  human MKS1, and is paralogous to  MKRS-1 and MKRS-2; MKS-1 is redundantly required with NPH-4 for roughly  normal foraging, and with both NPH-1 and NPH-4 for cilia formation;  MKS-1 is expressed in a subset of amphid and inner labial neurons, in a  DAF-19-dependent manner; MKS-1 forms a complex with MKRS-1 and MKRS-2 at  the base of cilia, requires MKRS-1 and MKRS-2 for localization to the  transistion zone, and is coexpressed with these proteins in ciliated  sensory neurons; mks-1(RNAi) suppresses the normal egg-laying defect of  egl-9 mutants.",B9 domain,III,+,protein_coding,5028,1,0,0.1989,0.0,0,0,0,0,0,0,0,0,0,0
WBGene00021816,Y53G8AR.9,none available,"Zinc finger, CCCH-type",III,-,protein_coding,3521,0,1,0.0,0.284,0,1,0,0,0,0,0,0,0,0
WBGene00010450,metl-18,none available,Lysine methyltransferase; S-adenosyl-L-methionine-dependent methyltransferase,III,+,protein_coding,2357,0,1,0.0,0.4243,0,0,0,0,0,0,0,1,0,0
WBGene00004213,ptp-1,"ptp-1 encodes a non-receptor tyrosine phosphatase containing Band 4.1 and PDZ domains that may function in linking cytoplasmic proteins and signaling molecules to sites on the plasma membrane; by homology, PTP-1 is predicted to function in cell signaling.","Band 4.1 domain; FERM adjacent (FA); FERM central domain; FERM, C-terminal PH-like domain; FERM, N-terminal; FERM/acyl-CoA-binding protein, 3-helical bundle; PDZ domain; PH domain-like; PTP type protein phosphatase; Protein-tyrosine phosphatase, catalytic; Protein-tyrosine phosphatase, non-receptor type-3, -4; Protein-tyrosine phosphatase-like; Ubiquitin-related domain",III,+,protein_coding,21250,1,0,0.0471,0.0,0,0,0,0,0,0,1,0,0,0
WBGene00004765,sel-8,"sel-8 encodes a nuclear protein required for GLP-1 and LIN-12 signalling, that is analogous to (and may be homologous to) Drosophila MASTERMIND and its mammalian orthologs; SEL-8 (also known as LAG-3) forms a ternary complex with LAG-1/Su(H) and the intracellular domain of either GLP-1 or LIN-12; like MAM, SEL-8 is glutamine- and proline-rich; SEL-8 contains a novel motif shared with W09C5.1 and orthologs of W09C5.1 in S. cerevisiae (YER126c), Drosophila (DMIP259), and also has two prominent glutamine-rich domains.",Transcription activator LAG-3,III,-,protein_coding,14192,0,1,0.0,0.0705,0,0,0,0,0,0,0,1,0,0
WBGene00219563,linc-95,none available,,III,-,lincRNA,2784,1,0,0.3592,0.0,0,0,0,0,0,0,1,0,0,0
WBGene00007860,rilp-1,none available,"JNK/Rab-associated protein-1, N-terminal; Rab interacting lysosomal protein, dimerization domain",III,+,protein_coding,7536,0,1,0.0,0.1327,0,0,0,0,0,0,0,1,0,0
WBGene00007966,maph-1.3,none available,,III,+,protein_coding,3664,1,0,0.2729,0.0,0,0,0,0,0,0,0,0,0,0
WBGene00006575,tir-1,"tir-1 encodes a Toll-Interleukin 1 Receptor (TIR) domain adaptor protein that is the C. elegans ortholog of human SARM (sterile alpha and armadillo repeats); tir-1 is required for innate immunity, as loss of tir-1 activity results in increased susceptibility to infection; tir-1 also functions in a lateral signaling pathway that specifies neuronal identity and is required for proper localization of NSY-1/MAPKKK to post-synaptic regions; TIR-1 physically interacts with a number of proteins, including UNC-43/CaMKII, the RAB-1 GTPase, and the ATP synthase f subunit encoded by R53.4; TIR-1 is expressed in neurons and localizes to post-synaptic regions of axons.",Armadillo-like helical; Armadillo-type fold; Sterile alpha motif domain; Sterile alpha motif/pointed domain; Toll/interleukin-1 receptor homology (TIR) domain,III,-,protein_coding,32053,0,1,0.0,0.0312,0,0,0,0,0,0,0,1,0,0
WBGene00003423,msi-1,none available,RNA recognition motif domain,III,-,protein_coding,11744,1,0,0.0851,0.0,0,0,0,0,0,0,1,0,0,0
WBGene00002202,kin-19,"kin-19 encodes a serine/threonine kinase orthologous to Casein Kinase I (CKI); in the early embryo, kin-19 is a component of both the non-canonical Wnt signaling pathway that regulates endoderm formation in the early embryo as well as the Wnt spindle orientation pathway; during larval development, kin-19 functions in a non-canonical Wnt signaling pathway to control asymmetric division and fate specification in epidermal seam cells; kin-19 also functions with, or in parallel to, the heterochronic pathway to regulate loss of self-renewal and terminal differentiation of epidermal seam cells;  KIN-19 localizes to centrosomes, the cytoplasm, and the nucleus.",Protein kinase domain; Protein kinase-like domain,III,-,protein_coding,2643,0,1,0.0,0.3784,0,1,0,0,0,0,0,0,0,0
WBGene00006830,unc-103,"unc-103 encodes an ether-a-go-go-related (ERG) K+ channel homolog, orthologous to human KCNH6 (OMIM:608168); UNC-103 regulates muscle activation in motility, egg-laying and male spicule protraction; UNC-103 is expressed highly in many neurons; gain-of-function unc-103 alleles can be uncoordinated, while loss-of-function alleles have a more subtle defect in copulatory spicule protraction.","Cyclic nucleotide-binding domain; Cyclic nucleotide-binding-like; Ion transport domain; Potassium channel, voltage-dependent, EAG/ELK/ERG; Potassium channel, voltage-dependent, ERG; Potassium voltage-gated channel subfamily H member 6; RmlC-like jelly roll fold",III,+,protein_coding,31894,1,0,0.0314,0.0,0,0,0,0,0,0,1,0,0,0
WBGene00011206,R10E4.11,none available,,III,-,protein_coding,4523,0,1,0.0,0.2211,0,1,0,0,0,0,0,0,0,0
WBGene00017805,F26A1.7,none available,,III,-,protein_coding,4124,0,1,0.0,0.2425,0,0,0,0,0,0,0,1,0,0
WBGene00006736,ulp-1,"ulp-1 encodes a SUMO protease; by homology, ULP-1 is predicted to function in removal of SUMO ubiquitin-like molecules from tagged proteins; expression of a chimeric SOP-2::GFP::ULP-1 protein results in aberrant localization of SOP-2, suggesting that: 1) ULP-1 functions in vivo to remove SUMO moieties from SOP-2 and 2) sumoylation is important for SOP-2 localization to nuclear bodies.","Ulp1 protease family, C-terminal catalytic domain",III,-,protein_coding,4141,0,1,0.0,0.2415,0,0,0,0,0,0,0,1,0,0
WBGene00019628,pup-2,"pup-2 encodes a template-independent poly(U) polymerase with 3'' end RNAsubstrates, orthologous to human ZCCHC6 and ZCCHC11, and paralogous toCID-1; like its paralog CID-1, PUP-2 is required for normally rapidgrowth and normally short lifespan; pup-2(RNAi) animals are slow-growingand abnormally long-lived; PUP-2 is paralogous to the GLD-2 family ofpoly(A) polymerases.",PAP/25A-associated,III,+,protein_coding,2668,1,0,0.3748,0.0,1,0,0,0,0,0,0,0,0,0
WBGene00022664,ZK121.2,none available,R3H domain,III,+,protein_coding,2578,1,0,0.3879,0.0,0,0,0,0,1,0,0,0,0,0
WBGene00001042,dnj-24,This gene encodes a protein containing a DnaJ ('J') domain.,DnaJ domain,III,-,protein_coding,8501,0,1,0.0,0.1176,0,1,0,0,0,0,0,0,0,0
WBGene00017031,D1044.6,none available,,III,-,protein_coding,7518,0,1,0.0,0.133,0,1,0,0,0,0,0,0,0,0
WBGene00044411,R12B2.8,none available,,III,+,protein_coding,4735,0,1,0.0,0.2112,0,0,0,0,0,0,0,1,0,0
WBGene00017773,dct-6,none available,WD40-repeat-containing domain; WD40/YVTN repeat-like-containing domain,III,+,protein_coding,5099,0,1,0.0,0.1961,0,1,0,0,0,0,0,0,0,0
WBGene00004102,pqn-10,"PQN-10 encodes an unfamiliar protein, with limited similarity to F27B3.6, that has a glutamine/asparagine-rich domain.",,III,+,protein_coding,2316,0,1,0.0,0.4318,0,1,0,0,0,0,0,0,0,0
WBGene00006498,ten-1,"ten-1 encodes a type II transmembrane protein containing EGF-like repeats that is the C. elegans ortholog of Drosophila Ten-m/Odz and vertebrate teneurins (OMIM:300588); in C. elegans, TEN-1 is required for proper development of the gonadal and pharyngeal basement membranes and for proper axonal placement and hypodermal morphogenesis; ten-1 and phy-1 act in parallel influencing the connection between epidermis and muscle during embryonic development; TEN-1 acts as an epidermal receptor for the BM collagens modified by PHY-1 and secreted by the muscle cells; loss of P4H function in ten-1 null mutants results in embryonic lethality due to arrest during late elongation with morphological defects; ten-1; phy-1 embryos have defects in epidermal development and body wall muscles due to basement membrane defects in arrested embryos; TEN-1 is expressed in the embryo and in multiple tissues during postembryonic development including the somatic gonad founder cells Z1 and Z4 and their descendants, as well as in six marginal cells and the M2 neurons in the pharynx; in the embryo, ten-1 expression overlaps with that of lat-1 in the dorsal left epidermoblasts; as ten-1 and lat-1 also display genetic interactions during embryonic development, the overlapping expression patterns suggest that these two genes have overlapping functions during embryogenesis.","EGF-like domain; Quinoprotein amine dehydrogenase, beta chain-like; Six-bladed beta-propeller, TolB-like; Tox-GHH domain",III,+,protein_coding,26463,1,0,0.0378,0.0,0,0,0,0,0,0,1,0,0,0
WBGene00015156,cwf-19L2,none available,"Cwf19-like protein, C-terminal domain-2; Cwf19-like, C-terminal domain-1",III,+,protein_coding,14722,0,1,0.0,0.0679,0,1,0,0,0,0,0,0,0,0
WBGene00018953,F56C9.10,none available,WD40-repeat-containing domain; WD40/YVTN repeat-like-containing domain,III,-,protein_coding,5612,0,1,0.0,0.1782,0,0,0,0,0,0,0,1,0,0
WBGene00017274,F08F8.9,none available,,III,-,protein_coding,4681,0,1,0.0,0.2136,0,0,0,0,0,0,0,1,0,0
WBGene00020605,lgc-50,none available,Gamma-aminobutyric acid A receptor/Glycine receptor alpha; Neurotransmitter-gated ion-channel; Neurotransmitter-gated ion-channel ligand-binding domain; Neurotransmitter-gated ion-channel transmembrane domain,III,-,protein_coding,4365,0,1,0.0,0.2291,0,1,0,0,0,0,0,0,0,0
WBGene00001503,fum-1,"fum-1 is orthologous to human FUMARASE (FH; OMIM:136850), which when mutated leads to fumarase deficiency; FUM-1A and FUM-1B are predicted to be mitochondrial.","Fumarase C, C-terminal; Fumarase/histidase, N-terminal; Fumarate hydratase, class II; Fumarate lyase family; Fumarate lyase, N-terminal; L-Aspartase-like",III,+,protein_coding,2036,1,0,0.4912,0.0,1,0,0,0,0,0,0,0,0,0
WBGene00020049,ttr-8,R13A5.6 encodes a protein containing a predicted signal sequence followed by a transthyretin-like domain; the product of R13A5.6 belongs to a family of apparently nematode-specific proteins whose function is not yet known; an R13A5.6::GFP promoter fusion directs expression outside of the nervous system.,Transthyretin-like,III,-,protein_coding,848,1,0,1.1792,0.0,0,0,0,0,0,0,1,0,0,0
WBGene00003559,ncl-1,"ncl-1 encodes a cytoplasmic B-box zinc finger protein that negatively regulates rRNA and 5S RNA transcription, nucleolus size, and body size; NCL-1 is orthologous to Drosophila BRAIN TUMOR (BRAT), and ncl-1 mutants can be rescued by brat transgenes; NCL-1 is required for the normally small size of neuronal, muscle, and hypodermal nucleoli, and is already active in 4-cell embryos; NCL-1 may be a repressor of RNA polymerase I and III transcription and an inhibitor of cell growth, based on mutant analysis; ncl-1 animals have much larger neuronal nucleoli than normal, somewhat larger muscle and hypodermal nucleoli, but essentially normal intestinal and germline nucleoli (the last of which are large even in wild-type animals); conversely, intestinal and germline cells have the lowest amounts of NCL-1 protein; ncl-1 animals are 9% larger, have 22% more protein and twice as much rRNA, and transcribe rRNA twice as much as wild-type worms; ncl-1 functions cell autonomously, and ncl-1 mutations suppress the tumorous germline phenotype of pro-1(na48) mutants.","B-box, C-terminal; B-box-type zinc finger; NHL repeat; Six-bladed beta-propeller, TolB-like; Zinc finger, C3HC4 RING-type; Zinc finger, RING-type; Zinc finger, RING/FYVE/PHD-type",III,+,protein_coding,18377,1,0,0.0544,0.0,0,0,0,0,0,0,1,0,0,0
WBGene00017321,F09G8.7,none available,,III,-,protein_coding,435,0,1,0.0,2.2989,0,1,0,0,0,0,0,0,0,0
WBGene00003243,mig-10,"mig-10 encodes proteins that contain, from N- to C-terminus, an RA-like (Ras association) domain, a PH (pleckstrin homology) domain, and a proline-rich motif, and that are homologous to the vertebrate RIAM, lamellopodin, and Grb7, Grb10, and Grb14 cytoplasmic adaptor proteins; during development, mig-10 activity is required for cell migration and for outgrowth of axons and excretory cell canals; in regulating axon outgrowth, MIG-10 likely functions downstream of UNC-6/Netrin and SLT-1/Slit and in concert with UNC-34, with which it interacts in vitro; MIG-10 also physically interacts with ABI-1 (Abelson interactor-1); mig-10::gfp reporter fusions are expressed in neurons as well as in pharyngeal and intestinal tissue; when expressed in tissue culture cells, a MIG-10::GFP fusion protein colocalizes with F-actin and promotes lamellipodia formation.",PH domain-like; Pleckstrin homology domain; Ras-associating (RA) domain; Ubiquitin-related domain,III,+,protein_coding,26737,0,1,0.0,0.0374,0,0,0,0,0,0,0,1,0,0
WBGene00044588,ZK1236.9,"ZK1236.9 encodes a protein with no obvious non-nematode homologs; eitherZK1236.9, or ZK1236.5, or both proteins weakly inhibit DHC-1 in vivo;   likewise, either ZK1236.9, or ZK1236.5, or both proteins are required inmass RNAi assays for normal osmoregulation and normally rapid growth.",,III,-,protein_coding,2726,1,0,0.3668,0.0,0,0,0,0,0,0,1,0,0,0
WBGene00195371,C30C11.5,none available,,III,-,ncRNA,192,1,0,5.2083,0.0,0,0,0,0,0,0,1,0,0,0
WBGene00198456,C30C11.10,none available,,III,-,ncRNA,264,1,0,3.7879,0.0,0,0,0,0,0,0,1,0,0,0
WBGene00015418,pac-1,"pac-1 encodes a RhoGAP (Rho guanosine triphosphatase (GTPase) activating protein); in the embryo, PAC-1 is essential for establishment of radial (inner-outer) asymmetry and specifically, for differential localization of PAR-6, PAR-3, and PKC-3 to outer somatic cell surfaces devoid of cell-cell contacts; in regulating PAR protein localization, PAC-1 appears to act by spatially regulating activity of the CDC-42 Rho GTPase which can bind PAR-6 and is required, genetically, for PAR-6 localization to the outer cell surface; a PAC-1::GFP fusion protein expressed in the early embryo and in cultured embryos localizes to points of cell-cell contact.",PH domain-like; Pleckstrin homology domain; Rho GTPase activation protein; Rho GTPase-activating protein domain,III,+,protein_coding,23909,1,0,0.0418,0.0,0,0,0,0,0,0,0,0,0,0
WBGene00014033,arrd-15,none available,"Arrestin C-terminal-like domain; Arrestin-like, N-terminal; Immunoglobulin E-set",III,+,protein_coding,6724,1,0,0.1487,0.0,0,0,0,0,0,0,0,0,0,0
WBGene00014035,seb-2,"ZK643.3 encodes a transmembrane protein with similarity to the secretin family of G-protein-coupled receptors; unlike other members of this family, however, the product of ZK643.3 contains six, rather than seven, predicted transmembrane domains; expression pattern screens using lacZ reporter fusions reveal ZK643.3 expression in head muscles, the vm1 vulval muscles, and an unidentified cell(s) in the anal region.","GPCR, family 2, extracellular hormone receptor domain; GPCR, family 2, secretin-like",III,+,protein_coding,8268,1,0,0.1209,0.0,1,0,0,0,0,0,0,0,0,0
WBGene00014036,ZK643.5,none available,,III,-,protein_coding,3311,0,1,0.0,0.302,0,0,0,0,0,0,0,1,0,0
WBGene00000549,cls-2,"cls-2 encodes one of three predicted orthologs of mammalian CLASPs and of Drosophila ORBIT/MAST, microtubule-binding proteins required for fibroblast polarization and mitosis; cls-2 is required in mass RNAi assays for embryonic development and normal mitotic spindles; it has been claimed that, in an RNAi screen of potential microtubule tip-binding proteins, only cls-2(RNAi) yielded embryonic lethality and meiotic defects.",Armadillo-like helical; Armadillo-type fold; CLASP N-terminal domain,III,+,protein_coding,3848,1,0,0.2599,0.0,0,0,0,0,0,0,1,0,0,0
WBGene00013985,sec-16A.1,"sec-16 encodes a scaffolding protein homologous to human SEC-16A (OMIM: 612854); SEC-16 directly interacts with TFG-1; SEC-16 localizes to endoplasmic reticulum exit sites with both TFG-1 and COPII machinery; levels of SEC-16 correlates with those of TFG-1, regardless of whether they were high or low SEC-16 requires TFG-1 to accumulate normally and TFG-1 requires SEC-16 for its localization on endoplasmic reticulum exit sites; normal assembly of large complexes containing SEC-16 and COPII subunits is facilitated by TFG-1 hexamers; SEC-16 on endoplasmic reticulum exit sites can continue to recruit COPII components in the absence of TFG-1, although to lower levels; Sec16 interacts with the N terminus of TFG in an evolutionarily conserved manner. SEC-16 is detectable at the two-cell stage of embryogenesis and expression continues throughout embryogenesis, punctated pattern in cytoplasm colocalizing with mitochondrial COX1.","Ancestral coatomer element 1, Sec16/Sec31; COPII coat assembly protein, Sec16; Sec16, central conserved domain",III,+,protein_coding,4969,1,0,0.2012,0.0,0,0,0,0,0,0,0,0,0,0
WBGene00004343,rgr-1,none available,"Mediator complex, subunit Med14",III,+,protein_coding,10812,0,1,0.0,0.0925,0,0,0,0,0,0,0,1,0,0
WBGene00206420,T26G10.7,none available,,III,-,pseudogene,789,0,1,0.0,1.2674,0,1,0,0,0,0,0,0,0,0
WBGene00006579,tlk-1,"tlk-1 encodes, through alternative splicing, two isoforms of a Tousled-class serine/threonine protein kinase; TLK-1A/B are orthologous to Tousled from A. thaliana; tlk-1(RNAi) embryos have, compared to normal embryos, reduced phosphorylation of the RNA polymerase II C-terminal domain at Serine-2 and methylation of histone H3 at Lysine-36 (posttranslational modifications associated with transcriptional elongation), along with a lethal phenotype consistent with general defects in zygotic transcription; TLK-1A/B have a glutamine/asparagine-rich domain and a putative coil domain.",Protein kinase domain; Protein kinase-like domain,III,+,protein_coding,10393,0,1,0.0,0.0962,0,0,0,0,0,0,0,1,0,0
WBGene00014232,ttll-4,"ttll-4 encodes, by alternative splicing, two isoforms of a putativetubulin polyglutamylase orthologous to human TTLL4; TTLL-4 has noobvious function in mass RNAi assays; by orthology, TTLL-4 is expected to initiate glutamyl chains rather than elongatingthem, to have broad substrate specificity, acting on both alpha- andbeta-tubulin, and to have multiple non-tubulin substrates such asnucleosome assembly proteins (NAPs).",Tubulin polyglutamylase TTLL-4; Tubulin-tyrosine ligase/Tubulin polyglutamylase,III,+,protein_coding,8229,1,0,0.1215,0.0,1,0,0,0,0,0,0,0,0,0
WBGene00000423,ced-9,"ced-9 encodes the sole C. elegans homolog of the mammalian cell-death inhibitor Bcl-2; during development, ced-9 activity is essential for preventing cells from undergoing programmed cell death; ced-9 also appears to have proapoptotic activity; CED-9 functions by binding and repressing the activity of CED-4, a protein similar to human APAF-1 and positive regulator of CED-3 caspase activity; CED-9 localizes to the mitochondrial outer membrane, although this localization is not essential for CED-9 to regulate apoptosis.","Apoptosis regulator, Bcl-2 protein, BH4; Blc2 family",III,+,protein_coding,2351,1,0,0.4254,0.0,0,0,0,0,0,0,1,0,0,0
WBGene00198127,M03C11.10,none available,,III,+,ncRNA,132,0,1,0.0,7.5758,0,0,0,0,0,0,0,1,0,0
WBGene00009653,ptr-25,none available,Protein patched/dispatched,III,+,protein_coding,12116,1,0,0.0825,0.0,0,0,0,0,0,0,1,0,0,0
WBGene00006784,unc-49,"unc-49 encodes multiple subunits of a heteromeric GABA receptor; unc-49 activity is required for postsynaptic GABA responsiveness and thus for normal regulation of locomotion; UNC-49::GFP reporter fusions for at least two isoforms are expressed in dorsal and ventral head and body wall muscles, with isoform-specific expression also seen in the sphincter muscle; UNC-49::GFP subcellular localization is most prominent at neuromuscular junctions; in Xenopus oocytes and mammalian tissue culture cells, two UNC-49 subunits, UNC-49B and UNC-49C, are able to form a functional heteromeric GABA receptor.","Gamma-aminobutyric acid A receptor/Glycine receptor alpha; Gamma-aminobutyric-acid A receptor, beta subunit; Neurotransmitter-gated ion-channel; Neurotransmitter-gated ion-channel ligand-binding domain; Neurotransmitter-gated ion-channel transmembrane domain",III,+,protein_coding,11944,1,0,0.0837,0.0,1,0,0,0,0,0,0,0,0,0
WBGene00012648,Y39A1A.9,none available,Meiosis-specific coiled-coil domain-containing protein MEIOC,III,-,protein_coding,3432,0,1,0.0,0.2914,0,0,0,0,0,0,0,1,0,0
WBGene00012659,Y39A1A.22,none available,"EXS, C-terminal; SPX domain",III,-,protein_coding,4416,0,1,0.0,0.2264,0,0,0,0,0,1,0,0,0,0
WBGene00219615,linc-109,none available,,III,-,lincRNA,4409,0,1,0.0,0.2268,0,0,0,0,0,0,0,1,0,0
WBGene00001087,dpy-28,"dpy-28 encodes a non-SMC condensin subunit homolog, similar to XCAP-D2 in Xenopus, CND1 in S. pombe, YCS4p in S. cerevisiae, and CNAP1 in humans; DPY-28 is required for negative, chromosome-wide regulation of X-chromosomal genes in XX but not XO animals (dosage compensation) and for regulation of meiotic crossover number and distribution; DPY-28 is also required for an undetermined aspect of body morphogenesis; DPY-28 is part of a multi-protein dosage compensation complex (DCC) with DPY-26, DPY-27 and MIX-1 that localizes to X chromosomes of XX embryos by the 40-cell stage of embryogenesis and to all condensed mitotic chromosomes during mitosis.","Armadillo-like helical; Armadillo-type fold; Condensin complex subunit 1, C-terminal; Condensin subunit 1; Condensin subunit 1/Condensin-2 complex subunit D3",III,+,protein_coding,13946,1,0,0.0717,0.0,0,0,0,0,1,0,0,0,0,0
WBGene00002219,klp-7,none available,Kinesin motor domain; P-loop containing nucleoside triphosphate hydrolase,III,+,protein_coding,5077,1,0,0.197,0.0,0,0,0,0,0,0,0,0,0,0
WBGene00011269,sbsp-1,R17.3 encodes an ortholog of human retinal pigment epithelium(RPE)-spondin (RPESP).,Somatomedin B domain; Thrombospondin type-1 (TSP1) repeat,III,+,protein_coding,6516,1,0,0.1535,0.0,1,0,0,0,0,0,0,0,0,0
WBGene00008079,C44B9.2,none available,,III,+,protein_coding,2811,1,0,0.3557,0.0,0,0,0,0,1,0,0,0,0,0
WBGene00004284,rab-35,"rab-35 encodes a small, monomeric Rab GTPase that is most closely related to the human and Drosophila Rab35 GTPases; by homology, RAB-35 is predicted to function as a membrane-associated GTPase required for intracellular vesicular trafficking and for regulation of endo- and exocytosis; however, as loss of rab-35 function via RNA-mediated interference (RNAi) does not result in any obvious abnormalities, the precise role of RAB-35 in C. elegans development and/or behavior is not yet known.",P-loop containing nucleoside triphosphate hydrolase; Small GTPase superfamily,III,-,protein_coding,4920,0,1,0.0,0.2033,0,1,0,0,0,0,0,0,0,0
WBGene00202389,Y47D3B.24,none available,,III,+,ncRNA,172,0,1,0.0,5.814,0,0,0,0,0,0,0,1,0,0
WBGene00201051,Y47D3B.23,none available,,III,+,ncRNA,180,1,0,5.5556,0.0,0,0,0,0,0,0,1,0,0,0
WBGene00196725,Y66A7AL.2,none available,,III,+,ncRNA,135,0,1,0.0,7.4074,0,0,0,0,0,0,0,0,0,1
WBGene00013232,faah-4,none available,Amidase; Amidase signature domain,III,-,protein_coding,10542,1,0,0.0949,0.0,1,0,0,0,0,0,0,0,0,0
WBGene00006993,zyg-8,none available,Calcium/calmodulin-dependent/calcium-dependent protein kinase; Doublecortin domain; Protein kinase domain; Protein kinase-like domain,III,+,protein_coding,10358,1,0,0.0965,0.0,0,0,0,0,0,0,1,0,0,0
WBGene00001636,gly-11,none available,"Galactosyltransferase, C-terminal; Glycosyltransferase 2-like; Nucleotide-diphospho-sugar transferases; Ricin B, lectin domain",III,-,protein_coding,5892,1,0,0.1697,0.0,0,0,0,0,0,0,1,0,0,0
WBGene00014904,Y49E10.26,none available,,III,+,pseudogene,1095,0,1,0.0,0.9132,0,1,0,0,0,0,0,0,0,0
WBGene00013043,arrd-16,none available,"Arrestin C-terminal-like domain; Arrestin-like, N-terminal; Immunoglobulin E-set",III,+,protein_coding,3610,0,1,0.0,0.277,0,0,0,0,0,0,0,1,0,0
WBGene00013730,sql-1,none available,,III,+,protein_coding,28496,1,0,0.0351,0.0,1,0,0,0,0,0,0,0,0,0
WBGene00013734,gldi-8,none available,Zinc finger C2H2-type,III,-,protein_coding,3736,0,1,0.0,0.2677,0,1,0,0,0,0,0,0,0,0
WBGene00013739,spin-4,none available,Major facilitator superfamily; Major facilitator superfamily domain,III,+,protein_coding,9932,0,1,0.0,0.1007,0,1,0,0,0,0,0,0,0,0
WBGene00013912,irld-19,none available,"Leucine-rich repeat domain, L domain-like; Receptor L-domain",III,-,protein_coding,3658,1,0,0.2734,0.0,0,0,0,0,0,0,1,0,0,0
WBGene00013914,lgc-37,"ZC482.5 is orthologous to the human gene GAMMA-AMINOBUTYRIC ACID A RECEPTOR GAMMA 2 (GABRG2; OMIM:137164), which when mutated leads to disease.",Gamma-aminobutyric acid A receptor/Glycine receptor alpha; Neurotransmitter-gated ion-channel; Neurotransmitter-gated ion-channel ligand-binding domain; Neurotransmitter-gated ion-channel transmembrane domain,III,+,protein_coding,8023,1,0,0.1246,0.0,1,0,0,0,0,0,0,0,0,0
WBGene00012548,Y37D8A.6,none available,LPS-induced tumour necrosis factor alpha factor,III,-,protein_coding,13468,0,1,0.0,0.0743,0,0,0,0,0,0,0,1,0,0
WBGene00012559,epg-3,none available,,III,+,protein_coding,7572,1,0,0.1321,0.0,0,0,0,0,1,0,0,0,0,0
WBGene00012717,Y39E4B.6,"Y39E4B.6 is involved in cell migration; Y39E4B.6 is predicted to have cyclin-dependent protein serine/threonine kinase (cdk-9, cit-1.1 or cit-1.2) inhibitor activity and snRNA binding activity, based on protein domain information; physical interaction with cit-1.2 protein based on yeast 2-hybrid.",HEXIM,III,+,protein_coding,3550,1,0,0.2817,0.0,0,0,0,0,1,0,0,0,0,0
WBGene00013574,lron-13,none available,"Leucine-rich repeat domain, L domain-like",III,+,protein_coding,12538,0,1,0.0,0.0798,0,0,0,0,0,0,0,1,0,0
WBGene00235257,T05C7.4,none available,,IV,-,protein_coding,915,0,1,0.0,1.0929,0,0,0,0,0,0,0,1,0,0
WBGene00015246,scl-23,none available,"CAP domain; Cysteine-rich  secretory protein, allergen V5/Tpx-1-related; Ves allergen",IV,-,protein_coding,3252,1,0,0.3075,0.0,0,0,0,0,0,0,1,0,0,0
WBGene00006599,tpa-1,"tpa-1 encodes two protein kinase C isoforms, TPA-1A and TPA-1B; analysis of tpa-1 mutations indicates that at least one TPA-1 isoform plays a role in nicotine-induced adaptation and that both isoforms appear to play a role in gpa-12/G protein-mediated signaling that modulates feeding and growth.","AGC-kinase, C-terminal; C2 domain; Diacylglycerol/phorbol-ester binding; Protein kinase C, delta/epsilon/eta/theta types; Protein kinase C-like, phorbol ester/diacylglycerol-binding domain; Protein kinase domain; Protein kinase, C-terminal; Protein kinase-like domain",IV,+,protein_coding,18840,1,0,0.0531,0.0,0,0,0,0,0,0,1,0,0,0
WBGene00017929,grld-1,"grld-1 is orthologous to human RBM15 (OMIM:606077, mutated in infantile acute megakaryoblastic leukemia) and Drosophila NITO; GRLD-1 encodes a paralog of DIN-1; like DIN-1, it has N-terminal RNA recognition motifs (RRMs) and a C-terminal SID/RD (SMRT interaction domain/repressor) domain.","RNA recognition motif domain; SPOC-like, C-terminal domain; Spen paralogue and orthologue SPOC, C-terminal",IV,-,protein_coding,4135,0,1,0.0,0.2418,0,0,0,0,0,0,0,1,0,0
WBGene00000674,col-99,none available,Collagen triple helix repeat,IV,-,protein_coding,9946,1,0,0.1005,0.0,0,0,0,0,0,0,1,0,0,0
WBGene00017576,cdh-8,"cdh-8 encodes a cadherin that may be nematode specific; CDH-8 is predicted to function as a membrane protein that plays a role in cell adhesion and/or morphogenesis, but as loss of cdh-8 activity via mutation or large-scale RNAi experiments results in no obvious abnormalities, the precise role of cdh-8 in C. elegans development and/or behavior is not yet known.",Cadherin; Cadherin-like,IV,+,protein_coding,19486,0,1,0.0,0.0513,0,0,0,0,0,0,0,1,0,0
WBGene00044789,T07A9.14,none available,Ribosomal protein S24e,IV,+,protein_coding,1251,1,0,0.7994,0.0,1,0,0,0,0,0,0,0,0,0
WBGene00019774,npr-37,none available,,IV,-,protein_coding,19969,1,0,0.0501,0.0,0,0,0,0,0,0,1,0,0,0
WBGene00002140,inx-18,inx-18 encodes a predicted member of the innexin family.,Innexin,IV,+,protein_coding,7708,1,0,0.1297,0.0,0,0,0,0,0,0,1,0,0,0
WBGene00021950,cutl-26,none available,Zona pellucida domain,IV,-,protein_coding,9037,1,0,0.1107,0.0,0,0,0,0,0,0,1,0,0,0
WBGene00019069,lgc-30,none available,Neurotransmitter-gated ion-channel; Neurotransmitter-gated ion-channel ligand-binding domain; Neurotransmitter-gated ion-channel transmembrane domain,IV,+,protein_coding,14855,1,0,0.0673,0.0,0,0,0,0,0,0,1,0,0,0
WBGene00021921,rbm-39,none available,"RNA recognition motif domain; RNA recognition motif domain, eukaryote; Splicing factor RBM39, linker; Splicing factor, RBM39-like",IV,+,protein_coding,6935,1,0,0.1442,0.0,1,0,0,0,0,0,0,0,0,0
WBGene00021931,znf-782,none available,Zinc finger C2H2-type,IV,-,protein_coding,9450,1,0,0.1058,0.0,0,0,0,0,0,0,0,0,1,0
WBGene00000816,csn-4,csn-4 encodes a protein with similarity to human COP9 proteasome subunit 4.,Proteasome component (PCI) domain; Winged helix-turn-helix DNA-binding domain,IV,-,protein_coding,9551,0,1,0.0,0.1047,0,0,0,0,0,0,0,1,0,0
WBGene00005904,srx-13,none available,"7TM GPCR, serpentine receptor class x  (Srx)",IV,-,protein_coding,3970,1,0,0.2519,0.0,0,0,0,0,0,0,1,0,0,0
WBGene00009515,clec-170,none available,C-type lectin fold; C-type lectin-like; C-type lectin-like/link domain,IV,+,protein_coding,7560,1,0,0.1323,0.0,1,0,0,0,0,0,0,0,0,0
WBGene00022310,Y77E11A.7,none available,,IV,-,protein_coding,8836,0,1,0.0,0.1132,0,1,0,0,0,0,0,0,0,0
WBGene00022313,Y77E11A.12,none available,GRAM domain,IV,-,protein_coding,13212,0,1,0.0,0.0757,0,0,0,0,0,0,0,1,0,0
WBGene00021512,Y41D4B.4,none available,Tetratricopeptide-like helical domain,IV,+,protein_coding,10185,1,0,0.0982,0.0,0,0,0,0,1,0,0,0,0,0
WBGene00021507,ptpn-22,none available,"PTP type protein phosphatase; Protein-tyrosine phosphatase, catalytic; Protein-tyrosine phosphatase-like",IV,-,protein_coding,12333,0,1,0.0,0.0811,0,1,0,0,0,0,0,0,0,0
WBGene00021506,Y41D4A.4,none available,Nonaspanin (TM9SF),IV,+,protein_coding,5459,1,0,0.1832,0.0,0,0,0,0,0,0,0,0,0,0
WBGene00001173,egl-4,"egl-4 encodes a cyclic GMP-dependent protein kinase that may act through the TGF-beta signaling pathway to relay sensory cues that modulate chemosensory behavior, dauer formation, foraging, egg laying, body size, and endoreduplication in response to dietary restriction; egl-4 is also required for lethargus, a sleep-like state that is induced before each of the four larval molts; in addition, genetic studies indicate that egl-4 may also act through daf-16 to regulate adult lifespan; an egl-4::gfp promoter fusion is expressed in body wall muscle, head neurons, hypodermis, and the intestine.","AGC-kinase, C-terminal; Cyclic nucleotide-binding domain; Cyclic nucleotide-binding-like; Protein kinase domain; Protein kinase-like domain; RmlC-like jelly roll fold; cGMP-dependent kinase",IV,+,protein_coding,32526,1,0,0.0307,0.0,0,0,0,0,0,0,1,0,0,0
WBGene00198086,F55A8.5,none available,,IV,-,ncRNA,59,1,0,16.9492,0.0,0,0,0,0,0,0,1,0,0,0
WBGene00305452,F55A8.7,none available,,IV,+,ncRNA,1478,0,1,0.0,0.6766,0,0,0,0,0,0,0,1,0,0
WBGene00022300,Y76B12C.6,none available,,IV,+,protein_coding,11669,1,0,0.0857,0.0,0,0,0,0,0,0,1,0,0,0
WBGene00022296,xpc-1,none available,DNA repair protein Rad4; Rad4 beta-hairpin domain 1; Rad4 beta-hairpin domain 2; Rad4 beta-hairpin domain 3; Rad4/PNGase transglutaminase-like fold,IV,+,protein_coding,15939,1,0,0.0627,0.0,0,0,0,0,1,0,0,0,0,0
WBGene00000487,che-6,none available,Cyclic nucleotide-binding domain; Cyclic nucleotide-binding-like; RmlC-like jelly roll fold,IV,-,protein_coding,7353,1,0,0.136,0.0,0,0,0,0,0,0,1,0,0,0
WBGene00305880,Y71G10AR.6,none available,,IV,+,ncRNA,13313,1,0,0.0751,0.0,0,0,0,0,0,0,1,0,0,0
WBGene00002990,lin-1,"lin-1 encodes an Ets-domain-containing transcription factor that is a member of the ETS gene family that includes human ELK1, 3, and 4 (OMIM:600247); LIN-1 functions as a general effector of MAP kinase-mediated signaling; when MAP kinase is inactive, LIN-1 forms a complex with LIN-31/WH that inhibits vulval cell fate specification; upon MAP kinase activation (vulval induction), LIN-1 is phosphorylated, dissociates from LIN-31, and becomes inactive, thus allowing for vulval development.",Ets domain; Winged helix-turn-helix DNA-binding domain,IV,-,protein_coding,24426,0,1,0.0,0.0409,0,0,0,0,0,0,0,1,0,0
WBGene00022086,sprr-3,none available,"7TM GPCR, serpentine receptor class w (Srw)",IV,+,protein_coding,7652,0,1,0.0,0.1307,0,1,0,0,0,0,0,0,0,0
WBGene00022100,Y69A2AR.31,none available,GDNF/GAS1,IV,-,protein_coding,13621,1,0,0.0734,0.0,0,0,0,0,0,0,1,0,0,0
WBGene00022378,Y94H6A.5,Y94H6A.5 encodes a DEAD-box helicase; loss of Y94H6A.5 activity via RNAi indicates that Y94H6A.5 activity is required for positive regulation of growth rate and larval development.,"DBP10, C-terminal; DDX54/DBP10 family; DEAD/DEAH box helicase domain; Helicase superfamily 1/2, ATP-binding domain; Helicase, C-terminal; P-loop containing nucleoside triphosphate hydrolase",IV,-,protein_coding,15065,0,1,0.0,0.0664,0,0,0,0,0,0,0,1,0,0
WBGene00043061,Y54G2A.38,none available,"7TM GPCR, serpentine receptor class g (Srg)",IV,+,protein_coding,2621,1,0,0.3815,0.0,0,0,0,0,0,0,1,0,0,0
WBGene00021882,nprt-1,none available,"Nicotinate phosphoribosyltransferase family; Nicotinate phosphoribosyltransferase pncB-type; Quinolinate phosphoribosyl transferase, C-terminal",IV,-,protein_coding,18429,0,1,0.0,0.0543,0,0,0,0,0,1,0,0,0,0
WBGene00044493,Y54G2A.50,none available,,IV,+,protein_coding,1756,1,0,0.5695,0.0,0,0,1,0,0,0,0,0,0,0
WBGene00021897,ser-6,"ser-6 encodes a G protein-coupled receptor that is a member of the C. elegans biogenic amine (dopamine, serotonin, octopamine and tyramine) receptor family; in C. elegans, SER-6 functions as part of a signaling pathway that mediates serotonin-induced fat reduction via transcriptional regulation of lipid oxidation genes; a ser-6::GFP promoter fusion is expressed in a subset of head and tail neurons.","G protein-coupled receptor, rhodopsin-like",IV,+,protein_coding,4304,1,0,0.2323,0.0,0,0,0,0,0,0,1,0,0,0
WBGene00021890,Y54G2A.26,none available,,IV,-,protein_coding,9423,1,0,0.1061,0.0,0,0,0,0,0,0,1,0,0,0
WBGene00305860,Y67D8C.24,none available,,IV,+,ncRNA,83178,0,1,0.0,0.012,0,0,0,0,0,0,0,1,0,0
WBGene00022059,Y67D8A.2,"Y67D8A.2 encodes a protein orthologous to human Phosphorylase kinase, beta subunit,(PHKB); human phosphorylase kinase is a polymer of 16 subunits, and catalyses serine phosphorylation of substrates, including troponin I.",Glycoside hydrolase family 15/Phosphorylase b kinase regulatory chain family; Phosphorylase kinase alpha/beta subunit; Six-hairpin glycosidase-like,IV,+,protein_coding,30165,1,0,0.0332,0.0,0,0,0,0,0,0,1,0,0,0
WBGene00001548,gcy-23,"gcy-23 encodes a receptor-type guanylyl cyclase that, along with gcy-8 and gcy-18, constitutes a subfamily of guanylyl cyclase genes in C. elegans; gcy-23 functions redundantly with gcy-8 and gcy-18, and upstream of tax-4, to regulate thermotaxis via the AFD thermosensory neurons, although of the three guanylyl cyclases required, genetic analyses suggest that GCY-18 is the primary guanylyl cyclase required; in addition, loss of gcy-23 activity via RNAi results in lifespan extension; GCY-23 is expressed exclusively in the AFD thermosensory neurons, where it localizes to sensory endings.","Adenylyl cyclase class-3/4/guanylyl cyclase; Nucleotide cyclase; Periplasmic binding protein-like I; Protein kinase-like domain; Receptor, ligand binding region; Serine-threonine/tyrosine-protein kinase, catalytic domain",IV,-,protein_coding,6453,1,0,0.155,0.0,0,0,0,0,0,0,1,0,0,0
WBGene00019049,F58E2.5,none available,"CAP domain; Cysteine-rich  secretory protein, allergen V5/Tpx-1-related",IV,+,protein_coding,1665,0,1,0.0,0.6006,0,0,0,0,0,0,0,1,0,0
WBGene00023475,srz-69,none available,"7TM GPCR, serpentine receptor class z (Srz)",IV,-,protein_coding,1579,1,0,0.6333,0.0,0,0,0,0,0,0,1,0,0,0
WBGene00220034,M57.3,none available,,IV,+,ncRNA,70,0,1,0.0,14.2857,0,0,0,0,0,0,0,1,0,0
WBGene00015035,otpl-1,"otpl-1 encodes an ortholog of otopetrins such as human OTOP1 (OMIM:607806), OTOP2 (OMIM:607827), and OTOP3 (OMIM:607828), along with  other homologs in fish and insects (such as crustacean OTOPLb);  otopetrins are predicted to have 12 transmembrane helices; by homology  with OTOP1 and OTOPLb, OTPL-1 might regulate intracellular calcium  fluxes during extracellular stimuli, promote extracellular calcium  carbonate biomineralization, or both; OTPL-1's paralogs include OTPL-2 through OTPL-8.",Otopetrin,IV,+,protein_coding,8792,0,1,0.0,0.1137,0,0,0,0,0,0,0,1,0,0
WBGene00021362,fmil-1,Y37E11AL.6 encodes a predicted secreted protein with two cadherindomains and a C-terminal EGF-like domain.,Cadherin; Cadherin-like; GPS motif; Immunoglobulin-like fold,IV,-,protein_coding,9830,0,1,0.0,0.1017,0,0,0,0,0,0,0,1,0,0
WBGene00019546,glct-6,none available,"Glycosyl transferase, family 43; Nucleotide-diphospho-sugar transferases",IV,+,protein_coding,9840,1,0,0.1016,0.0,0,0,0,0,0,0,1,0,0,0
WBGene00019726,bris-1,none available,"IQ motif and SEC7 domain-containing protein, PH domain; PH domain-like; Sec7 domain; Sec7 domain, alpha orthogonal bundle",IV,-,protein_coding,11459,0,1,0.0,0.0873,0,1,0,0,0,0,0,0,0,0
WBGene00196154,F28F9.8,none available,,IV,-,ncRNA,266,0,1,0.0,3.7594,0,0,0,0,0,0,0,1,0,0
WBGene00020930,hlh-30,"hlh-30 encodes a predicted basic helix-loop-helix (bHLH) transcription factor, one of 42 such genes in the C. elegans genome, it is spliced to give 18 different transcripts; it is orthologous to human microphthalmia-associated transcription factor (HGNC:MITF); loss of hlh-30 activity via RNAi results in reduced fat storage; HLH-30 demonstrates sequence-specific DNA binding for the E box sequence CACGTG and likely binds DNA as a homodimer; expression profiles of hlh-30 mutants indicate that, like its human ortholog, HLH-30 regulates expression of genes involved in metabolism; at least one of the bHLH protein isoforms appears to be important for an infection-specific immune response to M. nematophilum, though the overall induction of this gene following infection was not appreciable (1.3-fold).","Myc-type, basic helix-loop-helix (bHLH) domain",IV,-,protein_coding,20159,1,0,0.0496,0.0,0,0,0,0,0,0,1,0,0,0
WBGene00219216,K08D10.14,none available,,IV,+,protein_coding,2245,0,1,0.0,0.4454,0,0,0,0,0,0,0,1,0,0
WBGene00019532,K08D10.9,none available,,IV,+,pseudogene,4156,0,1,0.0,0.2406,0,0,0,0,0,0,0,1,0,0
WBGene00017936,zipt-2.2,none available,Zinc/iron permease,IV,-,protein_coding,6231,1,0,0.1605,0.0,1,0,0,0,0,0,0,0,0,0
WBGene00000610,col-33,"col-33 encodes a predicted cuticular collagen; by homology, col-33 is predicted to play a role in cuticle biosynthesis and regulation of body size and morphogenesis; however, as loss of col-33 activity via large-scale RNAi screens does not result in any obvious abnormalities, the precise role of COL-33 in C. elegans development and/or behavior is not yet known.","Collagen triple helix repeat; Nematode cuticle collagen, N-terminal",IV,+,protein_coding,1931,1,0,0.5179,0.0,1,0,0,0,0,0,0,0,0,0
WBGene00017489,F15E6.9,none available,P-loop containing nucleoside triphosphate hydrolase,IV,-,protein_coding,5510,1,0,0.1815,0.0,1,0,0,0,0,0,0,0,0,0
WBGene00017482,set-9,"set-9 encodes a large (1,655-residue) protein with a low-complexity N-terminal region, followed by a PHD-zinc finger and a SET domain; SET-9 has no non-nematode orthologs, but has 96% identity (1616/1679 residues) to its paralog SET-26; SET-9 is required for a normally short lifespan and low spontaneous mutation rate; life extension by set-9(RNAi) requires DAF-16, indicating that SET-9 limits normal lifespan by negatively regulating DAF-16 (either directly or indirectly); otherwise, neither set-9(n4949) nor set-9(RNAi) have any obvious phenotypes.","SET domain; Zinc finger, FYVE/PHD-type; Zinc finger, PHD-finger; Zinc finger, PHD-type; Zinc finger, RING/FYVE/PHD-type",IV,+,protein_coding,9245,1,0,0.1082,0.0,0,0,0,0,1,0,0,0,0,0
WBGene00020977,oac-52,none available,Acyltransferase 3,IV,-,protein_coding,4351,0,1,0.0,0.2298,0,1,0,0,0,0,0,0,0,0
WBGene00006228,str-185,none available,"7TM GPCR, serpentine receptor class r (Str)",IV,-,protein_coding,2401,1,0,0.4165,0.0,1,0,0,0,0,0,0,0,0,0
WBGene00019955,R08C7.12,none available,TDU repeat,IV,+,protein_coding,10392,1,0,0.0962,0.0,0,0,0,0,0,0,1,0,0,0
WBGene00019719,M01H9.3,none available,,IV,-,protein_coding,8560,1,0,0.1168,0.0,0,0,0,0,0,0,0,0,0,0
WBGene00022683,ZK185.3,none available,Acyl-CoA N-acyltransferase,IV,-,protein_coding,1674,1,0,0.5974,0.0,0,0,0,0,0,0,1,0,0,0
WBGene00017597,F19C7.8,none available,SH3 domain,IV,-,protein_coding,27521,0,1,0.0,0.0363,0,0,0,0,0,0,0,1,0,0
WBGene00017919,F29B9.1,none available,Methyltransferase domain; Protein-lysine N-methyltransferase Efm4; S-adenosyl-L-methionine-dependent methyltransferase,IV,+,protein_coding,1911,1,0,0.5233,0.0,0,0,0,0,0,0,0,0,0,0
WBGene00001439,fkh-7,"fkh-7 encodes one of 15 forkhead transcriptional regulators encoded by the C. elegans genome; by homology, FKH-7 is predicted to function as a transcription factor that regulates gene expression during development; however, as loss of fkh-7 activity via RNA-mediated interference (RNAi) does not result in any obvious abnormalities, the precise role of FKH-7 in C. elegans development and/or behavior is not yet known; however, reporter gene studies indicate that fkh-7 expression is detected only in neurons of the head and tail ganglia, the nerve cord, and the male tail, suggesting that FKH-7 likely functions in nervous system differentiation.","FOXP, coiled-coil domain; Fork head domain; Winged helix-turn-helix DNA-binding domain",IV,+,protein_coding,25695,1,0,0.0389,0.0,0,0,0,0,0,0,1,0,0,0
WBGene00019156,H04M03.12,none available,,IV,-,protein_coding,3759,1,0,0.266,0.0,0,0,0,0,0,0,1,0,0,0
WBGene00044502,C46G7.5,none available,,IV,-,protein_coding,1454,0,1,0.0,0.6878,0,0,0,0,0,0,0,1,0,0
WBGene00004112,pqn-22,"The protein product of this gene is predicted to contain a glutamine/asparagine (Q/N)-rich ('prion') domain, by the algorithm of Michelitsch and Weissman (as of the WS77 release of WormBase, i.e., in wormpep77).",Zasp-like motif,IV,-,protein_coding,13968,1,0,0.0716,0.0,0,0,0,0,0,0,1,0,0,0
WBGene00016611,bicd-1,"bicd-1 encodes the C. elegans homolog of Drosophila BicaudalD, a dynein regulator; in C. elegans, bicd-1 is an essential gene and is also required for hyp7 nuclear migrations; BICD-1 physically interacts with UNC-83 and EGAL-1, and thus likely functions as part of a dynein regulatory complex (that also includes DLC-1) that controls the directionality and extent of nuclear migrations; a bicd-1::GFP promoter fusion is expressed in a subset of embryonic cells, including the hyp7 cells at the time of their nuclear migration.","Bicaudal-D protein, microtubule-associated",IV,-,protein_coding,6962,1,0,0.1436,0.0,1,0,0,0,0,0,0,0,0,0
WBGene00003043,lip-1,"lip-1 encodes a mitogen-activated protein (MAP) kinase phosphatase homologous to the vertebrate dual specificity phosphatase MKP-3; during development, LIP-1 negatively regulates MAP kinase activity to control the extent of germline proliferation and oocyte meiotic cell cycle progression; lip-1 activity is also required redundantly with dep-1 to negatively regulate MAPK signaling during vulval induction; in addition, lip-1 is required for normal embryonic development; lip-1 expression begins during embryogenesis and continues through adulthood; expression is seen in most somatic cells and in germ cells of the pachytene region, transition zone and proximal-most region of the mitotic zone; in the pachytene region, LIP-1 is associated with the plasma membrane; in early L3 larvae, LIP-1 expression increases in secondary vulval precursor cells in a lin-12/Notch-dependent manner, suggesting that lip-1 may be a direct downstream target of lin-12-mediated signaling; interaction with the Notch pathway is further demonstrated by chromatin immunoprecipitation experiments showing that, in the germline, the lip-1 promoter region coprecipitates with LAG-3; germline lip-1 mRNA accumulation is negatively regulated by the FBF proteins (FBF-1 and FBF-2) that bind to the lip-1 3'UTR.","Atypical dual specificity phosphatase; Dual specificity phosphatase; Dual specificity phosphatase, catalytic domain; Dual specificity protein phosphatase domain; Mitogen-activated protein (MAP) kinase phosphatase; Protein-tyrosine phosphatase-like; Rhodanese-like domain",IV,+,protein_coding,3054,1,0,0.3274,0.0,0,0,0,0,1,0,0,0,0,0
WBGene00002178,jnk-1,"jnk-1 encodes a serine/threonine kinase that is the sole C. elegans member of the c-Jun N-terminal kinase (JNK) subgroup of mitogen-activated protein (MAP) kinases; jnk-1 is required for normal coordinated locomotion as well as for normal adult lifespan and response to heat and oxidative stress; JNK-1 exhibits kinase activity in vitro that is dependent upon activation by the JKK-1/MAPKK; in addition, JKK-1-dependent JNK-1 phosphorylation is required for JNK-1-mediated lifespan extension, as is DAF-16, with which JNK-1 physically interacts and phosphorylates and whose nuclear translocation is under JNK-1 control; a JNK-1::GFP translational fusion protein is expressed in nearly all neuronal cell bodies and processes, including the nerve ring, head and tail ganglions, and the dorsal and ventral nerve cords, at all stages of development.","Mitogen-activated protein (MAP) kinase, JNK; Protein kinase domain; Protein kinase-like domain",IV,+,protein_coding,6079,1,0,0.1645,0.0,0,0,0,0,0,0,0,0,0,0
WBGene00022727,prkl-1,"prkl-1 encodes a homolog of Drosophila ESPINAS and PRICKLE, and of humanPRICKLE1, PRICKLE2, and LMO6; prkl-1 enables Wnt-directed planar cellpolarity; prkl-1 is required for the fully asymmetrical division of B.aversus B.p cells, though this requirement is quantitatively weak.","PET domain; Zinc finger, LIM-type",IV,-,protein_coding,8194,1,0,0.122,0.0,1,0,0,0,0,0,0,0,0,0
WBGene00015531,C06E4.2,none available,,IV,+,protein_coding,6274,0,1,0.0,0.1594,0,0,0,0,0,0,0,1,0,0
WBGene00002074,ima-3,"ima-3 encodes one of three C. elegans importin alpha nuclear transport factors and the importin alpha that is most similar to the alpha3-subtype; ima-3 activity is required throughout development: during oogenesis, ima-3 is essential for progression past pachytene of meiotic prophase I and for proper organization of the nuclear pore complex (NPC) as well as association of P granules with the NPC; ima-3 is also required for normal embryonic, larval, and germline development; in vitro, IMA-3 can interact with human importin beta1, suggesting that it functions in a complex with C. elegans importin betas in vivo; IMA-3 is expressed in males and hermaphrodites, in both the germline and in somatic tissue; in the germline, IMA-3 is seen in the common cytoplasm of the rachis and in association with the nuclear envelope of germline nuclei and the residual body of developing spermatids.","Armadillo; Armadillo-like helical; Armadillo-type fold; Atypical Arm repeat; Importin subunit alpha; Importin-alpha, importin-beta-binding domain",IV,-,protein_coding,2939,0,1,0.0,0.3403,0,0,0,0,0,0,0,0,0,0
WBGene00001584,nrde-4,"nrde-4 encodes a novel protein conserved amongst nematodes; NRDE-4 plays a key role in the nuclear RNAi pathway and chromatin regulation; NRDE-4 is required for silencing nuclear localized RNAs and linking small RNAs to transcription inhibition and histone H3K9 methylation; in regulating gene expression, NRDE-4 functions downstream of NRDE-1, NRDE-2, and NRDE-3 pre-mRNA interactions; NRDE-4 has also been shown to physically interact with GEI-4, a coiled-coil domain protein required for embryonic viability, fertility, and vulval morphogenesis that also interacts with GEX-2, a putative Rac-binding protein, and intermediate filaments.",,IV,-,protein_coding,7943,1,0,0.1259,0.0,0,0,0,0,0,0,1,0,0,0
WBGene00004732,sax-7,"sax-7 encodes an ortholog of human L1CAM, and a paralog of lad-2; L1CAM is a member of the group of highly conserved transmembrane cell adhesion receptor molecules which belong to the immunuglobulin superfamily; SAX-7 is required for axon guidance, neurite outgrowth and maintenance of neuronal positioning through homophilic and heterophilic interactions; sax-7 also affects germline development, embryonic morphogenesis, gonadal morphogenesis and tissue attachment; SAX-7 function is regulated by its physical interaction with the ankyrin UNC-44, and the gamma-syntrophin STN-2; nonphosphorylated SAX-7 is ubiquitously expressed at  sites of cell-cell contact and colocalizes with UNC-44.","Fibronectin type III; Immunoglobulin I-set; Immunoglobulin subtype; Immunoglobulin subtype 2; Immunoglobulin-like domain; Immunoglobulin-like fold; Neurofascin/L1/NrCAM, C-terminal domain",IV,+,protein_coding,21429,0,1,0.0,0.0467,0,0,0,0,0,0,0,1,0,0
WBGene00003837,oat-1,"oat-1 encodes a transmembrane organic anion transporter; although loss of oat-1 activity via large-scale RNAi screens results in no obvious abnormalities, when expressed in mammalian cells OAT-1 can transport a variety of structurally diverse organic anions via an anion exchange mechanism that is functionally coupled to a sodium-coupled dicarboxylate transporter; by homology with mammalian OAT1 transporters, C. elegans OAT-1 is predicted to function in xenobiotic elimination.","Major facilitator superfamily domain; Major facilitator,  sugar transporter-like",IV,-,protein_coding,7842,1,0,0.1275,0.0,0,0,0,0,0,0,1,0,0,0
WBGene00015650,pkg-2,none available,Cyclic nucleotide-binding domain; Cyclic nucleotide-binding-like; Protein kinase domain; Protein kinase-like domain; RmlC-like jelly roll fold,IV,+,protein_coding,17294,1,0,0.0578,0.0,1,0,0,0,0,0,0,0,0,0
WBGene00012428,Y11D7A.3,none available,"Ion channel regulatory protein, UNC-93; Major facilitator superfamily domain",IV,+,protein_coding,8297,0,1,0.0,0.1205,0,0,0,0,0,0,0,1,0,0
WBGene00009883,nspg-11,none available,,IV,-,protein_coding,1601,1,0,0.6246,0.0,0,0,0,0,0,0,1,0,0,0
WBGene00007506,fbxc-58,none available,,IV,+,protein_coding,1699,0,1,0.0,0.5886,0,0,0,0,0,0,0,1,0,0
WBGene00010150,F56D5.6,none available,,IV,+,protein_coding,10742,1,0,0.0931,0.0,0,0,0,0,0,0,1,0,0,0
WBGene00009542,copb-2,"F38E11.5 encodes a beta' (beta-prime) subunit of the coatomer (COPI) complex; in mass RNAi assays, F38E11.5 is required for fertility and general health.","Coatomer beta' subunit (COPB2); Coatomer, WD associated region; G-protein beta WD-40 repeat; WD40 repeat; WD40-repeat-containing domain; WD40/YVTN repeat-like-containing domain",IV,+,protein_coding,4290,1,0,0.2331,0.0,1,0,0,0,0,0,0,0,0,0
WBGene00011456,T05A1.5,none available,Major facilitator superfamily; Major facilitator superfamily domain,IV,+,protein_coding,14161,0,1,0.0,0.0706,0,0,0,0,0,0,0,1,0,0
WBGene00044922,Y43C5A.7,none available,,IV,+,protein_coding,750,0,1,0.0,1.3333,0,1,0,0,0,0,0,0,0,0
WBGene00201118,R09H10.11,none available,,IV,-,ncRNA,170,1,0,5.8824,0.0,0,0,0,0,0,0,1,0,0,0
WBGene00011291,R102.4,none available,"Aromatic amino acid beta-eliminating lyase/threonine aldolase; Pyridoxal phosphate-dependent transferase; Pyridoxal phosphate-dependent transferase, major region, subdomain 1; Pyridoxal phosphate-dependent transferase, subdomain 2; Threonine aldolase",IV,-,protein_coding,3324,0,1,0.0,0.3008,0,0,0,0,0,0,0,1,0,0
WBGene00011297,R102.10,none available,,IV,+,protein_coding,1838,0,1,0.0,0.5441,0,0,0,0,0,0,0,1,0,0
WBGene00013856,ZC168.2,none available,Arthropod  neurohormone/Alpha-latrotoxin associated low molecular weight protein,IV,+,protein_coding,1556,0,1,0.0,0.6427,0,0,0,1,0,0,0,0,0,0
WBGene00007448,C08F8.6,none available,Protein kinase domain; Protein kinase-like domain,IV,-,protein_coding,2180,1,0,0.4587,0.0,0,0,1,0,0,0,0,0,0,0
WBGene00011739,T12G3.4,none available,"Six-bladed beta-propeller, TolB-like; Strictosidine synthase; Strictosidine synthase, conserved region",IV,+,protein_coding,1673,0,1,0.0,0.5977,0,0,0,0,0,0,0,1,0,0
WBGene00016585,oac-59,none available,Acyltransferase 3,IV,-,protein_coding,8029,0,1,0.0,0.1245,0,0,0,0,0,0,0,1,0,0
WBGene00000704,col-130,none available,"Collagen triple helix repeat; Nematode cuticle collagen, N-terminal",IV,-,protein_coding,1012,0,1,0.0,0.9881,0,1,0,0,0,0,0,0,0,0
WBGene00014081,ipmk-1,none available,Inositol polyphosphate kinase,IV,+,protein_coding,6558,0,1,0.0,0.1525,0,0,0,0,0,0,0,1,0,0
WBGene00011940,T23B5.3,none available,,IV,+,protein_coding,14993,1,0,0.0667,0.0,0,0,0,0,0,0,1,0,0,0
WBGene00004030,pin-2,"pin-2 encodes a LIM domain-containing protein that, along with UNC-97, comprises the two C. elegans members of the PINCH family of predicted adapter proteins; based upon its similarity to Drosophila and vertebrate members of the PINCH family, PIN-2 is predicted to play a role in regulation of cell morphology, motility, and survival, but as loss of pin-2 via large-scale RNAi results in no obvious defects, the precise role of PIN-2 in C. elegans development and/or behavior is not yet known; a PIN-2::GFP fusion protein is first expressed in embryos just prior to hatching and in early larvae is seen in several neurons, including the PVT neuron, and in intestinal cells; during postembryonic development, neuronal expression continues, whereas intestinal expression gradually declines; PIN-2 localizes to the cytoplasm and to the nucleus, and in neurons, is seen in axonal processes and varicosities.","LIM and senescent cell antigen-like-containing domain protein 1; Zinc finger, LIM-type",IV,+,protein_coding,2318,0,1,0.0,0.4314,0,0,0,0,0,0,0,1,0,0
WBGene00008555,F07C6.4,none available,"Band 4.1 domain; FERM central domain; FERM, C-terminal PH-like domain; FERM/acyl-CoA-binding protein, 3-helical bundle; PH domain-like; Protein of unknown function DUF3338; Ubiquitin-related domain",IV,+,protein_coding,24192,1,0,0.0413,0.0,0,0,0,0,0,0,1,0,0,0
WBGene00003150,mbk-2,"mbk-2 encodes one of two C. elegans members of the DYRK (dual-specificity Yak1-related kinase) family of proteins that includes S. cerevisiae Yak1 and the Drosophila minibrain and DYRK2 kinases; MBK-2 activity is required maternally for the oocyte-to-egg transition that occurs during the earliest stages of embryonic development; specifically, MBK-2 is required for: 1) posterior localization of the germ plasm components PIE-1, POS-1, and PGL-1, and 2) post-fertilization degradation of a subset of maternal proteins including the MEI-1 and MEI-2 meiosis-specific katanin subunits, the OMA-1 oocyte maturation factor, and residual PIE-1 that remains anteriorly localized after its normal posterior segregation; MBK-2 also primes the MEX-5 polarity protein for subsequent phosphorylation by the polo-like kinase PLK-1; genetic analyses suggest that, in regulating the segregation and degradation of maternal proteins, MBK-2 lies downstream of the initial embryonic polarity cues established by the PAR and MEX proteins; MBK-2 activity depends upon progression through the meiotic divisions and is positively regulated by CDK-1 and negatively regulated by EGG-3 and EGG-4/5; MBK-2 physically interacts with EGG-3 and EGG-4, suggesting that regulation by EGG-3 and EGG-4 is direct; MBK-2 is expressed uniformly in the cortex of oocytes and newly fertilized zygotes; in later  stage zygotes, just prior to the second meiotic division, MBK-2 becomes localized to discrete cortical foci, and by the first mitosis it is found predominantly on centrosomes and chromosomes; MBK-2 is also associated with P granules in the germline blastomeres P2, P3, and P4.",Protein kinase domain; Protein kinase-like domain,IV,+,protein_coding,26804,1,0,0.0373,0.0,1,0,0,0,0,0,0,0,0,0
WBGene00000134,amt-2,amt-2 encodes a transmembrane protein that is one of four C. elegans members of the ammonium transporter AMT/Rh family of proteins predicted to function in transport of ammonium ions across the plasma membrane.,Ammonium transporter; Ammonium transporter AmtB-like domain,IV,+,protein_coding,4653,0,1,0.0,0.2149,0,0,0,0,0,0,0,1,0,0
WBGene00000417,ced-3,"ced-3 encodes a caspase, a cysteine-aspartate protease; CED-3 activity is required for execution of apoptosis and functions in a conserved genetic pathway with CED-4, CED-9, and EGL-1 to regulate apoptosis during C. elegans development.","CARD domain; Caspase-like domain; Death-like domain; Peptidase C14A, caspase catalytic domain",IV,-,protein_coding,5877,0,1,0.0,0.1702,0,1,0,0,0,0,0,0,0,0
WBGene00004156,pqn-74,"pqn-74 encodes a protein with two chitin-binding peritrophin-A domains,separated by a glutamine/asparagine (Q/N)-rich ('prion') domain; likeCEJ-1 and CPG-2, PQN-74 might participate in eggshell synthesis andearly embryonic development, and PQN-74's peritrophin-A domains mightenable mechanical cross-linking of chitin.",Chitin binding domain,IV,-,protein_coding,1900,0,1,0.0,0.5263,0,1,0,0,0,0,0,0,0,0
WBGene00045062,Y38H8A.8,none available,,IV,-,pseudogene,1866,0,1,0.0,0.5359,0,0,0,0,0,0,0,1,0,0
WBGene00011960,oac-48,none available,Acyltransferase 3,IV,+,protein_coding,4083,1,0,0.2449,0.0,1,0,0,0,0,0,0,0,0,0
WBGene00050120,21ur-5024,none available,,IV,+,piRNA,21,1,0,47.619,0.0,1,0,0,0,0,0,0,0,0,0
WBGene00010374,rga-5,none available,P-loop containing nucleoside triphosphate hydrolase; Rho GTPase activation protein; Rho GTPase-activating protein domain,IV,+,protein_coding,17106,0,1,0.0,0.0585,0,0,0,0,0,0,0,1,0,0
WBGene00007196,B0513.4,none available,,IV,+,protein_coding,1396,1,0,0.7163,0.0,0,0,1,0,0,0,0,0,0,0
WBGene00011022,R05A10.5,none available,,IV,+,pseudogene,1933,0,1,0.0,0.5173,0,1,0,0,0,0,0,0,0,0
WBGene00011018,R05A10.1,none available,,IV,+,protein_coding,8315,1,0,0.1203,0.0,1,0,0,0,0,0,0,0,0,0
WBGene00013416,Y64G10A.7,"The Y64G10A.7 gene encodes a homolog of the human gene FIBRILLIN-1, which when mutated leads to Marfan syndrome (OMIM:154700).","Complement Clr-like EGF domain; EGF-like calcium-binding domain; EGF-like domain; EGF-like, conserved site; Growth factor receptor cysteine-rich domain; Laminin EGF domain",IV,+,protein_coding,27691,0,1,0.0,0.0361,0,0,0,0,0,0,0,1,0,0
WBGene00013451,Y67A10A.2,none available,,IV,+,protein_coding,1223,0,1,0.0,0.8177,0,1,0,0,0,0,0,0,0,0
WBGene00013458,clc-8,"Y67A10A.9 encodes a claudin homolog that may be required for normal cohesion of apical junctions in epithelia; Y67A10A.9 is worm-specific, with obvious homologs only in C. elegans; Y67A10A.9 has no obvious function in mass RNAi assays; claudins are integral membrane proteins with four transmembrane sequences that are found in mammalian tight junctions (TJs), induce TJs when transgenically expressed in cells normally lacking them, and can mediate the specific conductance of of specific ions (e.g., magnesium or calcium) through TJs while blocking the flow of water.",Clc protein-like,IV,+,protein_coding,6239,1,0,0.1603,0.0,1,0,0,0,0,0,0,0,0,0
WBGene00010794,dld-1,"LLC1.3 is orthologous to the human gene DIHYDROLIPOAMIDE DEHYDROGENASE (DLD; OMIM:246900), which when mutated leads to dihydrolipoamide dehydrogenase deficiency.","Dihydrolipoamide dehydrogenase; FAD/NAD(P)-binding domain; FAD/NAD-linked reductase, dimerisation domain; Pyridine nucleotide-disulphide oxidoreductase, dimerisation domain",IV,+,protein_coding,4620,1,0,0.2165,0.0,1,0,0,0,0,0,0,0,0,0
WBGene00007058,dmd-6,none available,DM DNA-binding domain; DMRT/protein doublesex/protein male abnormal 3,IV,+,protein_coding,7361,1,0,0.1359,0.0,0,0,0,0,0,0,1,0,0,0
WBGene00219444,Y41E3.461,none available,,IV,-,ncRNA,3799,1,0,0.2632,0.0,0,0,0,0,0,0,1,0,0,0
WBGene00012767,fcd-2,"fcd-2 encodes an ortholog of the human gene FANCD2 (mutated in Fanconianemia, OMIM:227646) that is strongly required for resistance to DNAinterstrand crosslinking (ICL) agents, but not to ionizing radiation (IR);fcd-2 mutants are viable and dispensable for resistance to IR, meioticrecombination, and S-phase checkpoint activation, but are hypersensitiveto ICL agents; like its human ortholog, FCD-2 is monoubiquitylated andrecruited to chromosomal foci after ICL but not IR; transgenic expresssionof the FANCD2 gene in mutant FA-D2 cells rescues their abnormalsensitivity to mitomycin C, an agent that cross-links strands of DNA.",Armadillo-type fold; Fanconi anaemia protein FANCD2,IV,+,protein_coding,11327,0,1,0.0,0.0883,0,0,0,0,0,0,0,1,0,0
WBGene00013517,lgc-52,none available,Gamma-aminobutyric acid A receptor/Glycine receptor alpha; Neurotransmitter-gated ion-channel; Neurotransmitter-gated ion-channel ligand-binding domain; Neurotransmitter-gated ion-channel transmembrane domain,IV,+,protein_coding,7945,1,0,0.1259,0.0,1,0,0,0,0,0,0,0,0,0
WBGene00219627,anr-3,none available,,IV,+,asRNA,2171,1,0,0.4606,0.0,0,0,0,0,0,0,1,0,0,0
WBGene00013637,Y105C5A.13,none available,,IV,+,protein_coding,2598,1,0,0.3849,0.0,0,0,0,0,0,0,1,0,0,0
WBGene00013639,Y105C5A.15,none available,Ribonuclease H-like domain,IV,+,protein_coding,33353,1,0,0.03,0.0,0,0,0,0,0,0,1,0,0,0
WBGene00013642,daf-38,"daf-38 encodes a G-protein coupled receptor (GPCR) with homology to human gonadotropin-releasing hormone receptor; daf-38 participates in perception of ascr#2 as well as other ascarosides, which are the major small-molecule components of the dauer pheromone and control developmental diapause (dauer), olfactory learning, social behavior and lifespan;  daf-38 forms a  heterodimer with daf-37 (a GPCR that belongs to the serpentine receptor class w (Srw) family of chemoreceptors) that also participates in perception of the ascaroside, ascr#2), most likely to form a functional receptor complex; daf-38 and daf-37 are expressed in chemosensory neurons.","G protein-coupled receptor, rhodopsin-like",IV,+,protein_coding,5565,1,0,0.1797,0.0,1,0,0,0,0,0,0,0,0,0
WBGene00013651,Y105C5B.11,none available,"Zinc finger, RING-type; Zinc finger, RING/FYVE/PHD-type",IV,-,protein_coding,4442,1,0,0.2251,0.0,0,0,0,0,0,0,1,0,0,0
WBGene00044670,rac-3,none available,,IV,+,pseudogene,8625,1,0,0.1159,0.0,1,0,0,0,0,0,0,0,0,0
WBGene00012788,Y43D4A.2,none available,UDP-glucuronosyl/UDP-glucosyltransferase,IV,-,protein_coding,11006,1,0,0.0909,0.0,0,0,0,0,0,0,1,0,0,0
WBGene00305584,T06A10.108,none available,,IV,-,ncRNA,441,0,1,0.0,2.2676,0,1,0,0,0,0,0,0,0,0
WBGene00013792,rad-54.B,none available,"Helicase superfamily 1/2, ATP-binding domain; Helicase, C-terminal; P-loop containing nucleoside triphosphate hydrolase; SNF2-related, N-terminal domain",IV,+,protein_coding,12802,1,0,0.0781,0.0,1,0,0,0,0,0,0,0,0,0
WBGene00016877,C52D10.3,none available,Conserved hypothetical protein CHP02231; Domain of unknown function DUF4140,IV,+,protein_coding,13329,0,1,0.0,0.075,0,1,0,0,0,0,0,0,0,0
WBGene00002005,hsp-1,"hsp-1 encodes hsp70A, a member of the heat shock family of proteins; hsp70A is closely related to the Drosophila heat inducible hsp70s and the S. cerevisiae SSA hsp70 subfamily; the hsp-1 gene is normally expressed throughout development and upon heat-shock the hsp-1 mRNA is enhanced 2-6 fold; down-regulation of hsp-1 via RNA interference results in a small reduction in the life-span of an age-1 mutant indicating that hsp-1 may play some role in regulating longevity.","Heat shock protein 70 family; Heat shock protein 70kD, C-terminal domain; Heat shock protein 70kD, peptide-binding domain",IV,+,protein_coding,2372,1,0,0.4216,0.0,1,0,0,0,0,0,0,0,0,0
WBGene00235314,B0348.9,none available,,V,-,ncRNA,845,1,0,1.1834,0.0,0,0,0,0,0,0,1,0,0,0
WBGene00017082,DC2.5,none available,NAD(P)-binding domain; Short-chain dehydrogenase/reductase SDR,V,-,protein_coding,2643,0,1,0.0,0.3784,0,0,0,0,0,0,0,1,0,0
WBGene00003614,nhr-15,nhr-15 is predicted to encode a member of the nuclear hormone receptor family.,"Nuclear hormone receptor, ligand-binding domain; Zinc finger, NHR/GATA-type; Zinc finger, nuclear hormone receptor-type",V,+,protein_coding,10930,1,0,0.0915,0.0,0,0,0,0,0,0,0,0,1,0
WBGene00017959,ugt-42,none available,UDP-glucuronosyl/UDP-glucosyltransferase,V,+,protein_coding,2576,1,0,0.3882,0.0,0,0,0,0,0,0,1,0,0,0
WBGene00005687,sru-24,none available,"7TM GPCR, serpentine receptor class u (Sru)",V,-,protein_coding,3547,1,0,0.2819,0.0,0,0,0,0,0,0,1,0,0,0
WBGene00019983,sti-1,"sti-1 encodes the C. elegans ortholog of the Sti1/Hop family of heat shock cochaperones; sti-1 plays a role in stress response, as sti-1 mutant animals have a shortened lifespan, decreased fertility at 20C, 25C, and 30C, and decreased thermotolerance; genetic interaction studies suggest that sti-1 may function together with daf-16 in regulating thermotolerance; STI-1 physically interacts with a number of proteins including HSP-1/Hsp70 and DAF-21/Hsp90, as well as proteins involved in translation and localized to the endoplasmic reticulum; a STI-1::GFP reporter is widely expressed in embryos as well as larvae and adults, with expression found in the pharynx, intestine, neurons, vulva, body wall muscles and male sensory rays; STI-1 appears to be a cytoplasmic protein.",Heat shock chaperonin-binding; Tetratricopeptide repeat; Tetratricopeptide-like helical domain,V,+,protein_coding,1258,1,0,0.7949,0.0,1,0,0,0,0,0,0,0,0,0
WBGene00019972,pei-2,none available,BTB/POZ domain; SKP1/BTB/POZ domain,V,-,protein_coding,5132,1,0,0.1949,0.0,0,0,0,0,0,0,1,0,0,0
WBGene00019975,flp-34,none available,,V,-,protein_coding,5514,1,0,0.1814,0.0,0,0,0,0,0,0,1,0,0,0
WBGene00021743,Y50D4B.4,none available,"Galactose-binding domain-like; Peptide N glycanase, PAW domain",V,+,protein_coding,6292,0,1,0.0,0.1589,0,0,0,0,0,0,0,1,0,0
WBGene00021740,Y50D4B.1,none available,,V,+,protein_coding,16402,0,1,0.0,0.061,0,0,0,0,0,0,0,1,0,0
WBGene00020663,cutl-22,none available,Zona pellucida domain,V,+,protein_coding,4769,1,0,0.2097,0.0,0,0,0,0,0,0,1,0,0,0
WBGene00219734,linc-128,none available,,V,+,lincRNA,2302,1,0,0.4344,0.0,0,0,0,0,0,0,1,0,0,0
WBGene00022286,rga-4,"rga-4 encodes a GTPase-activating protein (GAP); RNAi experiments predicted to target rga-4 and the related rga-3 gene result in early embryonic defects, specifically defects in cortical contractility, non-muscle myosin NMY-2 distribution, and the relative size of PAR protein domains; in vitro, RGA-4 positively regulates RHO-1 GTPase activity, consistent with genetic studies showing that the rga-3/4(RNAi) phenotype requires RHO-1 activity.",Rho GTPase activation protein; Rho GTPase-activating protein domain,V,-,protein_coding,10137,0,1,0.0,0.0986,0,0,0,0,0,1,0,0,0,0
WBGene00006794,unc-60,"unc-60 encodes two, tissue-specific isoforms of actin depolymerizing factor(ADF)/cofilin, actin-binding proteins that regulate actin filament dynamics; one UNC-60 isoform, UNC-60A, primarily binds G-actin, depolymerizes actin filaments, and inhibits actin polymerization; UNC-60A is essential during early embryonic development for polar body extrusion, cytokinesis, and embryonic patterning; UNC-60B, which does not inhibit actin polymerization, binds F- and G-actin and influences the rate of actin polymerization by the UNC-60B:actin ratio; UNC-60B is required for actin filament organization in body wall muscle, locomotion, and for efficient actin filament disassembly by UNC-78, an actin interactin protein 1 (AIP1) ortholog; UNC-60A and UNC-60B are differentially expressed: UNC-60A is found in oocytes, embryos, and the adult gonad and intestine, while UNC-60B is found in body wall muscle, the vulva, and spermatheca; unc-60 transcripts undergo muscle-specific pre-mRNA processing, regulated by the ASD-2 and SUP-12 splicing factors.",ADF-H/Gelsolin-like domain; ADF/Cofilin; Actin-depolymerising factor homology domain,V,+,protein_coding,4491,1,0,0.2227,0.0,1,0,0,0,0,0,0,0,0,0
WBGene00018706,F52F10.2,none available,Major facilitator superfamily; Major facilitator superfamily domain,V,+,protein_coding,2572,1,0,0.3888,0.0,0,0,0,0,0,0,1,0,0,0
WBGene00018709,srsx-8,none available,"G protein-coupled receptor, rhodopsin-like; Serpentine type 7TM GPCR chemoreceptor Srsx",V,-,protein_coding,2097,0,1,0.0,0.4769,0,0,0,0,0,0,0,1,0,0
WBGene00000387,cdc-25.2,cdc-25.2 encodes a putative homolog of Cdc25 phosphatase protein family that affects germline proliferation.,M-phase inducer phosphatase; Rhodanese-like domain,V,+,protein_coding,18457,1,0,0.0542,0.0,0,0,0,0,0,0,1,0,0,0
WBGene00021609,irld-17,none available,"Leucine-rich repeat domain, L domain-like; Receptor L-domain",V,+,protein_coding,3867,0,1,0.0,0.2586,0,0,0,0,0,0,0,1,0,0
WBGene00019384,K04F1.1,none available,,V,-,pseudogene,1565,0,1,0.0,0.639,0,0,0,0,0,0,0,1,0,0
WBGene00021607,Y46H3C.7,none available,,V,-,protein_coding,1565,0,1,0.0,0.639,0,0,0,1,0,0,0,0,0,0
WBGene00305467,F59A7.15,none available,,V,+,ncRNA,6016,1,0,0.1662,0.0,0,0,0,0,0,0,1,0,0,0
WBGene00021164,svh-11,none available,"Glycosyl transferase, family 11",V,+,protein_coding,3172,1,0,0.3153,0.0,0,0,0,0,0,0,1,0,0,0
WBGene00006170,str-119,none available,"7TM GPCR, serpentine receptor class r (Str)",V,-,protein_coding,1646,1,0,0.6075,0.0,0,0,0,0,0,0,1,0,0,0
WBGene00015273,mct-2,none available,Major facilitator superfamily; Major facilitator superfamily domain,V,-,protein_coding,11788,1,0,0.0848,0.0,0,0,0,0,0,0,1,0,0,0
WBGene00021573,Y45G12C.10,none available,"7TM GPCR, serpentine receptor class r (Str)",V,-,protein_coding,1652,1,0,0.6053,0.0,0,0,0,0,0,0,1,0,0,0
WBGene00000056,acr-17,none available,Neurotransmitter-gated ion-channel; Neurotransmitter-gated ion-channel ligand-binding domain; Neurotransmitter-gated ion-channel transmembrane domain,V,+,protein_coding,6611,0,1,0.0,0.1513,0,0,0,0,0,0,0,1,0,0
WBGene00003579,ndx-2,"ndx-2 encodes a NUDIX hydrolase; by sequence comparison, NDX-2 is predicted to be orthologous to human NUDT5 which, in vitro, possesses ADP-sugar diphosphatase activity; in C. elegans, loss of ndx-2 activity via RNA-mediated interference (RNAi) does not result in any obvious abnormalities, consistent with the proposed nonessential roles for Nudix proteins in eliminating potentially toxic nucleotide metabolites from cells and modulating levels of metabolic intermediates by shuttling them into alternative biochemical pathways.",NUDIX hydrolase; NUDIX hydrolase domain; NUDIX hydrolase domain-like,V,-,protein_coding,2040,0,1,0.0,0.4902,0,0,0,0,0,0,0,1,0,0
WBGene00005919,srx-28,none available,"7TM GPCR, serpentine receptor class x  (Srx)",V,-,protein_coding,1576,1,0,0.6345,0.0,0,0,0,0,0,0,1,0,0,0
WBGene00005215,srg-58,none available,"7TM GPCR, serpentine receptor class g (Srg)",V,-,protein_coding,1383,1,0,0.7231,0.0,0,0,0,0,0,0,1,0,0,0
WBGene00019108,chpf-2,none available,EF-hand domain; EF-hand domain pair,V,-,protein_coding,1571,1,0,0.6365,0.0,0,0,0,0,0,0,1,0,0,0
WBGene00000168,apx-1,"apx-1 encodes one of ten C. elegans DSL (Delta, Serrate, LAG-2) proteins, integral transmembrane and secreted proteins that function as signaling ligands for the Notch family receptors GLP-1 and LIN-12; in the 4-cell embryo, maternally supplied APX-1 functions as a GLP-1 ligand for an inductive interaction that specifies the fate of the ABp blastomere; later in embryogenesis, APX-1 is required for formation of the LIN-12-dependent, invariant asymmetrical twist that occurs as part of normal gut morphogenesis; during larval development, APX-1 is required redundantly with DSL-1 and LAG-2 for the LIN-12-mediated lateral signal that spatially patterns the primary and secondary vulval cell lineages; in the early embryo, APX-1 is first detected at the anterior edge of the P1 blastomere, with later expression visible in P2 at sites of contact with ABp, and in the cytoplasm of the EMS and P3 blastomeres; expression in the vulval precursor cells (VPCs) is detected in the primary VPC, P6.p, and its descendants; embryonic APX-1 expression is dependent upon PIE-1 activity, while later vulval expression is mediated by the Ras signaling pathway and the SUR-2 transcriptional cofactor.",Delta/Serrate/lag-2 (DSL) protein; EGF-like domain,V,+,protein_coding,13026,1,0,0.0768,0.0,1,0,0,0,0,0,0,0,0,0
WBGene00015883,C17B7.9,none available,Domain of unknown function DUF19; Uncharacterised protein family UPF0376,V,-,protein_coding,1234,0,1,0.0,0.8104,0,0,0,0,0,0,0,1,0,0
WBGene00000478,cfz-2,"cfz-2 encodes one of four C. elegans Frizzled homologs, integral membrane proteins that contain an external cysteine-rich domain (CRD) and seven transmembrane domains and that function in a wide variety of species as receptors for Wnt glycoprotein signaling molecules; CFZ-2 activity is required for cell migration and for vulval development.","Frizzled domain; Frizzled protein; Frizzled, invertebrates; Frizzled/secreted frizzled-related protein",V,-,protein_coding,3374,0,1,0.0,0.2964,0,0,0,0,0,0,0,1,0,0
WBGene00018229,F40C5.2,none available,,V,+,protein_coding,616,1,0,1.6234,0.0,0,0,0,0,1,0,0,0,0,0
WBGene00305478,H10D18.7,none available,,V,-,ncRNA,3563,0,1,0.0,0.2807,0,0,0,0,0,0,0,1,0,0
WBGene00021555,pid-5,none available,"Creatinase, N-terminal; Creatinase/Aminopeptidase P/Spt16, N-terminal; Peptidase M24; Peptidase M24, C-terminal domain",V,+,protein_coding,5479,1,0,0.1825,0.0,0,0,0,0,0,0,1,0,0,0
WBGene00044529,irld-1,none available,"Leucine-rich repeat domain, L domain-like; Receptor L-domain",V,+,protein_coding,2164,1,0,0.4621,0.0,0,0,0,0,0,0,1,0,0,0
WBGene00017983,F32D1.3,none available,Domain of unknown function DUF1736; Tetratricopeptide repeat; Tetratricopeptide-like helical domain,V,-,protein_coding,11819,1,0,0.0846,0.0,1,0,0,0,0,0,0,0,0,0
WBGene00017411,F13A2.2,none available,,V,-,protein_coding,2071,0,1,0.0,0.4829,0,1,0,0,0,0,0,0,0,0
WBGene00017413,F13A2.4,none available,,V,-,protein_coding,1585,1,0,0.6309,0.0,0,0,0,0,0,0,1,0,0,0
WBGene00021626,rft-2,none available,"Solute carrier family 52, riboflavin transporter",V,-,protein_coding,7261,0,1,0.0,0.1377,0,0,0,0,0,0,0,1,0,0
WBGene00004947,sos-1,"sos-1 encodes an ortholog of Son of sevenless, a guanine nucleotide exchange factor; sos-1 is required for viability, sex myoblast migration, vulval induction, and oogenesis; sos-1 acts genetically downstream of let-23 and upstream of let-60 with respect to vulval development; SOS-1 binds bovine calmodulin in vitro in a calcium-dependent manner.","Dbl homology (DH) domain; Histone-fold; PH domain-like; Pleckstrin homology domain; Ras guanine nucleotide exchange factor domain; Ras guanine-nucleotide exchange factors catalytic domain; Ras-like guanine nucleotide exchange factor, N-terminal",V,-,protein_coding,32348,0,1,0.0,0.0309,0,1,0,0,0,0,0,0,0,0
WBGene00016507,abhd-5.2,none available,Alpha/Beta hydrolase fold; Alpha/beta hydrolase fold-1,V,+,protein_coding,2341,0,1,0.0,0.4272,0,0,0,0,0,0,0,1,0,0
WBGene00016511,C37H5.13,none available,Acyl-CoA thioesterase; HotDog domain,V,-,protein_coding,6008,0,1,0.0,0.1664,0,0,0,0,0,0,0,1,0,0
WBGene00015071,cest-30,none available,"Alpha/Beta hydrolase fold; Carboxylesterase, type B",V,-,protein_coding,2768,0,1,0.0,0.3613,0,0,0,0,0,0,0,1,0,0
WBGene00003567,ncx-2,"ncx-2 encodes, by alternative splicing, three full-length isoforms of a putative 3Na[+]/1Ca[2+] exchanger, orthologous to human SLC8A1-3 and paralogous to NCX-1 and NCX-3; NCX-2 is predicted to export free cytoplasmic Ca[2+] with low affinity but high capacity, being complemented by low-capacity/high-affinity Ca[2+] ATPase pumps such as MCA-1/-3; NCX-3 has tandem Calx-alpha and Calx-beta domains predicted to carry out ion transport and regulation; NCX-1 is required for normally rapid growth in mass RNAi assays.","Na-Ca exchanger/integrin-beta4; Sodium/calcium exchanger domain, C-terminal extension; Sodium/calcium exchanger membrane region; Sodium/calcium exchanger protein",V,+,protein_coding,7582,1,0,0.1319,0.0,1,0,0,0,0,0,0,0,0,0
WBGene00019601,K09H11.4,none available,,V,-,protein_coding,3732,0,1,0.0,0.268,0,1,0,0,0,0,0,0,0,0
WBGene00018424,pgph-2,none available,"2-phosphoglycolate phosphatase, eukaryotic; HAD-like domain; HAD-superfamily hydrolase, subfamily IIA",V,+,protein_coding,6642,1,0,0.1506,0.0,0,0,0,0,0,0,0,0,0,0
WBGene00017834,F26F12.3,none available,,V,-,protein_coding,6765,1,0,0.1478,0.0,0,0,0,0,0,0,1,0,0,0
WBGene00004206,pst-1,"pst-1 encodes the C. elegans ortholog of the vertebrate PAPST1 PAPS (3'-phosphoadenosine-5'-phosphosulfate) transporter and Drosophila Slalom; pst-1 is required in vivo for heparan sulfation; pst-1 is an essential gene, required both maternally and zygotically for late embryonic and larval development; pst-1 is also required for a subset of neuronal and axonal migrations and for presynaptic development in motor, and possibly touch, neurons; in regulating these developmental processes, pst-1 can function cell non-autonomously; pst-1::gfp is first detected at the two-fold stage of embryogenesis in hypodermal cells; later, pst-1::gfp expression is seen in the seam cells, pharyngeal gland cells, additional anterior cells and possibly in the intestine; PST-1::GFP shows partial localization to the Golgi.",UAA transporter,V,+,protein_coding,7951,1,0,0.1258,0.0,1,0,0,0,0,0,0,0,0,0
WBGene00015677,cpg-4,"cpg-4 encodes a large (782-residue), unfamiliar, putatively secretedprotein with a C-terminal low-complexity domain; CPG-4 has 35 potentialchondroitin attachment sites, mostly in its C-terminal half, 4 of whichhave been verified by mass spectrometry; CPG-4 has no obvious functionin mass RNAi assays.",Chondroitin proteoglycan 4,V,+,protein_coding,2929,1,0,0.3414,0.0,1,0,0,0,0,0,0,0,0,0
WBGene00017931,picc-1,none available,CCDC85 family,V,+,protein_coding,7345,1,0,0.1361,0.0,0,0,0,0,0,0,1,0,0,0
WBGene00004373,rme-1,"rme-1 encodes a conserved, EPS15 homology (EH) domain-containing protein; RME-1 is required for endocytosis, specifically for modulating endocytic transport through the endosomal recycling compartment (ERC); RME-1 is ubiquitously expressed and, in the polarized intestinal epithelium, is found on basolateral recycling endosomes.","Dynamin superfamily; EF-hand domain pair; EH domain; EH domain-containing protein, N-terminal; P-loop containing nucleoside triphosphate hydrolase",V,+,protein_coding,8780,1,0,0.1139,0.0,1,0,0,0,0,0,0,0,0,0
WBGene00017430,bcl-11,none available,Zinc finger C2H2-type,V,+,protein_coding,6973,1,0,0.1434,0.0,0,0,0,0,1,0,0,0,0,0
WBGene00020264,acl-8,none available,"Acyltransferase, C-terminal domain; Phospholipid/glycerol acyltransferase",V,+,protein_coding,2250,1,0,0.4444,0.0,1,0,0,0,0,0,0,0,0,0
WBGene00006815,unc-83,"unc-83 encodes a KASH domain-containing transmembrane protein; during development, UNC-83 is required for nuclear migrations in P cells, hyp7 hypodermal precursors, and intestinal cells and thus, for ventral nerve cord development, locomotion, and vulval formation; specifically, UNC-83 functions to recruit kinesin and dynein motor complexes to the nuclear envelope to regulate the directionality and extent of nuclear migrations; UNC-83 localizes to the outer nuclear membrane and its localization is dependent upon the SUN domain of UNC-84, an inner nuclear membrane protein with which it interacts in vitro; UNC-83 and UNC-84 are thus proposed to link the nuclear lamina with the cytoskeleton to properly effect nuclear migrations.",,V,+,protein_coding,22819,1,0,0.0438,0.0,1,0,0,0,0,0,0,0,0,0
WBGene00017618,F20A1.6,none available,,V,-,protein_coding,2561,1,0,0.3905,0.0,1,0,0,0,0,0,0,0,0,0
WBGene00006666,twk-11,twk-11 encodes one of more than 40 TWK (two-P domain K+) potassium channels in C. elegans that contain two pore regions and four transmembrane domains; orthologous to C. briggsae CBG19123 with some similarity to Drosophila CG6004.,Potassium channel domain; Two pore domain potassium channel,V,-,protein_coding,8318,0,1,0.0,0.1202,0,0,0,0,0,0,0,1,0,0
WBGene00201968,VC5.16,none available,,V,-,ncRNA,145,0,1,0.0,6.8966,0,0,0,0,0,0,0,1,0,0
WBGene00020945,clec-219,none available,C-type lectin fold; C-type lectin-like/link domain,V,+,protein_coding,4433,0,1,0.0,0.2256,0,0,0,0,0,0,0,1,0,0
WBGene00017152,EGAP798.1,none available,,V,+,pseudogene,2770,1,0,0.361,0.0,1,0,0,0,0,0,0,0,0,0
WBGene00001842,her-1,"her-1 generates two transcripts, the larger of which encodes a small,secreted, cysteine-rich protein (HER-1A) required for normal sexdetermination in wild-type XO male animals, while being dispensable forsex determination in XX hermaphrodites; transcription of her-1 in XXanimals is repressed by SDC-2; HER-1A protein has two all-helicaldomains, with fourteen conserved cysteine residues forming sevendisulfide bonds, at least eight of which residues are critical forfunction in vivo; HER-1A has no known homologs except in other nematodes(e.g., Brugia malayi), and does not structurally resemble otherwell-known secreted proteins; HER-1A inhibits the receptor TRA-2A invivo, and binds it in vitro; HER-1A functions nonautonomously andrequires a signal sequence for biological activity; the her-1(n695gf)mutation alters a site in the her-1 promoter bound by SDC-2, partiallytransforms XX animals into phenotypic males, and requires sup-26 andsup-27 to do so.",Protein Her-1,V,+,protein_coding,5021,1,0,0.1992,0.0,1,0,0,0,0,0,0,0,0,0
WBGene00201401,T28B11.22,none available,,V,-,ncRNA,349,0,1,0.0,2.8653,0,0,0,0,0,0,0,0,0,0
WBGene00007799,nrx-1,"nrx-1 encodes the C. elegans ortholog of neurexins, presynaptic transmembrane neural adhesion molecules that contain extracellular laminin and EGF domains and play a critical role in synaptic development; genetic analyses suggest that nrx-1 may play a role in regulation of adult lifespan; nrx-1 expression is controlled by daf-2 and daf-16.",Concanavalin A-like lectin/glucanase domain; EGF-like domain; Laminin G domain,V,+,protein_coding,21693,1,0,0.0461,0.0,0,0,0,0,0,0,1,0,0,0
WBGene00000065,act-3,"act-3 encodes an invertebrate actin, highly similar to ACT-1, ACT-2, and ACT-4, that functions in body wall muscle; act-3 functions with two other action isoforms, act-1 and act-2, to control cytoplasmic microfilament function in the early embryo.",Actin family,V,-,protein_coding,2809,0,1,0.0,0.356,0,0,0,0,0,0,0,0,0,0
WBGene00010744,K10D6.4,none available,,V,+,protein_coding,14852,1,0,0.0673,0.0,0,0,0,0,0,0,1,0,0,0
WBGene00219612,linc-153,none available,,V,-,lincRNA,2893,1,0,0.3457,0.0,0,0,0,0,0,0,1,0,0,0
WBGene00011436,T04F3.1,none available,"Aminotransferase, class I/classII; Pyridoxal phosphate-dependent transferase; Pyridoxal phosphate-dependent transferase, major region, subdomain 1; Pyridoxal phosphate-dependent transferase, subdomain 2",V,+,protein_coding,14047,1,0,0.0712,0.0,0,0,0,0,1,0,0,0,0,0
WBGene00077538,T04F3.5,none available,,V,+,protein_coding,1292,0,1,0.0,0.774,0,1,0,0,0,0,0,0,0,0
WBGene00197013,F58H1.14,none available,,V,+,ncRNA,182,1,0,5.4945,0.0,0,0,0,0,0,0,1,0,0,0
WBGene00011449,slfl-5,none available,"P-loop containing nucleoside triphosphate hydrolase; Translation elongation factor EF1A/initiation factor IF2gamma, C-terminal; Translation protein, beta-barrel domain",V,-,protein_coding,3074,0,1,0.0,0.3253,0,0,0,0,0,1,0,0,0,0
WBGene00007606,C15C8.4,none available,"Alpha-2-macroglobulin RAP, C-terminal; Alpha-2-macroglobulin receptor-associated protein, domain 1",V,-,protein_coding,2263,0,1,0.0,0.4419,0,0,0,0,0,0,0,0,0,1
WBGene00305465,F58E10.8,none available,,V,-,ncRNA,10977,1,0,0.0911,0.0,0,0,0,0,0,0,0,0,0,0
WBGene00044109,K02E11.10,none available,,V,-,protein_coding,1083,0,1,0.0,0.9234,0,1,0,0,0,0,0,0,0,0
WBGene00013027,Y49A3A.4,none available,ShKT domain,V,-,protein_coding,2045,0,1,0.0,0.489,0,0,0,1,0,0,0,0,0,0
WBGene00023515,srz-97,none available,"7TM GPCR, serpentine receptor class z (Srz)",V,-,protein_coding,4400,0,1,0.0,0.2273,0,0,0,0,0,0,0,1,0,0
WBGene00008320,slc-25A29,none available,Mitochondrial carrier domain; Mitochondrial substrate/solute carrier,V,-,protein_coding,4687,0,1,0.0,0.2134,0,0,0,0,0,0,0,1,0,0
WBGene00198681,W06A7.8,none available,,V,+,ncRNA,125,1,0,8.0,0.0,0,0,0,0,0,0,1,0,0,0
WBGene00010386,H12D21.10,none available,Glycosyltransferase 61,V,+,protein_coding,12126,1,0,0.0825,0.0,0,0,0,0,0,0,1,0,0,0
WBGene00008522,nlp-59,none available,,V,+,protein_coding,984,0,1,0.0,1.0163,0,0,0,0,0,0,0,1,0,0
WBGene00008520,F02D8.1,none available,,V,-,protein_coding,5847,1,0,0.171,0.0,0,0,0,0,0,0,1,0,0,0
WBGene00004308,rap-2,"rap-2 encodes a Ras-related GTPase that is most similar to the RAP2 members of the Ras GTPase superfamily; by homology, RAP-2 is predicted to function as a membrane-localized GTPase that likely plays a role in signal transduction; loss-of- and gain-of-functions of rap-2 causes synapse patterning defect in DA motor neurons.","P-loop containing nucleoside triphosphate hydrolase; Small GTP-binding protein domain; Small GTPase superfamily; Small GTPase superfamily, Ras type",V,-,protein_coding,2600,0,1,0.0,0.3846,0,1,0,0,0,0,0,0,0,0
WBGene00008321,C55A1.1,none available,"7TM GPCR, serpentine receptor class r (Str)",V,+,protein_coding,1260,0,1,0.0,0.7937,0,0,0,0,0,0,0,1,0,0
WBGene00010688,srz-12,none available,"7TM GPCR, serpentine receptor class z (Srz)",V,-,protein_coding,1248,0,1,0.0,0.8013,0,0,0,0,0,0,0,1,0,0
WBGene00305396,F36G9.19,none available,,V,-,ncRNA,8662,1,0,0.1154,0.0,0,0,0,0,0,0,1,0,0,0
WBGene00014735,cyp-35D2,none available,,V,+,pseudogene,558,1,0,1.7921,0.0,0,0,0,0,0,0,1,0,0,0
WBGene00005834,srw-87,none available,"7TM GPCR, serpentine receptor class w (Srw)",V,+,protein_coding,1652,1,0,0.6053,0.0,0,0,0,0,0,0,1,0,0,0
WBGene00010215,nhr-193,none available,"Nuclear hormone receptor, ligand-binding domain; Zinc finger, NHR/GATA-type; Zinc finger, nuclear hormone receptor-type",V,+,protein_coding,2094,1,0,0.4776,0.0,0,0,0,0,0,0,1,0,0,0
WBGene00012348,pptr-1,"pptr-1 encodes a PP2A holoenzyme regulatory subunit, a member of the B56 family of genes  homologous to mammalian PPP2R5B (OMIM: 601644); out of the seven PP2A regulatory subunits only pptr-1 regulates dauer formation downstream of daf-2;pptr-1 controls dauer formation specifically through the IIS pathway; pptr-1 regulates multiple phenotypes associated with the IIS pathways like stress resistance and life span; genetically pptr-1 is at the level of or downstream of akt-1 in IIS pathway; PPTR-1/mammalian B56beta regulatory subunit function to modulate AKT-1 phosphorylation in a conserved manner across phylogeny; changes in PPTR-1 levels affect the activity of AKT-1 and as a result, modulate DAF-16 subcellular localization; PPTR-1 positively regulates DAF-16 nuclear localization and thereby its activity on transcriptional targets; PPTR1 expression is predominantly cytosolic and overlaps with AKT-2  in pharynx, head neurons, nerve ring, spermathecae and vulva.","Armadillo-type fold; Protein phosphatase 2A, regulatory B subunit, B56",V,+,protein_coding,10054,1,0,0.0995,0.0,1,0,0,0,0,0,0,0,0,0
WBGene00013490,Y70C5A.2,none available,"7TM GPCR, serpentine receptor class h (Srh)",V,-,protein_coding,1816,0,1,0.0,0.5507,0,0,0,0,0,0,0,1,0,0
WBGene00005789,srw-42,none available,"7TM GPCR, serpentine receptor class w (Srw); G protein-coupled receptor, rhodopsin-like",V,-,protein_coding,1708,0,1,0.0,0.5855,0,0,0,0,0,0,0,1,0,0
WBGene00004026,phy-3,"phy-3 encodes  a catalytic alpha subunit of  collagen prolyl 4-hydroxylase (P4H) orthologous to human P4H alpha (III) isoform (OMIM: 608987). phy-3 belongs to a family of genes coding for catalytic subunits of the collagen modifying enzyme prolyl 4-hydroxylase; PHY-3 is involved in the synthesis of collagens in early embryos; PHY-3 have no obvious phenotypic abnormalities, but the 4-hydroxyproline content of their embryos is markedly reduced; C-P4H activity is only generated when it is coexpressed with another C. elegans PDI isoform; PHY-3 is expressed in the embryos, late larval stages, and adult nematodes, its expression in the larval and adult stages restricted to the spermatheca.","Oxoglutarate/iron-dependent dioxygenase; Prolyl 4-hydroxylase, alpha subunit",V,+,protein_coding,5978,1,0,0.1673,0.0,0,0,0,0,0,0,1,0,0,0
WBGene00005521,sri-9,none available,"7TM GPCR, serpentine chemoreceptor class i (Sri)",V,+,protein_coding,2121,1,0,0.4715,0.0,0,0,0,0,0,0,1,0,0,0
WBGene00045506,F57G4.10,none available,"Domain of unknown function DUF38, Caenorhabditis species",V,+,protein_coding,1350,0,1,0.0,0.7407,0,0,0,0,0,0,0,1,0,0
WBGene00189932,spp-29,none available,Saposin-like,V,-,protein_coding,729,1,0,1.3717,0.0,0,0,0,0,0,0,1,0,0,0
WBGene00008126,sre-21,"C47A10.4 is orthologous to the human gene ALBINISM, OCULAR, TYPE I (OA1; OMIM:300500), which when mutated leads to Nettleship-Falls type ocular albinism.","7TM GPCR, serpentine receptor class e (Sre)",V,-,protein_coding,3556,0,1,0.0,0.2812,0,0,0,0,0,0,0,1,0,0
WBGene00012567,Y37H2A.7,none available,"Domain of unknown function DUF38, Caenorhabditis species; F-box domain; Leucine-rich repeat domain, L domain-like",V,-,protein_coding,1179,1,0,0.8482,0.0,1,0,0,0,0,0,0,0,0,0
WBGene00008894,F16H6.4,none available,"Peptidase C15, pyroglutamyl peptidase I-like; Putative pyroglutamyl peptidase PgaPase_1",V,+,protein_coding,7095,1,0,0.1409,0.0,1,0,0,0,0,0,0,0,0,0
WBGene00011207,R10E8.1,none available,"Domain of unknown function DUF38, Caenorhabditis species",V,-,protein_coding,10094,1,0,0.0991,0.0,0,0,0,0,0,0,1,0,0,0
WBGene00194695,B0462.5,none available,,V,-,protein_coding,1117,0,1,0.0,0.8953,0,0,0,0,0,0,0,1,0,0
WBGene00007440,C08E8.4,none available,NADAR,V,+,protein_coding,1687,1,0,0.5928,0.0,0,0,0,0,0,0,1,0,0,0
WBGene00013073,hmit-1.1,"hmit-1.1 encodes one of three C. elegans proton (H+)-dependent myo-inositol transporters; loss of hmit-1.1 activity via large-scale RNAi result in no obvious abnormalities but by homology, HMIT-1.1 is predicted to function as a plasma membrane protein required for the regulated uptake of myo-inositol and thus potentially for regulation of cell signaling and intracellular osmolarity.","Major facilitator superfamily domain; Major facilitator,  sugar transporter-like; Sugar/inositol transporter",V,+,protein_coding,7087,1,0,0.1411,0.0,0,0,0,0,0,0,1,0,0,0
WBGene00013075,ints-5,none available,"Integrator complex subunit 5, C-terminal; Integrator complex subunit 5, N-terminal",V,+,protein_coding,15149,0,1,0.0,0.066,0,0,0,0,0,0,0,1,0,0
WBGene00013076,Y51A2D.8,none available,"Cathepsin propeptide inhibitor domain (I29); Peptidase C1A; Peptidase C1A, papain C-terminal",V,-,protein_coding,3848,1,0,0.2599,0.0,1,0,0,0,0,0,0,0,0,0
WBGene00013480,egas-3,none available,EGF-like calcium-binding domain; EGF-like domain; Epithelial sodium channel,V,-,protein_coding,7694,1,0,0.13,0.0,1,0,0,0,0,0,0,0,0,0
WBGene00013481,Y69H2.3,none available,"Follistatin-like, N-terminal; Trypsin Inhibitor-like, cysteine rich domain",V,-,protein_coding,8039,0,1,0.0,0.1244,0,1,0,0,0,0,0,0,0,0
WBGene00013485,Y69H2.10,none available,"Trypsin Inhibitor-like, cysteine rich domain",V,+,protein_coding,14062,1,0,0.0711,0.0,1,0,0,0,0,0,0,0,0,0
WBGene00045361,clec-253,none available,C-type lectin fold; C-type lectin-like; C-type lectin-like/link domain; PAN-3 domain,V,-,pseudogene,1035,1,0,0.9662,0.0,1,0,0,0,0,0,0,0,0,0
WBGene00003655,nhr-65,"nhr-65 encodes a protein with similarity to members of the nuclear hormone receptor superfamily; although nhr-65 is not predicted to encode a complete DNA-binding domain, it is expressed, based on mRNA analysis cgc3416.","Nuclear hormone receptor, ligand-binding domain; Zinc finger, NHR/GATA-type; Zinc finger, nuclear hormone receptor-type",V,+,protein_coding,6140,0,1,0.0,0.1629,0,0,0,0,0,0,0,1,0,0
WBGene00012700,Y39B6A.42,none available,,V,-,protein_coding,1736,0,1,0.0,0.576,0,1,0,0,0,0,0,0,0,0
WBGene00012676,pro-3,none available,"Armadillo-type fold; SDA1 domain; Uncharacterised domain NUC130/133, N-terminal",V,-,protein_coding,17066,0,1,0.0,0.0586,0,0,0,0,0,0,0,1,0,0
WBGene00012665,pph-5,"pph-5 encodes a protein phosphatase that is the sole C. elegans ortholog of protein phosphatase 5; during anaphase, PPH-5 negatively regulates the cortical granule exocytosis and cytokinesis activities of SEP-1/separase; in this capactiy, PPH-5 appears to function to regulate SEP-1 localization to vesicles at the appropriate times during cell division; pph-5 is expressed throughout development in both the soma and the germ line; in the germ line, a GFP::PPH-5 is cytoplasmic during interphase, becomes enriched at the spindle matrix during mitosis, and then disperses from the spindle during anaphase.","Calcineurin-like phosphoesterase domain, ApaH type; Metallo-dependent phosphatase-like; PPP domain; Serine/threonine protein phosphatase 5; Serine/threonine-specific protein phosphatase/bis(5-nucleosyl)-tetraphosphatase; Tetratricopeptide repeat; Tetratricopeptide-like helical domain",V,+,protein_coding,8726,1,0,0.1146,0.0,0,0,0,0,1,0,0,0,0,0
WBGene00012067,sqst-3,none available,"Zinc finger, ZZ-type",V,+,protein_coding,1239,0,1,0.0,0.8071,0,0,0,0,0,0,0,1,0,0
WBGene00012813,Y43F8B.2,none available,GSKIP domain; Protein of unknown function DUF727,V,-,protein_coding,13173,0,1,0.0,0.0759,0,0,0,0,0,0,0,1,0,0
WBGene00007176,kcnl-1,kcnl-1 encodes a small-conductance calcium-activated potassium channel subunit.,"Calmodulin-binding domain; Potassium channel domain; Potassium channel, calcium-activated, SK",V,+,protein_coding,40743,1,0,0.0245,0.0,1,0,0,0,0,0,0,0,0,0
WBGene00012831,Y43F8C.9,none available,,V,+,protein_coding,1234,0,1,0.0,0.8104,0,0,0,0,0,0,0,1,0,0
WBGene00012832,dmd-3,"dmd-3 encodes a transcription factor with two DNA-binding Zn finger DM domains that is homologous to vertebrate dmrt-1 (OMIM:154230); dmd-3 is necessary for male-specific morphogenesis of the tail tip; dmd-3 acts with mab-3 to coordinate both tail tip cell fusion and retraction; dmd-3::YFP was expressed in a number of sexually dimorphic or sex-specific cells, including the tail tip, hindgut, B lineage, ray RnA neurons and somatic gonad; dmd-3 expression parallels tail tip remodeling, consistent with a cell autonomous, instructive role for dmd-3 in the control of morphogenesis; dmd-3 is a direct target of repression by TRA-1A in hermaphrodite tail tip and hindgut; sexually dimorphic dmd-3 expression determines the sexual specificity of tail tip morphogenesis; tail tip dmd-3 expression is regulated in an initial Wnt-independent induction of dmd-3, followed by Wnt-dependent maintenance and amplification; maintenance phase expression of dmd-3 requires lin-44 and tlp-1.",DM DNA-binding domain; DMRT/protein doublesex/protein male abnormal 3,V,-,protein_coding,5227,0,1,0.0,0.1913,0,1,0,0,0,0,0,0,0,0
WBGene00196534,Y113G7A.18,none available,,V,+,ncRNA,148,0,1,0.0,6.7568,0,1,0,0,0,0,0,0,0,0
WBGene00013751,Y113G7A.14,none available,,V,-,protein_coding,2617,0,1,0.0,0.3821,0,1,0,0,0,0,0,0,0,0
WBGene00009848,F48F5.6,none available,,V,-,protein_coding,4915,0,1,0.0,0.2035,0,0,0,0,0,0,0,1,0,0
WBGene00012184,mnr-1,none available,Protein of unknown function DUF2181,V,+,protein_coding,5095,0,1,0.0,0.1963,0,0,0,0,0,0,0,1,0,0
WBGene00012850,Y44A6C.1,none available,,V,+,protein_coding,2953,1,0,0.3386,0.0,0,0,0,0,0,0,1,0,0,0
WBGene00004013,pha-4,"pha-4 encodes a FoxA transcription factor; during embryonic development, PHA-4 functions as an organ identity gene whose activity is necessary and sufficient for development of the pharynx/foregut; in addition, PHA-4 plays a key role in regulation of diet-restriction-induced longevity in adult animals; PHA-4 expression begins early in embryogenesis and is seen in pharyngeal and intestinal cells (foregut and midgut); PHA-4 is also expressed later in the developing somatic gonad.",Fork head domain; Winged helix-turn-helix DNA-binding domain,V,+,protein_coding,7266,1,0,0.1376,0.0,0,0,0,0,0,0,1,0,0,0
WBGene00022205,Y73B3A.3,none available,,X,-,pseudogene,10938,0,1,0.0,0.0914,0,0,0,0,0,0,0,1,0,0
WBGene00022211,Y73B3A.9,none available,,X,-,pseudogene,6884,0,1,0.0,0.1453,0,0,0,0,0,0,0,1,0,0
WBGene00015430,C04E7.3,none available,,X,-,protein_coding,12651,1,0,0.079,0.0,0,0,0,0,0,0,1,0,0,0
WBGene00045270,C04E7.5,none available,,X,+,protein_coding,2187,0,1,0.0,0.4572,0,0,0,0,0,0,0,1,0,0
WBGene00199585,ZK1193.9,none available,,X,+,ncRNA,133,0,1,0.0,7.5188,0,0,0,0,0,0,0,0,0,1
WBGene00200462,B0310.9,none available,,X,+,ncRNA,138,0,1,0.0,7.2464,0,0,0,0,0,0,0,1,0,0
WBGene00015139,B0310.3,none available,,X,-,protein_coding,10309,1,0,0.097,0.0,0,0,0,0,0,0,1,0,0,0
WBGene00002056,ifc-2,"ifc-2 encodes three isoforms of an intermediate filament protein dispensable for viability but required for normal movement, growth rate, body size, body shape, and cuticle strength; IFC-2 is present in the cytoplasm of intestinal cells, and at the desmosomes of intestinal and pharyngeal cells.",Intermediate filament protein; Lamin Tail Domain,X,-,protein_coding,12749,0,1,0.0,0.0784,0,0,0,0,0,0,0,1,0,0
WBGene00021185,Y9C12A.1,none available,Tumor protein p53-inducible protein 11,X,-,protein_coding,2331,0,1,0.0,0.429,0,0,0,0,0,0,0,1,0,0
WBGene00017184,ncam-1,none available,Fibronectin type III; Immunoglobulin I-set; Immunoglobulin subtype; Immunoglobulin subtype 2; Immunoglobulin-like domain; Immunoglobulin-like fold; Neural cell adhesion,X,+,protein_coding,11135,0,1,0.0,0.0898,0,0,0,0,0,0,0,1,0,0
WBGene00219645,linc-166,none available,,X,+,lincRNA,5143,0,1,0.0,0.1944,0,0,0,0,0,0,0,1,0,0
WBGene00017780,F25E2.2,none available,,X,-,protein_coding,3804,0,1,0.0,0.2629,0,0,0,1,0,0,0,0,0,0
WBGene00000958,dgk-1,"dgk-1 encodes an ortholog of mammalian diacylglycerol kinase theta (DGKQ); dgk-1 activity functions downstream in a serotonin signaling pathway that regulates locomotion and synaptic transmission; in addition, dgk-1 activity negatively regulates egg laying; dgk-1 genetically interacts with the goa-1 and egl-30 signaling pathways; a GFP::DGK-1 reporter fusion protein is expressed in the excretory canals and in most neurons, including the ventral cord neurons; in neurons, GFP::DGK-1 localizes to axons and cell bodies; when expressed ectopically in HEK293 cells, DGK-1 exhibits DAG kinase activity.","Diacylglycerol kinase, accessory domain; Diacylglycerol kinase, catalytic domain; Diacylglycerol/phorbol-ester binding; NAD kinase/diacylglycerol kinase-like domain; Protein kinase C-like, phorbol ester/diacylglycerol-binding domain; Ras-associating (RA) domain; Ubiquitin-related domain; Zinc finger, PHD-type",X,-,protein_coding,7554,1,0,0.1324,0.0,0,0,0,0,1,0,0,0,0,0
WBGene00006741,unc-1,"unc-1 encodes one of ten C. elegans stomatin-like proteins (SLPs) homologous to human erythrocyte surface protein band 7.2 (EPB72/Stomatin) (OMIM:133090; deficient in stomatocytosis); UNC-1 activity regulates electrical coupling between body wall muscles and is required in neurons for normal locomotion; unc-1 is also required for anesthetic sensitivity; an unc-1 promoter::DsRED2 fusion is expressed in body wall muscle, vulval muscle, anal-depressor muscle, stomatointestinal muscle, nearly all ventral cord motor neurons and the nerve ring; in neurons and body wall muscle, UNC-1 colocalizes with UNC-9, an innexin, at intercellular junctions; unc-24, which also encodes a stomatin homolog, is epistatic to unc-1 and required for UNC-1 localization in the nerve ring.",Band 7 domain; Protein Unc-1; Stomatin family,X,-,protein_coding,4967,1,0,0.2013,0.0,0,0,0,0,0,0,1,0,0,0
WBGene00002988,lim-6,"lim-6 encodes a LIM class homeodomain protein that contains two Zinc-finger-like LIM domains N-terminal to a predicted DNA-binding homeodomain; LIM-6 is predicted to function as a transcription factor whose activity is required for regulating uterine morphogenesis and specific aspects of terminal neuronal differentiation, including normal axonal morphology, full expression of UNC-25/glutamic acid decarboxylase in select GABAergic neurons, and repression of sensory receptor gene expression in the ASEL chemosensory neuron; LIM-6 is expressed in a group of nine chemosensory-, inter-, and motorneurons,  uterine toroid cells, spermathecal junction cells, and the binucleate excretory gland cell.","Homeobox domain; Homeobox domain-like; Zinc finger, LIM-type",X,+,protein_coding,7001,0,1,0.0,0.1428,0,0,0,0,0,0,0,1,0,0
WBGene00020490,tmc-1,"tmc-1 encodes a multipass transmembrane protein; TMC-1 functions specifically as a sodium-sensitive channel that is required for salt taste chemosensation in the ASH neurons and for high salt avoidance behavior; when expressed in other neurons, TMC-1 is sufficient to generate a salt response in vivo, and when expressed in mammalian cells, TMC-1 generates a predominantly cationic current activated by high extracellular sodium but not other cations or uncharged small molecules; tmc-1 is expressed in sensory neurons, including the ASH, ADF, ASE, ADL, AQR, PQR, URX, and PHA neurons and also at lower frequency in AWC, AFD, and BAG; in ASH, TMC-1 localizes to the cell soma as well as the sensory cilium.",TMC,X,+,protein_coding,14968,1,0,0.0668,0.0,0,0,0,0,0,0,1,0,0,0
WBGene00020489,hot-8,none available,Caenorhabditis elegans ly-6-related,X,+,protein_coding,7688,0,1,0.0,0.1301,0,0,0,0,0,0,0,1,0,0
WBGene00017670,F21E9.6,none available,,X,-,pseudogene,5930,0,1,0.0,0.1686,0,0,0,0,0,0,0,1,0,0
WBGene00018946,F56C3.9,none available,BTB/POZ domain; SKP1/BTB/POZ domain,X,-,protein_coding,2192,1,0,0.4562,0.0,0,0,0,0,0,0,1,0,0,0
WBGene00022731,ZK402.5,none available,SPK domain,X,-,protein_coding,2536,0,1,0.0,0.3943,0,1,0,0,0,0,0,0,0,0
WBGene00195186,F19G12.10,none available,,X,+,lincRNA,2799,1,0,0.3573,0.0,0,0,0,0,0,0,1,0,0,0
WBGene00016997,cebp-1,"cebp-1 encodes a bZip domain-containing protein that is a member of the CCAAT/enhancer-binding proteins (C/EBP) subfamily of bZip proteins; in C. elegans, CEBP-1 functions together with a DLK-1 signaling pathway to effect axon regeneration after laser axotomy in adult neurons; cebp-1 protein and mRNA are located in synapses and axons, and translation of axonal cebp-1 mRNA is upregulated via the DLK-1 signaling pathway in response to axonal injury.",,X,-,protein_coding,1174,0,1,0.0,0.8518,0,1,0,0,0,0,0,0,0,0
WBGene00017298,toca-1,none available,FCH domain; SH3 domain,X,-,protein_coding,11007,0,1,0.0,0.0909,0,1,0,0,0,0,0,0,0,0
WBGene00219711,anr-49,none available,,X,+,asRNA,4007,0,1,0.0,0.2496,0,0,0,0,0,0,0,0,0,0
WBGene00006955,wrt-9,"wrt-9 encodes a hedgehog-like protein, with an N-terminal signalsequence, a Wart domain, and a C-terminal region of proline-rich,low-complexity sequence; the Wart domain is predicted to form acysteine-crosslinked protein involved in intercellular signalling, andit has subtle similarity to the N-terminal Hedge domain of HEDGEHOGproteins; WRT-9 has no obvious function in RNAi assays.",,X,+,protein_coding,14684,1,0,0.0681,0.0,0,0,0,0,0,0,1,0,0,0
WBGene00015775,C14E2.6,none available,Alpha/Beta hydrolase fold; Fungal lipase-like domain,X,-,protein_coding,2300,1,0,0.4348,0.0,0,0,0,0,0,0,1,0,0,0
WBGene00018587,F48B9.1,none available,,X,+,protein_coding,4967,1,0,0.2013,0.0,0,0,0,0,0,0,1,0,0,0
WBGene00196676,T14F9.10,none available,,X,-,ncRNA,359,1,0,2.7855,0.0,0,0,0,0,0,0,1,0,0,0
WBGene00020135,aakg-4,aakg-4 encodes one of five C. elegans AMP kinase (AMPK) gamma regulatory subunits.,Aldolase-type TIM barrel; CBS domain,X,-,protein_coding,4445,1,0,0.225,0.0,0,0,0,0,0,0,0,0,0,0
WBGene00020134,T01B6.1,none available,Suppressor APC domain-containing protein 1/2,X,+,protein_coding,12960,1,0,0.0772,0.0,0,0,0,0,1,0,0,0,0,0
WBGene00001484,fox-1,"fox-1 encodes an RNA-binding protein of the RNA recognition motif (RRM) superfamily of ribonucleic acid binding proteins; during C. elegans development, FOX-1 functions redundantly with other numerator elements to effect proper dosage compensation in the early embryo; in influencing dosage compensation, FOX-1 likely acts via post-transcriptional regulation of xol-1 mRNA levels; in addition to its role in dosage compensation, fox-1 activity is also required for normal male mating behavior; Western analysis and lacZ reporter constructs indicate that FOX-1 is expressed throughout the life cycle, beginning at the 18-20-cell stage of embryogenesis and continuing on through larval stages and into adult hermaphrodites and males; while early embryonic expression of fox-1 is ubiquitous, postembryonic expression is limited to a subset of head and tail neurons.",RNA recognition motif domain,X,-,protein_coding,14777,1,0,0.0677,0.0,0,0,0,0,0,0,1,0,0,0
WBGene00199638,R04B3.6,none available,,X,+,ncRNA,149,0,1,0.0,6.7114,0,0,0,0,0,0,0,1,0,0
WBGene00019868,R04B3.3,none available,,X,-,protein_coding,2216,0,1,0.0,0.4513,0,1,0,0,0,0,0,0,0,0
WBGene00000004,aat-3,"aat-3 encodes an amino acid transporter catalytic subunit; when co-expressed in Xenopus oocytes with the ATG-2 glycoprotein subunit, AAT-3 is able to facilitate amino acid uptake and exchange, showing a relatively high affinity for small and some large neutral amino acids; in addition, AAT-3 is able to covalently associate with ATG-2 or ATG-1 to form heterodimers in the Xenopus expression system; when co-expressed with ATG-2, AAT-3 localizes to the cell surface of oocytes, but when expressed alone, or with ATG-1, AAT-3 localizes intracellularly.",Amino acid/polyamine transporter I,X,+,protein_coding,5477,1,0,0.1826,0.0,1,0,0,0,0,0,0,0,0,0
WBGene00003630,nhr-40,"nhr-40 encodes, by alternative splicing and promoters, three isoforms ofa nuclear hormone receptor specific to nematodes; NHR-40 is required fornormal development of bodywall muscles, and hence for normal movement;both nhr-40 promoters are active in body wall and pharygeal musclecells, as well as in some (perhaps non-overlapping) neurons of the headand ventral nerve cord; NHR-40 is a divergent ortholog of HNF4, with 17closely related paralogs in C. elegans belonging to the class 1,subgroup 8 of C. elegans NHRs with the P box sequence CNGCKT; nhr-40 ismost strongly transcribed in L2 larvae; nhr-40(RNAi), overexpression ofnhr-40 by heat shock, or the nhr-40(ok667) mutation all result indevelopmentally arrested embryos or larvae, with surviving larvae beingsmaller, abnormally bulging, and sluggish; nhr-40(RNAi) animals havedisorganized epithelial cells and missing body wall muscle cells;nhr-40(ok667) mutants are slow-moving and uncoordinated, frequentlyreversing direction or going in circles; transgenic expression of nhr-40cDNA in muscles rescues larval but not embryonic arrest.","Nuclear hormone receptor, ligand-binding domain; Zinc finger, NHR/GATA-type; Zinc finger, nuclear hormone receptor-type",X,+,protein_coding,12730,1,0,0.0786,0.0,0,0,0,0,0,0,1,0,0,0
WBGene00020160,igcm-3,"igcm-3 encodes protein containing an immunoglobulin-like domain; loss of igcm-3 activity via RNAi results in a moderate increase in fat content, suggesting that igcm-3 may play a role in regulating lipid metabolism.",Immunoglobulin-like domain; Immunoglobulin-like fold,X,-,protein_coding,7610,1,0,0.1314,0.0,0,0,0,0,0,0,1,0,0,0
WBGene00006496,cgef-1,"cgef-1 encodes a putative guanine nucleotide exchange factor (GEF) and positively regulates CDC-42 during asymmetric division in the embryo; cgef-1 also affects the localization of PAR proteins in the embryo; since cgef-1 mutants exhibit mild phenotypes, cgef-1 may function redundantly with other GEFs to regulate CDC-42 function; CGEF-1 expressed under germline regulatory control is enriched in the nucleoplasm and cell cortex and localizes to the cytoplasm.",Dbl homology (DH) domain; PH domain-like,X,+,protein_coding,27209,1,0,0.0368,0.0,0,0,0,0,0,0,1,0,0,0
WBGene00006055,ssr-2,none available,"P-loop containing nucleoside triphosphate hydrolase; Small GTP-binding protein domain; Small GTPase superfamily; Small GTPase superfamily, Ras type",X,-,protein_coding,4252,0,1,0.0,0.2352,0,0,0,0,0,0,0,1,0,0
WBGene00018743,F53B3.5,"F53B3.5 encodes a claudin homolog that may regulate ion channels; F53B3.5 is distantly similar to mammalian voltage-dependent calcium channel gamma subunits that are known or suspected to prevent epilepsy in vivo (e.g., stargazin; MGI:1316660); F53B3.5 has no obvious function in mass RNAi assays; claudins are integral membrane proteins with four transmembrane sequences that are found in mammalian tight junctions (TJs), induce TJs when transgenically expressed in cells normally lacking them, and can mediate the specific conductance of of specific ions (e.g., magnesium or calcium) through TJs while blocking the flow of water.",PMP-22/EMP/MP20/Claudin superfamily,X,-,protein_coding,6836,0,1,0.0,0.1463,0,1,0,0,0,0,0,0,0,0
WBGene00196294,Y41G9A.14,none available,,X,+,ncRNA,209,1,0,4.7847,0.0,0,0,0,0,0,0,1,0,0,0
WBGene00021530,Y41G9A.6,none available,,X,-,protein_coding,3292,1,0,0.3038,0.0,0,0,0,0,0,0,1,0,0,0
WBGene00198051,F52E4.12,none available,,X,+,ncRNA,130,0,1,0.0,7.6923,0,0,0,0,0,0,0,1,0,0
WBGene00015790,C15C7.4,none available,,X,+,protein_coding,1953,1,0,0.512,0.0,0,0,0,0,1,0,0,0,0,0
WBGene00002217,klp-4,"klp-4 encodes a kinesin-like motor protein paralogous to UNC-104 and KLP-6 and orthologous to Drosophila KHC-73 and the vertebrate KIF1A, KIF13B, and GAKIN motor proteins; as loss of KLP-4 function via RNA-mediated interference (RNAi) does not result in any abnormalities, the precise role of KLP-4 in C. elegans development and/or behavior is not yet known; based on sequence similarity, however, KLP-4 is predicted to play a role in neuronal development or function; a klp-4::gfp transcriptional reporter fusion is expressed in larvae and adults in the pharynx, intestine, and nervous system, including head and tail neurons, the nerve ring, and ventral nerve cord.",Forkhead-associated (FHA) domain; Kinesin motor domain; Kinesin-associated; Kinesin-like; Kinesin-like KIF1-type; P-loop containing nucleoside triphosphate hydrolase; SMAD/FHA domain,X,-,protein_coding,7282,0,1,0.0,0.1373,0,1,0,0,0,0,0,0,0,0
WBGene00199181,F28B4.7,none available,,X,-,ncRNA,264,1,0,3.7879,0.0,0,0,0,0,0,0,1,0,0,0
WBGene00022825,ZK816.1,none available,,X,+,protein_coding,9064,1,0,0.1103,0.0,0,0,0,0,0,0,1,0,0,0
WBGene00195727,ZK377.4,none available,,X,-,ncRNA,196,0,1,0.0,5.102,0,0,0,0,0,0,0,1,0,0
WBGene00006864,npr-16,npr-16 encodes a G protein-coupled receptor that is most similar to the mammalian somatostatin receptors; npr-16 was first identified in molecular analyses of gene products linked to the vitellogenin (vit) loci on the X chromosome; npr-16 mRNA is expressed weakly in adult hermaphrodites.,"G protein-coupled receptor, rhodopsin-like",X,+,protein_coding,13069,0,1,0.0,0.0765,0,0,0,0,0,0,0,1,0,0
WBGene00004350,rgs-7,"rgs-7 encodes three isoforms of an atypical regulator of G protein signaling (RGS) protein that contains both a C2 and an RGS domain, and that binds EGL-30 via both domains, similar in organization to mammalian PDZ-RGS3; the RGS domain has GTPase activator protein (GAP) activity in vitro on mammalian G[alphai]3; RGS-7 thus may stably bind EGL-30 at all stages of EGL-30's GTPase cycle, might organize EGL-30 into a stable multiprotein signalling complex (with GTP[gamma]S), and might persistently inhibit EGL-30 when triggered by calcium or phospholipids; rgs-7 has no obvious function in mass RNAi assays","C2 domain; RGS domain; RGS, subdomain 1",X,+,protein_coding,15242,1,0,0.0656,0.0,0,0,1,0,0,0,0,0,0,0
WBGene00018537,F47B7.6,none available,,X,-,pseudogene,915,0,1,0.0,1.0929,0,1,0,0,0,0,0,0,0,0
WBGene00199627,K03C7.10,none available,,X,+,ncRNA,231,0,1,0.0,4.329,0,0,0,0,0,0,0,1,0,0
WBGene00018569,F47F2.1,none available,"AGC-kinase, C-terminal; Protein kinase domain; Protein kinase-like domain",X,+,protein_coding,14779,1,0,0.0677,0.0,0,0,0,0,0,0,1,0,0,0
WBGene00200744,T22B2.11,none available,,X,-,ncRNA,148,1,0,6.7568,0.0,0,0,0,0,0,0,1,0,0,0
WBGene00022745,ZK470.2,none available,,X,+,protein_coding,12690,1,0,0.0788,0.0,1,0,0,0,0,0,0,0,0,0
WBGene00196704,C52B9.15,none available,,X,-,ncRNA,211,0,1,0.0,4.7393,0,0,0,0,0,0,0,1,0,0
WBGene00005008,spr-3,none available,,X,+,protein_coding,2803,1,0,0.3568,0.0,1,0,0,0,0,0,0,0,0,0
WBGene00219805,C07A12.19,none available,,X,+,ncRNA,127,0,1,0.0,7.874,0,1,0,0,0,0,0,0,0,0
WBGene00002044,hyl-2,"hyl-2 encodes a predicted transmembrane protein orthologous to Saccharomyces cerevisiae Lag1p (longevity assurance gene), a protein preferentially expressed in young yeasts; by homology, HYL-2 is predicted to have several possible functions, including regulation of lipid, particularly ceramide, biosynthesis, regulation of lipid transport, and regulation of protein translocation in the endoplasmic reticulum ; however, as loss of hyl-2 activity via RNA-mediated interference (RNAi) does not result in any obvious abnormalities, the precise role of hyl-2 in C. elegans development and/or behavior is not yet known.",Ceramide synthase component Lag1/Lac1; TRAM/LAG1/CLN8 homology domain,X,-,protein_coding,2708,0,1,0.0,0.3693,0,1,0,0,0,0,0,0,0,0
WBGene00000176,aqp-8,"aqp-8 encodes, by alternative splicing, two isoforms of a putative aquaglyceroporin with no known substrate, since AQP-8 expressed in Xenopus oocytes has no effect on water, glycerol, or urea permeability; loss of AQP-8 activity via mutation or RNAi results in no obvious defects; however, AQP-8, in conjunction with AQP-2, AQP-3, and AQP-4, is weakly required for recovery from hypotonic stress; AQP-8 is expressed in the excretory cell.",Aquaporin-like; Major intrinsic protein,X,-,protein_coding,2811,0,1,0.0,0.3557,0,1,0,0,0,0,0,0,0,0
WBGene00020324,T07F12.4,none available,Protein kinase domain; Protein kinase-like domain,X,-,protein_coding,4218,1,0,0.2371,0.0,0,0,0,0,0,0,1,0,0,0
WBGene00196140,T07F12.6,none available,,X,-,ncRNA,146,1,0,6.8493,0.0,0,0,0,0,0,0,1,0,0,0
WBGene00022501,ZC8.6,none available,"Phosphatidylinositol 3-/4-kinase, catalytic domain",X,-,protein_coding,25084,0,1,0.0,0.0399,0,0,0,0,0,0,0,1,0,0
WBGene00022614,ZC449.4,none available,,X,-,protein_coding,5831,0,1,0.0,0.1715,0,0,0,1,0,0,0,0,0,0
WBGene00016067,clc-7,"C24H10.1 encodes a claudin homolog that may be required for normal cohesion of apical junctions in epithelia; C24H10.1 is worm-specific, with obvious homologs only in C. elegans; C24H10.1 has no obvious function in mass RNAi assays; claudins are integral membrane proteins with four transmembrane sequences that are found in mammalian tight junctions (TJs), induce TJs when transgenically expressed in cells normally lacking them, and can mediate the specific conductance of of specific ions (e.g., magnesium or calcium) through TJs while blocking the flow of water.",Clc protein-like,X,+,protein_coding,6352,0,1,0.0,0.1574,0,0,0,0,0,0,0,1,0,0
WBGene00016292,tbc-7,none available,Rab-GTPase-TBC domain; TLDc domain,X,+,protein_coding,12465,1,0,0.0802,0.0,0,0,0,0,0,0,1,0,0,0
WBGene00197582,T03G11.17,none available,,X,+,ncRNA,285,0,1,0.0,3.5088,0,0,0,0,0,0,0,1,0,0
WBGene00200665,Y34B4A.16,none available,,X,-,ncRNA,215,0,1,0.0,4.6512,0,0,0,0,0,0,0,1,0,0
WBGene00003990,pfn-2,none available,Profilin,X,-,protein_coding,970,0,1,0.0,1.0309,0,1,0,0,0,0,0,0,0,0
WBGene00016559,C41A3.2,none available,,X,-,protein_coding,7789,0,1,0.0,0.1284,0,0,0,0,0,0,0,1,0,0
WBGene00044623,bus-8B,"bus-8 encodes a glycosyltransferase related to mannosyltransferases that play a role in protein N-linked glycosylation ; bus-8 is required for colonization by Microbacterium nematophilum and the tail-swelling response to M. nematophilum infection; bus-8 is also essential for enclosure during embryonic morphogenesis, functioning in or with ephrin-mediated signaling to effect the proper neuroblast organization that facilitates epidermal migration; bus-8 is also required for cuticle integrity, normal cuticle antigens, completely normal traction during movement, and viability; a BUS-8::GFP fusion protein is detected during embryonic morphogenesis in cells underlying the ventral epidermis (possibly neuroblasts), subsequent expression is then restricted to the hypodermal seam cells which continues throughout postembryonic development.","Glycosyl transferase, family 1; Glycosyltransferase subfamily 4-like, N-terminal domain",X,+,protein_coding,2661,1,0,0.3758,0.0,1,0,0,0,0,0,0,0,0,0
WBGene00020735,T23F2.2,none available,,X,-,protein_coding,9264,0,1,0.0,0.1079,0,1,0,0,0,0,0,0,0,0
WBGene00200828,F13D11.17,none available,,X,-,ncRNA,239,1,0,4.1841,0.0,0,0,0,0,0,0,1,0,0,0
WBGene00006424,ctbp-1,tag-45 encodes a D-isomer specific 2-hydroxyacid dehydrogenase.,"D-isomer specific 2-hydroxyacid dehydrogenase, NAD-binding domain; D-isomer specific 2-hydroxyacid dehydrogenase, catalytic domain; NAD(P)-binding domain; Zinc finger, C2CH-type",X,+,protein_coding,10640,1,0,0.094,0.0,0,0,0,0,0,0,1,0,0,0
WBGene00002190,kin-2,"kin-2 encodes a predicted regulatory subunit of a cAMP-dependent protein kinase that may act downstream of, or in parallel to, ric-8.","Cyclic nucleotide-binding domain; Cyclic nucleotide-binding-like; RmlC-like jelly roll fold; cAMP-dependent protein kinase regulatory subunit; cAMP-dependent protein kinase regulatory subunit, dimerization-anchoring domain",X,-,protein_coding,7208,0,1,0.0,0.1387,0,1,0,0,0,0,0,0,0,0
WBGene00016661,C45B2.6,none available,Acyl transferase/acyl hydrolase/lysophospholipase; Ankyrin repeat; Ankyrin repeat-containing domain; Patatin-like phospholipase domain,X,+,protein_coding,4437,1,0,0.2254,0.0,1,0,0,0,0,0,0,0,0,0
WBGene00001587,lgc-58,"ggr-2 encodes a predicted member of the GABA/ glycine receptor family of ligand-gated chloride channels that affects thermotaxis; expressed in neurons that include SMDV, SMDD, SIAV, CAN, HSN, DD, and is weakly expressed in the egg-laying muscles.",Gamma-aminobutyric acid A receptor/Glycine receptor alpha; Neurotransmitter-gated ion-channel; Neurotransmitter-gated ion-channel ligand-binding domain; Neurotransmitter-gated ion-channel transmembrane domain,X,+,protein_coding,6373,1,0,0.1569,0.0,1,0,0,0,0,0,0,0,0,0
WBGene00201756,C34H3.22,none available,,X,+,ncRNA,147,0,1,0.0,6.8027,0,0,0,0,0,0,0,1,0,0
WBGene00000739,col-166,none available,"Collagen triple helix repeat; Nematode cuticle collagen, N-terminal",X,+,protein_coding,906,1,0,1.1038,0.0,1,0,0,0,0,0,0,0,0,0
WBGene00003394,mom-1,"mom-1 encodes a putative O-acyltransferase orthologous to Drosophila PORCUPINE and human PORCN (OMIM:300651, mutated in focal dermal hypoplasia); MOM-1 functions as part of a Wnt/MAPK signaling pathway required maternally for endoderm induction in the early embryo; by orthology, MOM-1 is predicted to be a membrane-spanning endoplasmic reticulum protein that stimulates post-translational processing of Wnt signaling molecules such as MOM-2; embryonic mosaic analysis indicates that MOM-1 activity is required in the signaling cell, P2, for proper specification of endoderm, consistent with its predicted role in processing MOM-2/Wnt.","Membrane bound O-acyl transferase, MBOAT",X,+,protein_coding,5194,0,1,0.0,0.1925,0,0,0,0,0,0,0,1,0,0
WBGene00000740,col-167,none available,"Collagen triple helix repeat; Nematode cuticle collagen, N-terminal",X,+,protein_coding,906,1,0,1.1038,0.0,1,0,0,0,0,0,0,0,0,0
WBGene00000741,col-168,none available,"Collagen triple helix repeat; Nematode cuticle collagen, N-terminal",X,+,protein_coding,906,1,0,1.1038,0.0,1,0,0,0,0,0,0,0,0,0
WBGene00000743,col-170,none available,"Collagen triple helix repeat; Nematode cuticle collagen, N-terminal",X,+,protein_coding,903,1,0,1.1074,0.0,1,0,0,0,0,0,0,0,0,0
WBGene00019617,ctsa-2,none available,"Alpha/Beta hydrolase fold; Peptidase S10, serine carboxypeptidase",X,-,protein_coding,9575,1,0,0.1044,0.0,0,0,1,0,0,0,0,0,0,0
WBGene00019844,abts-4,"abts-4 encodes an anion transporter; ABTS-4::GFP fusion proteins are expressed solely in the intestine, with highest levels seen in the most anterior and posterior gut cells and subcellular localization restricted to the basolateral membrane.","Band 3 cytoplasmic domain; Bicarbonate transporter, C-terminal; Bicarbonate transporter, eukaryotic; Phosphotransferase/anion transporter",X,-,protein_coding,14443,0,1,0.0,0.0692,0,0,0,0,0,0,0,1,0,0
WBGene00202147,F41C6.14,none available,,X,-,ncRNA,149,0,1,0.0,6.7114,0,1,0,0,0,0,0,0,0,0
WBGene00006746,unc-6,"unc-6 encodes a netrin orthologous to the human and mouse netrin-1 precursor proteins; UNC-6 functions as a guidance molecule that regulates circumferential axon migrations as well as migration of mesodermal cells, such as the gonadal distal tip cell, along the dorsoventral axis; in addition, UNC-6 mediates anchor cell (AC) invasion by regulating localization of the UNC-40 netrin receptor to the invasive plasma membrane of the AC, allowing for subsequent formation of an invasive membrane domain; a secreted molecule, UNC-6 is first expressed during embryogenesis in ventral epidermoblasts; additional expression is seen in neurons and sheath cells; UNC-6 is involved in both attractive and repulsive interactions mediated by the UNC-40 and UNC-5 netrin receptors, respectively.","Laminin EGF domain; Laminin, N-terminal; Netrin module, non-TIMP type; Tissue inhibitor of metalloproteinases-like, OB-fold",X,+,protein_coding,7474,0,1,0.0,0.1338,0,0,0,0,0,0,0,1,0,0
WBGene00003732,nhx-4,"nhx-4 encodes two isoforms of a sodium/proton exchanger expressed in the plasma membrane of nearly all cells and cell types; in polarized epithelial cells, NHX-4::GFP appears specifically located in the basolateral membrane, like human SLC9A1 ('NHE1'; OMIM:107310); nhx-4 has no reported mutant or RNAi phenotype, but, given its ubiquitous expression, may represent a housekeeping exchanger generally required for cellular viability; transgenic NHX-4A, when expressed in cell culture, mediates Na[+]-dependent pH recovery after intracellular acidification, independently of extracellular Cl[-].","Cation/H+ exchanger; Cation/H+ exchanger, CPA1 family; Na+/H+ exchanger",X,+,protein_coding,6848,1,0,0.146,0.0,0,0,0,0,0,0,1,0,0,0
WBGene00002123,inx-1,inx-1 encodes a predicted member of the innexin family; expressed in 4-6 anterior neurons.,Innexin,X,-,protein_coding,12665,0,1,0.0,0.079,0,0,0,0,0,0,0,1,0,0
WBGene00199758,F43E12.5,none available,,X,+,ncRNA,134,1,0,7.4627,0.0,0,0,0,0,0,0,1,0,0,0
WBGene00018523,lact-1,lact-1 encodes a beta-lactamase domain-containing protein.,Beta-lactamase-related; Beta-lactamase/transpeptidase-like,X,-,protein_coding,2262,1,0,0.4421,0.0,0,0,0,0,0,0,1,0,0,0
WBGene00006750,unc-10,"unc-10 encodes a protein with zinc-finger, Q/N-rich, PDZ, and C2 domains that is homologous to vertebrate Rim1, a presynaptic protein which binds, and effects the activity of, synaptic vesicle-associated GTP-Rab3; UNC-10 is required for normal locomotion and synaptic transmission, and localizes to a subdomain of presynaptic termini, where it probably acts to regulate the priming step of presynaptic vesicle fusion by promoting conformational changes in syntaxin.","C2 domain; PDZ domain; Zinc finger, FYVE/PHD-type; Zinc finger, RING/FYVE/PHD-type",X,-,protein_coding,8006,0,1,0.0,0.1249,0,1,0,0,0,0,0,0,0,0
WBGene00196275,K08A8.7,none available,,X,+,ncRNA,214,0,1,0.0,4.6729,0,1,0,0,0,0,0,0,0,0
WBGene00000438,ceh-14,"ceh-14 encodes a LIM homeodomain protein orthologous to Drosophila Lim3 and the vertebrate Lhx3 and Lhx4 proteins; ceh-14 is required for specification of the AFD thermosensory neurons and for normal thermotactic behavior; a ceh-14::GFP reporter fusion is expressed in head and tail neurons, including the AFD thermosensory neurons, during late embryonic, larval, and adult stages.  Animals triply mutant for the LIM homeobox genes ceh-14, lin-11, and ttx-3 which are required for function of the AFD, AIZ, and AIY neurons, respectively, exhibit a basic cryophilic thermotaxis response suggesting that, in C. elegans, there is more than one pathway for integration of thermosensory input.","Homeobox domain; Homeobox domain-like; Zinc finger, LIM-type",X,-,protein_coding,4964,0,1,0.0,0.2015,0,0,0,0,0,1,0,0,0,0
WBGene00019847,R03G5.6,none available,,X,-,protein_coding,11301,1,0,0.0885,0.0,0,0,0,0,0,0,1,0,0,0
WBGene00001169,eef-1A.2,"eef-1A.2 encodes a translation elongation factor 1-alpha homolog that is required for embryonic viability, fertility, and a normal postembryonic growth rate; eef-1A.2 encodes at least one alternatively spliced coding sequence identical to that of eef-1A.1.","P-loop containing nucleoside triphosphate hydrolase; Transcription factor, GTP-binding domain; Translation elongation factor EF1A, eukaryotic/archaeal; Translation elongation factor EF1A/initiation factor IF2gamma, C-terminal; Translation elongation factor EFTu-like, domain 2; Translation elongation factor EFTu/EF1A, C-terminal; Translation protein, beta-barrel domain",X,+,protein_coding,2116,1,0,0.4726,0.0,1,0,0,0,0,0,0,0,0,0
WBGene00006310,sul-3,"sul-3 is orthologous to the human gene ARYLSULFATASE B (ARSB; OMIM:253200), which when mutated leads to mucopolysaccharidosis type VI.","Alkaline phosphatase-like, alpha/beta/alpha; Alkaline-phosphatase-like, core domain; Sulfatase, N-terminal",X,-,protein_coding,7133,0,1,0.0,0.1402,0,0,0,1,0,0,0,0,0,0
WBGene00006962,xol-1,"xol-1 encodes an acidic protein structurally related to members of the GHMP(galactokinase, homoserine kinase, mevalonate kinase, and phosphomevalonate kinase) family of small molecule metabolic kinases; during early development, xol-1, the master sex-determination switch gene that is a direct molecular target of the X chromosome to autosome signal, functions to specify male sexual fate and the activation state of the dosage compensation machinery (inactive in males); in XX hermaphrodites, xol-1 expression is repressed, while in males, xol-1 expression is elevated; the T-box transcription factor SEA-1 positively regulates xol-1 transcription, while the CEH-39 ONECUT homeodomain protein and SEX-1 nuclear receptor repress xol-1 transcription; two 10-bp motifs shown to be strong binding locations of two components of the dosage compensation machinery, DPY-27 and SDC-3, are found upstream of xol-1; xol-1 expression is also regulated on the posttranscriptional level by the RNA-binding protein FOX-1, which inhibits splicing of the last intron in the xol-1 pre-mRNA.","GHMP kinase, C-terminal domain; Ribosomal protein S5 domain 2-type fold; Ribosomal protein S5 domain 2-type fold, subgroup; Switch protein XOL-1, GHMP-like; Switch protein XOL-1, N-terminal",X,+,protein_coding,3097,1,0,0.3229,0.0,0,0,0,0,0,0,1,0,0,0
WBGene00019493,catp-5,none available,"HAD-like domain; P-type ATPase; P-type ATPase, A  domain; P-type ATPase, cytoplasmic domain N; P-type ATPase, subfamily  V",X,-,protein_coding,9079,1,0,0.1101,0.0,0,0,0,0,0,0,1,0,0,0
WBGene00202218,M60.14,none available,,X,+,ncRNA,127,1,0,7.874,0.0,0,0,0,0,0,0,1,0,0,0
WBGene00019780,M60.4,none available,,X,-,protein_coding,4064,1,0,0.2461,0.0,0,0,0,0,0,0,1,0,0,0
WBGene00019148,H03E18.1,none available,PAN/Apple domain,X,+,protein_coding,6261,0,1,0.0,0.1597,0,0,0,0,0,0,0,1,0,0
WBGene00019149,H03E18.2,none available,,X,-,protein_coding,6420,1,0,0.1558,0.0,1,0,0,0,0,0,0,0,0,0
WBGene00015391,sdha-1,"sdha-1 is orthologous to the human gene SUCCINATE DEHYDROGENASE COMPLEX, SUBUNIT A, FLAVOPROTEIN (SDHA; OMIM:600857), which when mutated leads to complex II mitochondrial respiratory chain deficiency presenting as Leigh syndrome.","FAD-dependent oxidoreductase 2, FAD binding domain; FAD/NAD(P)-binding domain; Fumarate reductase/succinate dehydrogenase flavoprotein-like, C-terminal; Succinate dehydrogenase, flavoprotein subunit; Succinate dehydrogenase/fumarate reductase flavoprotein, catalytic domain; Succinate dehydrogenase/fumarate reductase, flavoprotein subunit",X,-,protein_coding,3265,0,1,0.0,0.3063,0,1,0,0,0,0,0,0,0,0
WBGene00004369,rig-1,none available,Fibronectin type III; Immunoglobulin I-set; Immunoglobulin subtype; Immunoglobulin subtype 2; Immunoglobulin-like domain; Immunoglobulin-like fold,X,+,protein_coding,11209,1,0,0.0892,0.0,0,0,0,0,0,0,1,0,0,0
WBGene00019871,R04E5.8,none available,,X,-,protein_coding,4563,0,1,0.0,0.2192,0,1,0,0,0,0,0,0,0,0
WBGene00195497,C48C5.4,none available,,X,+,ncRNA,126,0,1,0.0,7.9365,0,0,0,0,0,0,0,1,0,0
WBGene00195313,F47E1.8,none available,,X,-,ncRNA,104,1,0,9.6154,0.0,0,0,0,0,0,0,1,0,0,0
WBGene00196378,F47E1.10,none available,,X,+,ncRNA,54,0,1,0.0,18.5185,0,0,0,0,0,0,0,1,0,0
WBGene00044788,ttr-38,none available,Transthyretin-like,X,-,protein_coding,1983,1,0,0.5043,0.0,0,0,0,0,0,0,1,0,0,0
WBGene00001516,gap-2,"gap-2 encodes a Ras GTPase-activating protein (RasGAP) that is orthologous to mammalian nGAP and synGAP (OMIM:606136, OMIM:603384, synGAP is essential for postnatal survival and neuronal development); by homology, GAP-2 is predicted to function as a negative regulator of Ras signaling by enhancing the intrinsically weak Ras GTPase activity; gap-2 loss-of-function mutations partially suppress the larval lethality of let-23 and let-60 loss-of-function mutations, supporting a role for gap-2 in negative regulation of Ras signaling in vivo; gap-2 can encode at least eight different isoforms that appear to be expressed in a wide variety of tissues including the vulva, gonad, pharynx, neurons, and blast/rectal cells of the tail.",C2 domain; PH domain-like; Pleckstrin homology domain; Ras GTPase-activating protein; Rho GTPase activation protein,X,+,protein_coding,43985,1,0,0.0227,0.0,0,0,0,0,0,0,1,0,0,0
WBGene00200846,F19C6.11,none available,,X,-,ncRNA,172,1,0,5.814,0.0,0,0,0,0,0,0,1,0,0,0
WBGene00007397,C07A4.2,none available,"CAP domain; Cysteine-rich  secretory protein, allergen V5/Tpx-1-related",X,+,protein_coding,1982,1,0,0.5045,0.0,0,0,1,0,0,0,0,0,0,0
WBGene00006870,vab-3,"vab-3 encodes a homeodomain protein that is the C. elegans Pax-6 orthologue; during development, vab-3 activity is required for proper patterning of anterior (head) hypodermal cells; vab-3 effects head development, in part, through positively regulating transcription of ceh-32, a Six/sine oculis class homeobox gene coexpressed with vab-3 in head hypodermis; vab-3 is also required for epidermal morphogenesis, epidermal cell fates, gonad cell migration and the development of sensory structures in the male tail; multiple genetic pathways including the Wnt signalling pathway and the homeobox gene, egl-5, regulate the expression of vab-3.",Homeobox domain; Homeobox domain-like; Paired domain; Winged helix-turn-helix DNA-binding domain,X,+,protein_coding,19691,1,0,0.0508,0.0,1,0,0,0,0,0,0,0,0,0
WBGene00201375,C05A9.7,none available,,X,+,ncRNA,149,1,0,6.7114,0.0,1,0,0,0,0,0,0,0,0,0
WBGene00006896,ver-3,none available,"Immunoglobulin subtype; Immunoglobulin subtype 2; Immunoglobulin-like domain; Immunoglobulin-like fold; Protein kinase-like domain; Serine-threonine/tyrosine-protein kinase, catalytic domain; Tyrosine-protein kinase, catalytic domain",X,+,protein_coding,5375,1,0,0.186,0.0,0,0,0,0,1,0,0,0,0,0
WBGene00002261,ldb-1,"ldb-1 encodes an Ldb/NLI/Clim member of the nuclear LIM binding protein family that affects coordinated locomotion, vulval development, mechanosensation, and growth of larvae and is required for transcriptional activation of mec-2; can interact with MEC-3 to activate transcription using yeast two-hybrid assays and is expressed in all neurons, vulval cells, gonadal sheath cells, and in some body muscle cells.",LIM-domain binding protein/SEUSS,X,+,protein_coding,11696,0,1,0.0,0.0855,0,0,0,0,0,0,0,1,0,0
WBGene00200390,R08B4.12,none available,,X,+,ncRNA,150,0,1,0.0,6.6667,0,0,0,0,0,0,0,1,0,0
WBGene00044135,F08G12.11,none available,,X,-,protein_coding,2188,0,1,0.0,0.457,0,0,0,0,0,0,0,1,0,0
WBGene00001490,frm-3,none available,"Band 4.1 domain; Dbl homology (DH) domain; Ezrin/radixin/moesin-like; FERM adjacent (FA); FERM central domain; FERM, C-terminal PH-like domain; FERM, N-terminal; FERM/acyl-CoA-binding protein, 3-helical bundle; PH domain-like; Pleckstrin homology domain; Ubiquitin-related domain",X,+,protein_coding,12622,0,1,0.0,0.0792,0,0,0,0,0,0,0,1,0,0
WBGene00200110,F52D10.11,none available,,X,+,ncRNA,149,1,0,6.7114,0.0,0,0,0,0,0,0,1,0,0,0
WBGene00007935,C34E11.2,none available,"SMAD domain, Dwarfin-type; SMAD domain-like; SMAD/FHA domain",X,-,protein_coding,9391,0,1,0.0,0.1065,0,0,0,0,0,0,0,1,0,0
WBGene00201867,C15A7.7,none available,,X,-,ncRNA,146,1,0,6.8493,0.0,0,0,0,0,0,0,1,0,0,0
WBGene00012226,W03G11.4,none available,,X,-,protein_coding,16663,1,0,0.06,0.0,0,0,0,0,0,0,1,0,0,0
WBGene00196663,W03G11.10,none available,,X,-,ncRNA,206,0,1,0.0,4.8544,0,0,0,0,0,0,0,1,0,0
WBGene00011361,lyst-1,"T01H10.8 encodes a BEACH domain-containing protein that is orthologous to the mammalian lysosomal trafficking regulator LYST which when mutated leads to Chediak-Higashi syndrome (CHS, OMIM:606897).",BEACH domain,X,-,protein_coding,13008,0,1,0.0,0.0769,0,1,0,0,0,0,0,0,0,0
WBGene00196672,F57G12.4,none available,,X,-,ncRNA,150,1,0,6.6667,0.0,0,0,0,0,0,0,1,0,0,0
WBGene00008961,F19H6.6,none available,,X,+,protein_coding,2301,0,1,0.0,0.4346,0,0,0,1,0,0,0,0,0,0
WBGene00000082,adt-1,The adt-1 gene encodes a metalloproteinase with disintegrin-like and metalloproteinase with thrombospondin type I motifs (ADAMTS) that is required for male tail morphogenesis.,"Metallopeptidase, catalytic domain; Peptidase M12B, ADAM/reprolysin; Peptidase M12B, propeptide; Thrombospondin type-1 (TSP1) repeat",X,+,protein_coding,10448,1,0,0.0957,0.0,0,0,0,0,0,0,0,0,0,0
WBGene00004345,rgs-2,"rgs-2 encodes a regulator of G protein signaling; by homology, RGS-2 is predicted to function as a GTPase-activating protein for heterotrimeric G-protein alpha-subunits, and in vitro RGS-2 can stimulate the GTPase activity of purified GOA-1; in vivo, rgs-2 appears to function redundantly with rgs-1 to regulate egg-laying behavior when animals are refed following starvation; rgs-2 is expressed in pharyngeal and uterine muscles and in a subset of neurons, including neurons in the ventral cord and head- and tail-ganglia.","RGS domain; RGS, subdomain 1",X,+,protein_coding,15739,1,0,0.0635,0.0,0,0,0,0,0,0,1,0,0,0
WBGene00196086,F16H9.4,none available,,X,-,ncRNA,241,0,1,0.0,4.1494,0,0,0,0,0,0,0,1,0,0
WBGene00008901,nhr-27,none available,"Nuclear hormone receptor, ligand-binding domain; Zinc finger, NHR/GATA-type; Zinc finger, nuclear hormone receptor-type",X,-,protein_coding,102756,0,1,0.0,0.0097,0,0,0,0,0,0,0,1,0,0
WBGene00011938,alh-13,none available,Aldehyde dehydrogenase N-terminal domain; Aldehyde dehydrogenase domain; Aldehyde/histidinol dehydrogenase; Aspartate/glutamate/uridylate kinase; Delta l-pyrroline-5-carboxylate synthetase; GPR domain; Glutamate 5-kinase/delta-1-pyrroline-5-carboxylate synthase; Glutamate/acetylglutamate kinase,X,+,protein_coding,4754,1,0,0.2103,0.0,0,0,0,0,0,0,1,0,0,0
WBGene00004108,pqn-18,"The protein product of this gene is predicted to contain a glutamine/asparagine (Q/N)-rich ('prion') domain, by the algorithm of Michelitsch and Weissman (as of the WS77 release of WormBase, i.e., in wormpep77).",,X,+,protein_coding,12429,1,0,0.0805,0.0,0,0,0,0,0,0,1,0,0,0
WBGene00010519,K03A11.1,none available,,X,+,protein_coding,3731,1,0,0.268,0.0,1,0,0,0,0,0,0,0,0,0
WBGene00164968,K08H2.10,none available,,X,+,protein_coding,3260,1,0,0.3067,0.0,0,0,0,0,0,0,1,0,0,0
WBGene00201893,F15A2.14,none available,,X,+,ncRNA,309,0,1,0.0,3.2362,0,0,0,0,0,0,0,1,0,0
WBGene00198881,C40C9.13,none available,,X,+,ncRNA,130,1,0,7.6923,0.0,0,0,0,0,0,0,1,0,0,0
WBGene00195496,C40C9.8,none available,,X,+,ncRNA,126,0,1,0.0,7.9365,0,0,0,0,0,0,0,0,0,0
WBGene00007287,gck-4,none available,Polo kinase kinase; Protein kinase domain; Protein kinase-like domain,X,+,protein_coding,5149,1,0,0.1942,0.0,0,0,0,0,1,0,0,0,0,0
WBGene00198046,F19D8.10,none available,,X,-,ncRNA,217,0,1,0.0,4.6083,0,0,0,0,0,0,0,0,0,0
WBGene00011904,hlb-1,"hlb-1 encodes the C. elegans ortholog of human beta-liprin, a coiled-coil domain-containing protein that interacts with alpha-liprin, a transmembrane protein-tyrosine phosphatase-interacting protein; hlb-1 functions cell non-autonomously in the organization and proper function of neuromuscular junctions and hence, is also required for wild type locomotory behavior; an hlb-1 reporter fusion construct directs expression in pharyngeal and body wall muscles, and in regions adjacent to the dorsal and ventral nerve cords; expression in the pharynx is particularly strong in the posterior bulb.","LAR-interacting protein, Liprin; Liprin-beta; Sterile alpha motif domain; Sterile alpha motif/pointed domain",X,-,protein_coding,17707,0,1,0.0,0.0565,0,0,0,0,0,0,0,1,0,0
WBGene00198154,C04C11.12,none available,,X,+,ncRNA,188,0,1,0.0,5.3191,0,0,0,0,0,0,0,1,0,0
WBGene00004191,prx-1,"prx-1 encodes a predicted peroxin, a subfamily 2 member of the AAA (ATPases Associated with diverse cellular Activities) family that affects growth in one large-scale RNAi screen; expressed in intestinal cells throughout development.","AAA+ ATPase domain; ATPase, AAA-type, core; CDC48 domain 2-like; P-loop containing nucleoside triphosphate hydrolase; Peroxisome biogenesis factor 1; Peroxisome biogenesis factor 1, N-terminal, psi beta-barrel fold",X,+,protein_coding,12800,0,1,0.0,0.0781,0,0,0,0,0,0,0,1,0,0
WBGene00010570,K04G11.1,none available,,X,+,protein_coding,342,1,0,2.924,0.0,1,0,0,0,0,0,0,0,0,0
WBGene00004764,sel-7,"sel-7 encodes a novel protein with two predicted PEST sequences that is conserved in the related nematode C. briggsae and several parasitic nematodes, but has no known homologs in other organisms; sel-7 was identified in screens for suppressors of dominant lin-12 mutations that result in vulvaless and egg-laying defective animals; although loss of SEL-7 function via mutation or RNAi results in no obvious defects in a wild-type background, genetic studies suggests that SEL-7 acts downstream of LIN-12/Notch to positively regulate LIN-12 signaling, perhaps by regulating the activity or formation of the LAG-1, LIN-12(intra), SEL-8 nuclear complex; in vitro, SEL-7 self-associates and also interacts with TIR-1 (F13B10.1B), a protein that contains sterile alpha and Toll interleukin receptor motifs, and MDT-29 (K08E3.8), a glutamine-rich protein similar to mediator complex subunits, however the functional significance of these interactions is not yet known; a SEL-7::GFP translational fusion reveals expression in the nuclei of several cell types, including vulval precursor cells and those of the developing gonad.",,X,-,protein_coding,7744,1,0,0.1291,0.0,0,0,0,0,0,0,1,0,0,0
WBGene00003602,nhr-3,nhr-3 encodes a member of the superfamily of nuclear receptors which is one of the most abundant class of transcriptional regulators; nuclear receptors have a well conserved DNA binding domain and a less conserved C-terminal ligand binding domain; nhr-3 has been identified and characterised as a gene affected by ethanol exposure in a microarray analysis of all C. elegans ORFs.,"Nuclear hormone receptor, ligand-binding domain; Zinc finger, NHR/GATA-type; Zinc finger, nuclear hormone receptor-type",X,+,protein_coding,2929,1,0,0.3414,0.0,0,0,0,0,0,0,0,0,0,0
WBGene00002282,let-4,"let-4 encodes an extracellular leucine-rich repeat only protein; let-4 was originally identified in a screen for essential genes, and let-4 mutants exhibit early larval lethality; let-4 is required for organization of the apical extracellular matrix, and is involved in excretory cell canal morphology and renal function as mutants exhibit excretory canal cysts and impaired renal function.","Leucine rich repeat 4; Leucine rich repeat 5; Leucine-rich repeat; Leucine-rich repeat domain, L domain-like; Leucine-rich repeat, typical subtype",X,+,protein_coding,2989,0,1,0.0,0.3346,0,0,0,0,0,0,0,0,0,0
WBGene00198535,C44H4.9,none available,,X,-,ncRNA,146,1,0,6.8493,0.0,0,0,0,0,0,0,0,0,0,0
WBGene00010059,F54E4.3,none available,,X,-,protein_coding,4353,1,0,0.2297,0.0,0,0,0,0,0,0,1,0,0,0
WBGene00200735,C26G2.9,none available,,X,+,ncRNA,249,0,1,0.0,4.0161,0,0,0,0,0,0,0,1,0,0
WBGene00200326,F42D1.12,none available,,X,+,ncRNA,146,0,1,0.0,6.8493,0,0,0,0,0,0,0,1,0,0
WBGene00197969,Y70D2A.6,none available,,X,+,ncRNA,215,0,1,0.0,4.6512,0,0,0,0,0,0,0,1,0,0
WBGene00013496,npr-40,none available,"G protein-coupled receptor, rhodopsin-like",X,+,protein_coding,5327,1,0,0.1877,0.0,1,0,0,0,0,0,0,0,0,0
WBGene00003909,pag-3,"pag-3 encodes a C2H2 zinc-finger protein orthologous to DrosophilaSENSELESS, and to human GFI1 (OMIM:600871, mutated in neutropenia) andGFI1B (OMIM:604383); pag-3 is expressed in neurons (touch receptors, BDUinterneurons, ventral cord motor neurons, and others); PAG-3 is requiredto repress the touch neuron-specific genes mec-4 and mec-7 in BDUneurons, but since this repression does not occur in touch neurons(which also have PAG-3), PAG-3 may require another protein or proteinsfor repression (such as PRK-1 or PRK-2, the C. elegans orthologs ofhuman PIM-1); PAG-3 is also needed for normal neuroblast lineages in theventral nerve cord, and for normal locomotion; pag-3 mutants have areverse kinker uncoordinated phenotype, and occasional axonal guidanceerrors in the PLM and BDU neurons; PAG-3's similarity to GFI1 and GFIBfalls mainly within residues 159-261, but within these residues (whichoverlap PAG-3's five zinc-finger domains in residues 126-265) the aminoacid identity is 87%; pag-3 transcript quantities are doubled in pag-3mutants, suggesting that PAG-3 inhibits its own gene.",Zinc finger C2H2-type,X,-,protein_coding,3897,1,0,0.2566,0.0,0,0,0,0,0,0,1,0,0,0
WBGene00006747,unc-7,"unc-7 encodes an innexin required for gap junction formation in invertebrates; UNC-7 is also required for normal locomotion, egg-laying, inhibition of feeding by tapping, avermectin sensitivity, and ivermectin sensitivity, as well as for the antagonism of UNC-79 and UNC-80 activity by volatile anesthetics; unc-7 is genetically required, and transcribed in, neurons rather than muscle cells, from larval stages L1 through L4; homologs of UNC-7 include Drosophila OGRE and SHAKING-B, as well as 24 C. elegans paralogs (including EAT-5, UNC-9, and INX-1 through INX-20); UNC-7 genetically interacts with UNC-124, and unc-7 mutants are phenotypically similar to unc-9 and unc-124 mutants; UNC-7 genetically interacts with AVR-14 and GLC-1 in the response to ivermectin.",Innexin,X,-,protein_coding,26895,1,0,0.0372,0.0,0,0,0,0,0,0,0,0,1,0
WBGene00011681,T10B10.4,none available,Acyl-CoA N-acyltransferase; Glycine N-acyltransferase,X,+,protein_coding,2951,1,0,0.3389,0.0,1,0,0,0,0,0,0,0,0,0
WBGene00011683,phat-6,none available,,X,-,protein_coding,1298,1,0,0.7704,0.0,1,0,0,0,0,0,0,0,0,0
WBGene00009789,F46F2.5,none available,,X,+,protein_coding,5265,1,0,0.1899,0.0,0,0,0,0,0,0,1,0,0,0
WBGene00002203,kin-20,none available,Protein kinase domain; Protein kinase-like domain,X,-,protein_coding,9163,0,1,0.0,0.1091,0,0,0,0,0,1,0,0,0,0
WBGene00201828,Y15E3A.14,none available,,X,-,ncRNA,222,1,0,4.5045,0.0,0,0,0,0,0,0,1,0,0,0
WBGene00202333,Y15E3A.15,none available,,X,-,ncRNA,294,0,1,0.0,3.4014,0,1,0,0,0,0,0,0,0,0
WBGene00012444,Y15E3A.5,none available,,X,+,protein_coding,3589,1,0,0.2786,0.0,0,0,0,0,0,0,1,0,0,0
WBGene00197651,R03A10.10,none available,,X,-,ncRNA,126,0,1,0.0,7.9365,0,1,0,0,0,0,0,0,0,0
WBGene00202056,R03A10.14,none available,,X,+,ncRNA,224,1,0,4.4643,0.0,0,0,0,0,0,0,1,0,0,0
WBGene00195834,H13N06.8,none available,,X,-,ncRNA,136,1,0,7.3529,0.0,0,0,0,0,0,0,1,0,0,0
WBGene00198590,H30A04.4,none available,,X,+,ncRNA,150,1,0,6.6667,0.0,1,0,0,0,0,0,0,0,0,0
WBGene00201649,H30A04.12,none available,,X,-,ncRNA,129,1,0,7.7519,0.0,0,0,0,0,0,0,1,0,0,0
WBGene00010724,K09E9.1,none available,Major facilitator superfamily; Major facilitator superfamily domain,X,+,protein_coding,6121,0,1,0.0,0.1634,0,0,0,0,0,0,0,1,0,0
WBGene00174147,21ur-15388,none available,,X,+,piRNA,21,1,0,47.619,0.0,0,0,0,0,0,0,1,0,0,0
WBGene00044155,Y7A5A.11,none available,,X,+,pseudogene,7575,0,1,0.0,0.132,0,0,0,0,0,0,0,1,0,0
WBGene00010337,serp-1.1,none available,Stress-associated endoplasmic reticulum protein,X,+,protein_coding,808,1,0,1.2376,0.0,1,0,0,0,0,0,0,0,0,0
WBGene00010010,gmeb-2,none available,Glucocorticoid modulatory element-binding protein 1/2; SAND domain; SAND domain-like,X,+,protein_coding,6542,0,1,0.0,0.1529,0,0,0,0,0,0,0,0,0,1
WBGene00007486,C09G1.4,none available,PDZ domain,X,-,protein_coding,18664,1,0,0.0536,0.0,1,0,0,0,0,0,0,0,0,0
WBGene00012073,cpd-2,"T27A8.1 encodes a putative metallocarboxypeptidase orthologous to humanAEBP1 (OMIM:602981) and carboxypeptidase D, E, M, N, X2, and Zprecursors; T27A8.1 and its human orthologs, along with other proteins,comprise an M14B peptidase subfamily; T27A8.1 has no obvious function inmass RNAi assays.","Carboxypeptidase-like, regulatory domain; Peptidase M14, carboxypeptidase A",X,+,protein_coding,4774,0,1,0.0,0.2095,0,0,0,0,0,0,0,1,0,0
WBGene00000760,col-187,none available,Collagen triple helix repeat,X,+,protein_coding,2029,0,1,0.0,0.4929,0,1,0,0,0,0,0,0,0,0
WBGene00014213,ZK1073.1,none available,Alpha/Beta hydrolase fold; NDRG,X,-,protein_coding,4924,0,1,0.0,0.2031,0,0,0,0,0,1,0,0,0,0
WBGene00219300,W10G6.6,none available,,X,-,protein_coding,3096,0,1,0.0,0.323,0,0,0,1,0,0,0,0,0,0
WBGene00004789,sgk-1,"sgk-1 encodes a serine/threonine protein kinase that is orthologous to the mammalian serum- and glucocorticoid-inducible kinases (SGKs); in C. elegans, sgk-1 activity is required for normal egg laying, generation time, stress response, and adult life span; SGK-1 forms a complex with the AKT kinases with which it functions in parallel to mediate certain aspects of DAF-2/insulin-signaling; SGK-1 phosphorylates DAF-16 in vitro in a manner strictly dependent upon pdk-1 which encodes a 3-phosphoinositide-dependent kinase; an SGK-1::GFP fusion protein is expressed beginning in late embryonic stages and in larvae is seen in sensory and motor neurons as well as in the intestine; in neurons SGK-1::GFP localizes to the cytoplasm and the nucleus, while in the intestine SGK-1::GFP is found exclusively in the cytoplasm.","AGC-kinase, C-terminal; Phox homologous domain; Protein kinase domain; Protein kinase-like domain",X,-,protein_coding,7281,1,0,0.1373,0.0,0,0,0,0,0,0,1,0,0,0
WBGene00202447,T27B1.9,none available,,X,+,ncRNA,150,0,1,0.0,6.6667,0,0,0,0,0,0,0,1,0,0
WBGene00199396,T27B1.5,none available,,X,-,ncRNA,175,0,1,0.0,5.7143,0,0,0,0,0,0,0,1,0,0
WBGene00019519,K08B5.2,none available,"Leucine-rich repeat domain, L domain-like",X,-,protein_coding,2721,1,0,0.3675,0.0,1,0,0,0,0,0,0,0,0,0
WBGene00195401,C06G1.7,none available,,X,+,ncRNA,143,0,1,0.0,6.993,0,0,0,0,0,0,0,1,0,0
WBGene00015675,C10E2.5,none available,,X,-,protein_coding,5082,0,1,0.0,0.1968,0,0,0,0,0,0,0,1,0,0
WBGene00021188,Y13C8A.1,none available,,X,+,protein_coding,748,0,1,0.0,1.3369,0,1,0,0,0,0,0,0,0,0
WBGene00018710,F52G3.1,none available,"BAT2, N-terminal; Protein PRRC2",X,+,protein_coding,8948,1,0,0.1118,0.0,0,0,0,0,0,0,1,0,0,0
WBGene00004121,ptrn-1,none available,"CKK domain; Calmodulin-regulated spectrin-associated protein; Calmodulin-regulated spectrin-associated protein, CH domain; Calponin homology domain; PRC-barrel-like",X,-,protein_coding,8400,0,1,0.0,0.119,0,0,0,0,0,0,0,1,0,0
WBGene00000993,dhs-30,"dhs-30 encodes a member of the short-chain dehydrogenases/reductases family (SDR) homologous to HSD, which when mutated leads to cortisol 11-beta ketoreductase deficiency (OMIM:218030).",NAD(P)-binding domain; Short-chain dehydrogenase/reductase SDR,X,-,protein_coding,5114,1,0,0.1955,0.0,0,0,0,0,0,0,1,0,0,0
WBGene00020811,T25G12.3,none available,,X,+,protein_coding,3144,0,1,0.0,0.3181,0,1,0,0,0,0,0,0,0,0
WBGene00004220,ptr-5,"ptr-5 encodes a nematode-specific member of the sterol sensing domain(SSD) proteins, distantly paralogous to Drosophila PATCHED (PTC) andhuman PTCH (OMIM:601309, mutated in basal cell nevus syndrome); PTR-5 isweakly required for normal molting from L4 to adult stages; PTR-5 isalso required for normal growth to full size and locomotion; PTR-5 isexpressed in head and tail neurons, and in ventral nerve cord.",Protein patched/dispatched,X,+,protein_coding,7975,1,0,0.1254,0.0,0,0,0,0,0,0,1,0,0,0
WBGene00017342,F10D7.5,"F10D7.5 encodes an ortholog of Drosophila NEURALIZED, and thus mayparticipate in GLP-1/LIN-12 signalling; the promoter or 5'protein-coding regions of F10D7.5 are bound by DAF-16 in vivo, andF10D7.5 expression drops by roughly one-half in daf-16(mu86) mutants.","Neuralized homology repeat (NHR) domain; Zinc finger, RING-type; Zinc finger, RING/FYVE/PHD-type",X,-,protein_coding,8491,0,1,0.0,0.1178,0,1,0,0,0,0,0,0,0,0
WBGene00200306,F10D7.9,none available,,X,+,ncRNA,130,0,1,0.0,7.6923,0,0,0,0,0,0,0,1,0,0
