wormbase_gene_id,gene_symbol,gene_function,protein_domains,chromosome,strand,biotype,gene_start,gene_end,gene_length,g_count,c_count,a_count,t_count,g_percentage,c_percentage,gc_percentage,five_prime_UTR_length,CDS_length,intron_length,three_prime_UTR_length,exon_length,promoter_length,TSS_region_length,gene_body_length,intergenic_length,pis_five_prime_UTR_count,pis_CDS_count,pis_intron_count,pis_three_prime_UTR_count,pis_exon_count,pis_promoter_count,pis_TSS_region_count,pis_gene_body_count,pis_intergenic_count,pis_total,pis_five_prime_UTR_density_per_kb,pis_CDS_density_per_kb,pis_intron_density_per_kb,pis_three_prime_UTR_density_per_kb,pis_exon_density_per_kb,pis_promoter_density_per_kb,pis_TSS_region_density_per_kb,pis_gene_body_density_per_kb,pis_intergenic_density_per_kb,pis_total_density_per_kb,pgs_five_prime_UTR_count,pgs_CDS_count,pgs_intron_count,pgs_three_prime_UTR_count,pgs_exon_count,pgs_promoter_count,pgs_TSS_region_count,pgs_gene_body_count,pgs_intergenic_count,pgs_total,pgs_five_prime_UTR_density_per_kb,pgs_CDS_density_per_kb,pgs_intron_density_per_kb,pgs_three_prime_UTR_density_per_kb,pgs_exon_density_per_kb,pgs_promoter_density_per_kb,pgs_TSS_region_density_per_kb,pgs_gene_body_density_per_kb,pgs_intergenic_density_per_kb,pgs_total_density_per_kb
__intergenic__,__intergenic__,,,,,,1,0,0,0,0,0,0,0.0,0.0,0.0,0,0,0,0,0,0,0,0,0,0,0,0,0,0,0,0,0,554,554,0.0,0.0,0.0,0.0,0.0,0.0,0.0,0.0,0.0,0.0,0,0,0,0,0,0,0,0,541,541,0.0,0.0,0.0,0.0,0.0,0.0,0.0,0.0,0.0,0.0
WBGene00005605,srj-17,none available,,V,+,pseudogene,2776442,2779233,2792,499,793,670,830,17.87,28.4,46.28,0,0,0,0,0,0,0,2792,0,0,16,0,0,0,0,0,16,0,16,0.0,0.0,0.0,0.0,0.0,0.0,0.0,5.7307,0.0,5.7307,0,0,0,0,0,0,0,0,0,0,0.0,0.0,0.0,0.0,0.0,0.0,0.0,0.0,0.0,0.0
WBGene00006786,unc-51,"unc-51 encodes a serine/threonine protein kinase orthologous to Saccharomyces cerevisiae autophagy protein Atg1p and the vertebrate ULK proteins; unc-51 is required for axon outgrowth along the anterior-posterior axis and sex myoblast migration; in regulating axon outgrowth, UNC-51 functions together with the VAB-8 kinesin-like protein and UNC-14, both of which physically interact with, and are phosphorylated by, UNC-51, and with the UNC-5 Netrin receptor, whose subcellular localization in neurons is regulated by UNC-51 and UNC-14; in addition, UNC-51 is required for normal dauer morphogenesis of daf-2 mutant animals; UNC-51 is expressed in all C. elegans neurons and in body wall and pharyngeal muscles; in neurons, an UNC-51::GFP fusion protein shows punctate cytoplasmic localization in axons and cell bodies and partial co-localization with UNC-14 and UNC-5.","Protein kinase domain; Protein kinase-like domain; Serine/threonine-protein kinase Unc-51; Serine/threonine-protein kinase, C-terminal",V,-,protein_coding,19995986,20004485,8500,2002,1676,2410,2412,23.55,19.72,43.27,65,2571,5603,261,2897,0,0,8500,0,0,0,0,0,0,0,0,0,0,0,0.0,0.0,0.0,0.0,0.0,0.0,0.0,0.0,0.0,0.0,0,13,1,0,0,0,0,14,0,14,0.0,5.0564,0.1785,0.0,0.0,0.0,0.0,1.6471,0.0,1.6471
WBGene00008500,F01D5.10,none available,Protein of unknown function DUF595; Sulfotransferase,II,-,protein_coding,14017836,14021330,3495,942,604,913,1036,26.95,17.28,44.23,124,1044,2204,129,1297,0,0,3495,0,0,0,0,0,0,0,0,0,0,0,0.0,0.0,0.0,0.0,0.0,0.0,0.0,0.0,0.0,0.0,0,1,9,0,0,0,0,10,0,10,0.0,0.9579,4.0835,0.0,0.0,0.0,0.0,2.8612,0.0,2.8612
WBGene00015197,B0454.6,none available,"Amino acid/polyamine transporter I; Cationic amino acid transporter, C-terminal",II,+,protein_coding,3032780,3036122,3343,773,776,787,1007,23.12,23.21,46.34,4,1758,1367,214,1976,0,0,3343,0,0,0,0,0,0,0,0,0,0,0,0.0,0.0,0.0,0.0,0.0,0.0,0.0,0.0,0.0,0.0,0,2,7,0,0,0,0,9,0,9,0.0,1.1377,5.1207,0.0,0.0,0.0,0.0,2.6922,0.0,2.6922
WBGene00002181,kal-1,"kal-1 encodes a cell surface protein that contains a WAP-type protease inhibitor domain and Type III fibronectin domains and is the C. elegans ortholog of human KAL-1, mutated in the X-linked form of the neurological disorder Kallmann syndrome; in C. elegans, both kal-1 loss-of-function mutations and kal-1 overexpression result in similar phenotypes that indicate KAL-1 activity is required for epithelial morphogenesis and axon branching; kal-1 transcriptional reporters reveal expression beginning in the 50-cell stage embryo in 2-3 cells with later embryonic expression in at least 8-10 AB-derived ventral neuroblasts that are a substrate for migrating epidermal cells during ventral enclosure; later expression in larvae and adults is restricted to anterior neurons, including AIY, AIZ, RID, M5, ASI, and labial sensory neurons, ventral nerve cord motorneurons, midbody neurons HSN, CAN, and PVM, tail neurons DVB, DVC, and PDB, and the nonneuronal excretory cell as well as in uterine muscles; in the AIY interneurons, kal-1 is part of a gene battery whose expression is under the control of the CEH-10 and TTX-3 Paired and LIM-type homeodomains, respectively.",Fibronectin type III; Immunoglobulin-like fold; WAP-type 'four-disulfide core' domain,I,-,protein_coding,14128591,14142207,13617,2633,2859,4174,3951,19.34,21.0,40.33,3,2103,11301,210,2316,0,0,13617,0,0,0,6,0,0,0,0,6,0,6,0.0,0.0,0.5309,0.0,0.0,0.0,0.0,0.4406,0.0,0.4406,0,1,1,0,0,0,0,2,0,2,0.0,0.4755,0.0885,0.0,0.0,0.0,0.0,0.1469,0.0,0.1469
WBGene00004165,pqn-84,"The protein product of this gene is predicted to contain a glutamine/asparagine (Q/N)-rich ('prion') domain, by the algorithm of Michelitsch and Weissman (as of the WS77 release of WormBase, i.e., in wormpep77).","Concanavalin A-like lectin/glucanase domain; Galectin, carbohydrate recognition domain",III,+,protein_coding,11700259,11702862,2604,604,657,673,670,23.2,25.23,48.43,21,1179,1361,43,1243,0,0,2604,0,0,5,2,0,0,0,0,7,0,7,0.0,4.2409,1.4695,0.0,0.0,0.0,0.0,2.6882,0.0,2.6882,0,1,0,0,0,0,0,1,0,1,0.0,0.8482,0.0,0.0,0.0,0.0,0.0,0.384,0.0,0.384
WBGene00007583,C14B4.2,none available,,V,-,protein_coding,19332354,19362668,30315,5535,5456,9614,9710,18.26,18.0,36.26,83,5331,24507,401,5815,0,0,30315,0,0,0,1,0,0,0,0,1,0,1,0.0,0.0,0.0408,0.0,0.0,0.0,0.0,0.033,0.0,0.033,0,0,7,0,0,0,0,7,0,7,0.0,0.0,0.2856,0.0,0.0,0.0,0.0,0.2309,0.0,0.2309
WBGene00022518,zfh-2,"zfh-2 is a homeobox gene of the ZF (zinc finger class); it encodes three homeodomains and encodes at last 15 zinc fingers; the ZF class is subdivided into several families; zfh-2 belongs to the Zfhx family and is orthologous to Drosophila zfh-2, and the three paralogous human genes ZFHX2, ZFHX3, and ZFHX4 (zinc finger homeobox 2, 3, 4); zfh-2 is involved in hermaphrodite genitalia development, locomotion, nematode larval development and receptor-mediated endocytosis; zfh-2 is predicted to have DNA binding activity and zinc ion binding activity, based on protein domain information; zfh-2 is expressed in the anal depressor muscle, anal sphincter muscle, body wall musculature, vulval muscle, and the nerve ring.","Homeobox domain; Homeobox domain-like; Matrin/U1-C-like, C2H2-type zinc finger; Zinc finger C2H2-type",I,+,protein_coding,803368,834765,31398,6126,6768,8828,9676,19.51,21.56,41.07,34,4848,26419,97,4979,0,0,31398,0,0,1,5,0,0,0,0,6,0,6,0.0,0.2063,0.1893,0.0,0.0,0.0,0.0,0.1911,0.0,0.1911,0,0,1,0,0,0,0,1,0,1,0.0,0.0,0.0379,0.0,0.0,0.0,0.0,0.0318,0.0,0.0318
WBGene00201191,F57G4.14,none available,,V,-,ncRNA,17629496,17629697,202,77,50,25,50,38.12,24.75,62.87,0,0,0,0,202,0,0,202,0,0,0,0,0,0,0,0,0,0,0,0.0,0.0,0.0,0.0,0.0,0.0,0.0,0.0,0.0,0.0,0,0,7,0,0,0,0,7,0,7,0.0,0.0,0.0,0.0,0.0,0.0,0.0,34.6535,0.0,34.6535
WBGene00006876,vab-10,"vab-10 encodes, by alternative splicing, two spectraplakins (VAB-10A and VAB-10B) that are jointly required for mechanical resilience of the epidermis under strain by the contraction of actin microfilaments mechanically linked to fibrous organelles (FOs); VAB-10A/B are, accordingly, required for elongation during embryonic morphogenesis; VAB-10A has C-terminal plectin repeats while VAB-10B has spectrin repeats; VAB-10A is required to keep the epidermis and extracellular matrix attached via FOs, while VAB-10B is required to keep the apical and basal epidermal plasma membranes connected during morphogenesis; vab-10a and vab-10b mutations complement one another; vab-10 is orthologous to human BPAG1 (dystonin or MACF2, OMIM:113810, encoding an autoantigen of bullous pemphigoid blistering disease) and dJ562N20.1 (MACF1), and to Drosophila SHORT STOP.",Calponin homology domain; EF-hand domain pair; Gas2-related domain; Plectin repeat; Spectrin repeat; Spectrin/alpha-actinin,I,-,protein_coding,11747424,11804991,57568,11703,12389,16529,16947,20.33,21.52,41.85,74,23456,42053,569,24099,0,0,57568,0,0,1,1,0,0,0,0,2,0,2,0.0,0.0426,0.0238,0.0,0.0,0.0,0.0,0.0347,0.0,0.0347,0,1,3,0,0,0,0,4,0,4,0.0,0.0426,0.0713,0.0,0.0,0.0,0.0,0.0695,0.0,0.0695
WBGene00021187,Y9D1A.2,none available,,II,-,pseudogene,7450511,7453093,2583,506,636,659,782,19.59,24.62,44.21,0,0,0,0,0,0,0,2583,0,0,5,0,0,0,0,0,5,0,5,0.0,0.0,0.0,0.0,0.0,0.0,0.0,1.9357,0.0,1.9357,0,1,0,0,0,0,0,1,0,1,0.0,0.0,0.0,0.0,0.0,0.0,0.0,0.3871,0.0,0.3871
WBGene00202229,F57G4.15,none available,,V,+,ncRNA,17629262,17629432,171,65,42,22,42,38.01,24.56,62.57,0,0,0,0,171,0,0,171,0,0,0,0,0,0,0,0,0,0,0,0.0,0.0,0.0,0.0,0.0,0.0,0.0,0.0,0.0,0.0,0,0,6,0,0,0,0,6,0,6,0.0,0.0,0.0,0.0,0.0,0.0,0.0,35.0877,0.0,35.0877
WBGene00189954,F40G9.18,none available,,III,-,protein_coding,167259,169578,2320,425,545,743,607,18.32,23.49,41.81,22,1173,999,126,1321,0,0,2320,0,0,4,1,0,0,0,0,5,0,5,0.0,3.4101,1.001,0.0,0.0,0.0,0.0,2.1552,0.0,2.1552,0,0,0,0,0,0,0,0,0,0,0.0,0.0,0.0,0.0,0.0,0.0,0.0,0.0,0.0,0.0
WBGene00008812,F14F7.5,none available,Domain of unknown function WSN,III,+,protein_coding,13032001,13036408,4408,857,1065,1258,1228,19.44,24.16,43.6,0,2815,1608,125,2879,0,0,4408,0,0,5,0,0,0,0,0,5,0,5,0.0,1.7762,0.0,0.0,0.0,0.0,0.0,1.1343,0.0,1.1343,0,0,0,0,0,0,0,0,0,0,0.0,0.0,0.0,0.0,0.0,0.0,0.0,0.0,0.0,0.0
WBGene00006985,zig-8,zig-8 encodes a predicted secreted protein that is a member of the immunoglobulin superfamily of proteins; a zig-8::gfp reporter fusion is expressed in the PVT neuron and in pharyngeal muscle.,Immunoglobulin I-set; Immunoglobulin V-set domain; Immunoglobulin subtype; Immunoglobulin subtype 2; Immunoglobulin-like domain; Immunoglobulin-like fold,III,+,protein_coding,13119820,13133938,14119,2674,2445,4457,4543,18.94,17.32,36.26,39,807,13146,127,973,0,0,14119,0,0,0,4,0,0,0,0,4,0,4,0.0,0.0,0.3043,0.0,0.0,0.0,0.0,0.2833,0.0,0.2833,0,0,1,0,0,0,0,1,0,1,0.0,0.0,0.0761,0.0,0.0,0.0,0.0,0.0708,0.0,0.0708
WBGene00019562,K09C6.8,none available,Protein kinase-like domain,V,-,protein_coding,840210,843218,3009,776,673,786,774,25.79,22.37,48.16,0,1656,1307,46,1702,0,0,3009,0,0,0,0,0,0,0,0,0,0,0,0.0,0.0,0.0,0.0,0.0,0.0,0.0,0.0,0.0,0.0,0,0,5,0,0,0,0,5,0,5,0.0,0.0,3.8256,0.0,0.0,0.0,0.0,1.6617,0.0,1.6617
WBGene00013949,ZK262.2,none available,Alpha/Beta hydrolase fold; Fungal lipase-like domain,V,-,protein_coding,18410327,18412987,2661,622,592,730,717,23.37,22.25,45.62,58,1062,1071,470,1590,0,0,2661,0,0,0,1,0,0,0,0,1,0,1,0.0,0.0,0.9337,0.0,0.0,0.0,0.0,0.3758,0.0,0.3758,0,4,0,0,0,0,0,4,0,4,0.0,3.7665,0.0,0.0,0.0,0.0,0.0,1.5032,0.0,1.5032
WBGene00044138,sssh-1,none available,,X,+,protein_coding,14875968,14878855,2888,714,537,730,907,24.72,18.59,43.32,197,468,2087,136,801,0,0,2888,0,0,0,0,0,0,0,0,0,0,0,0.0,0.0,0.0,0.0,0.0,0.0,0.0,0.0,0.0,0.0,0,0,5,0,0,0,0,5,0,5,0.0,0.0,2.3958,0.0,0.0,0.0,0.0,1.7313,0.0,1.7313
WBGene00020283,T06A4.3,none available,"Carboxypeptidase, activation peptide; Peptidase M14, carboxypeptidase A; Protease propeptides/proteinase inhibitor I9; ShKT domain",I,+,protein_coding,763478,770720,7243,1450,1633,1883,2277,20.02,22.55,42.57,197,1532,5433,224,1953,0,0,7243,0,0,1,3,0,0,0,0,4,0,4,0.0,0.6527,0.5522,0.0,0.0,0.0,0.0,0.5523,0.0,0.5523,0,0,0,0,0,0,0,0,0,0,0.0,0.0,0.0,0.0,0.0,0.0,0.0,0.0,0.0,0.0
WBGene00012946,Y47H9B.2,none available,Chymotrypsin family Peptidase-S1,I,+,protein_coding,11744169,11747451,3283,724,862,835,862,22.05,26.26,48.31,3,954,2289,37,994,0,0,3283,0,0,0,4,0,0,0,0,4,0,4,0.0,0.0,1.7475,0.0,0.0,0.0,0.0,1.2184,0.0,1.2184,0,0,0,0,0,0,0,0,0,0,0.0,0.0,0.0,0.0,0.0,0.0,0.0,0.0,0.0,0.0
WBGene00002189,kin-1,"kin-1 encodes multiple isoforms of a serine/threonine protein kinase that is orthologous to cAMP-dependent protein kinase (protein kinase A or PKA) catalytic subunits; KIN-1 is able to phosphorylate histone H2B in vitro and is associated with both particulate (~65%) and cytosolic (35%) cellular fractions; KIN-1 is expressed at low levels during embryogenesis, but its expression level increases in late embryogenesis, whereupon KIN-1 expression remains relatively high throughout larval and adult development; kin-1 mRNA levels, however, are fairly constant throughout development, suggesting that KIN-1 expression is regulated post-transcriptionally.","AGC-kinase, C-terminal; Protein kinase domain; Protein kinase-like domain",I,+,protein_coding,14913766,14952226,38461,6646,7387,11587,12841,17.28,19.21,36.49,763,3083,36096,1794,5340,0,0,38461,0,0,2,0,0,0,0,0,2,0,2,0.0,0.6487,0.0,0.0,0.0,0.0,0.0,0.052,0.0,0.052,0,1,1,0,0,0,0,2,0,2,0.0,0.3244,0.0277,0.0,0.0,0.0,0.0,0.052,0.0,0.052
WBGene00020092,pcf-11,none available,CID domain; ENTH/VHS; RNA polymerase II-binding domain,III,+,protein_coding,5024914,5029825,4912,898,1068,1495,1451,18.28,21.74,40.02,483,2718,1827,2362,3703,0,0,4912,0,1,1,2,0,0,0,0,4,0,4,2.0704,0.3679,1.0947,0.0,0.0,0.0,0.0,0.8143,0.0,0.8143,0,0,0,0,0,0,0,0,0,0,0.0,0.0,0.0,0.0,0.0,0.0,0.0,0.0,0.0,0.0
WBGene00021428,Y38F2AR.10,none available,Major sperm protein (MSP) domain; PapD-like; Vesicle-associated membrane-protein-associated protein,IV,-,protein_coding,2396241,2399520,3280,850,715,732,983,25.91,21.8,47.71,100,555,2609,16,671,0,0,3280,0,0,0,0,0,0,0,0,0,0,0,0.0,0.0,0.0,0.0,0.0,0.0,0.0,0.0,0.0,0.0,0,0,4,0,0,0,0,4,0,4,0.0,0.0,1.5332,0.0,0.0,0.0,0.0,1.2195,0.0,1.2195
WBGene00013101,Y51H4A.5,none available,Alpha/Beta hydrolase fold; Fungal lipase-like domain,IV,-,protein_coding,16522529,16526138,3610,592,753,1194,1071,16.4,20.86,37.26,16,990,2550,54,1060,0,0,3610,0,0,0,4,0,0,0,0,4,0,4,0.0,0.0,1.5686,0.0,0.0,0.0,0.0,1.108,0.0,1.108,0,0,0,0,0,0,0,0,0,0,0.0,0.0,0.0,0.0,0.0,0.0,0.0,0.0,0.0,0.0
WBGene00020388,T10B5.2,none available,,V,-,pseudogene,1848073,1851445,3373,843,763,800,967,24.99,22.62,47.61,0,0,0,0,0,0,0,3373,0,0,0,0,0,0,0,0,0,0,0,0.0,0.0,0.0,0.0,0.0,0.0,0.0,0.0,0.0,0.0,0,0,4,0,0,0,0,4,0,4,0.0,0.0,0.0,0.0,0.0,0.0,0.0,1.1859,0.0,1.1859
WBGene00017930,F29G9.1,none available,,V,+,protein_coding,6039101,6040582,1482,353,315,437,377,23.82,21.26,45.07,397,291,530,264,952,0,0,1482,0,1,0,0,0,0,0,1,1,0,2,2.5189,0.0,0.0,0.0,0.0,0.0,0.0,0.6748,0.0,1.3495,0,2,0,0,0,0,0,2,0,2,0.0,6.8729,0.0,0.0,0.0,0.0,0.0,1.3495,0.0,1.3495
WBGene00044200,H37A05.4,none available,,V,-,protein_coding,13646879,13649780,2902,566,662,835,839,19.5,22.81,42.32,1383,911,716,70,2299,0,0,2902,0,0,3,0,0,0,0,0,3,0,3,0.0,3.2931,0.0,0.0,0.0,0.0,0.0,1.0338,0.0,1.0338,1,0,0,0,0,0,0,1,0,1,0.7231,0.0,0.0,0.0,0.0,0.0,0.0,0.3446,0.0,0.3446
WBGene00016725,C46H3.2,none available,Ankyrin repeat; Ankyrin repeat-containing domain; SH3 domain; Sterile alpha motif domain; Sterile alpha motif/pointed domain,X,-,protein_coding,1211760,1230758,18999,3336,3306,6472,5885,17.56,17.4,34.96,266,2763,16016,208,2983,0,0,18999,0,0,0,1,0,0,0,1,1,0,2,0.0,0.0,0.0624,0.0,0.0,0.0,0.0,0.0526,0.0,0.1053,0,0,2,0,0,0,0,2,0,2,0.0,0.0,0.1249,0.0,0.0,0.0,0.0,0.1053,0.0,0.1053
WBGene00019435,K06A9.1,"The K06A9.1 gene encodes an homolog of human TCOF1, which when mutated leads to Treacher-Collins syndrome (OMIM:154500).",,X,+,protein_coding,1547505,1560145,12641,1963,3756,3609,3313,15.53,29.71,45.24,1642,7791,8866,417,8212,0,0,12641,0,0,3,1,0,0,0,0,4,0,4,0.0,0.3851,0.1128,0.0,0.0,0.0,0.0,0.3164,0.0,0.3164,0,0,0,0,0,0,0,0,0,0,0.0,0.0,0.0,0.0,0.0,0.0,0.0,0.0,0.0,0.0
WBGene00006742,unc-2,"unc-2 encodes a calcium channel alpha subunit similar to the human P/Q-type calcium channel, CACNA1A; unc-2 is required for desensitization to dopamine, normal movement, normally low sensitivity of whole animals to serotonin, and neuronal migrations; unc-2 interacts with the TGF beta pathway to regulate movement, and maintain normal serotonin levels; unc-2/TGF beta pathway is also required for the stress-induced modulation of tryptophan hydroxylase/tph-1 expression in the serotonergic chemosensory ADF neurons (but not the NSM neurons); UNC-2 is expressed primarily in motor neurons, several sensory neurons, and the HSN and VC neurons controlling egg-laying.","Ion transport domain; Voltage-dependent L-type calcium channel, IQ-associated domain; Voltage-dependent calcium channel, alpha-1 subunit; Voltage-dependent calcium channel, alpha-1 subunit, IQ domain",X,-,protein_coding,2710920,2763526,52607,9521,8884,17821,16381,18.1,16.89,34.99,56,7076,45413,796,7784,0,0,52607,0,0,0,2,0,0,0,0,2,0,2,0.0,0.0,0.044,0.0,0.0,0.0,0.0,0.038,0.0,0.038,0,0,1,0,0,0,1,1,0,2,0.0,0.0,0.022,0.0,0.0,0.0,0.0,0.019,0.0,0.038
WBGene00021733,otub-2,The Y50C1A.1 gene encodes an A20-like protease homolog that may be involved in apoptosis.,OTU domain,I,+,protein_coding,398891,412918,14028,2113,2073,5101,4741,15.06,14.78,29.84,62,1929,11633,408,2397,0,0,14028,0,0,0,2,0,0,0,0,2,0,2,0.0,0.0,0.1719,0.0,0.0,0.0,0.0,0.1426,0.0,0.1426,0,0,1,0,0,0,0,1,0,1,0.0,0.0,0.086,0.0,0.0,0.0,0.0,0.0713,0.0,0.0713
WBGene00022159,mppa-1,none available,"Metalloenzyme, LuxS/M16 peptidase-like; Peptidase M16, C-terminal; Peptidase M16, N-terminal",I,-,protein_coding,1740641,1751055,10415,1830,1467,3330,3788,17.57,14.09,31.66,485,1545,8748,122,2135,0,0,10415,0,0,0,0,0,0,0,0,0,0,0,0.0,0.0,0.0,0.0,0.0,0.0,0.0,0.0,0.0,0.0,0,0,3,0,0,0,0,3,0,3,0.0,0.0,0.3429,0.0,0.0,0.0,0.0,0.288,0.0,0.288
WBGene00010770,K11D2.4,none available,Zinc finger C2H2-type,I,+,protein_coding,12518787,12528322,9536,1839,2147,2722,2828,19.28,22.51,41.8,99,1446,7300,769,2314,0,0,9536,0,0,0,0,3,0,0,0,3,0,3,0.0,0.0,0.0,3.9012,0.0,0.0,0.0,0.3146,0.0,0.3146,0,0,0,0,0,0,0,0,0,0,0.0,0.0,0.0,0.0,0.0,0.0,0.0,0.0,0.0,0.0
WBGene00007655,C17H1.2,none available,,I,-,protein_coding,13085106,13103119,18014,2240,2615,6234,6925,12.43,14.52,26.95,60,222,17354,378,660,0,0,18014,0,0,0,0,0,0,0,0,0,0,0,0.0,0.0,0.0,0.0,0.0,0.0,0.0,0.0,0.0,0.0,0,3,0,0,0,0,0,3,0,3,0.0,13.5135,0.0,0.0,0.0,0.0,0.0,0.1665,0.0,0.1665
WBGene00012394,hsd-1,"hsd-1 encodes a hydroxysteroid dehydrogenase orthologous to 3beta-hydroxysteroid dehydrogenase/delta5-delta4 isomerases (3beta-HSDs); HSD-1 likely functions in the biosynthesis of steroid hormones, such as delta4-dafachronic acid, to promote reproductive growth (larval development) and prevent dauer arrest; in regulating larval development, hsd-1 exhibits cross-talk with the insulin signaling pathway, via regulation of the subcellular localization, and hence activity, of DAF-16; hsd-1 is expressed in the two neuronal-like XXX(L/R) cells beginning in late embryogenesis (pretzel stage) and continuing through all four larval stages, with expression fading in adults; HSD-1 is paralogous to HSD-2 and HSD-3.",3-beta hydroxysteroid dehydrogenase/isomerase; NAD(P)-binding domain,I,-,protein_coding,13720125,13724453,4329,906,815,1283,1325,20.93,18.83,39.76,0,1389,2940,0,1389,0,0,4329,0,0,0,0,0,0,0,0,0,0,0,0.0,0.0,0.0,0.0,0.0,0.0,0.0,0.0,0.0,0.0,0,0,3,0,0,0,0,3,0,3,0.0,0.0,1.0204,0.0,0.0,0.0,0.0,0.693,0.0,0.693
WBGene00008187,C49A1.5,none available,Glycosyltransferase family 92,I,+,protein_coding,14236395,14241181,4787,922,980,1491,1394,19.26,20.47,39.73,1004,1491,2286,6,2501,0,0,4787,0,1,0,0,0,0,0,0,1,0,1,0.996,0.0,0.0,0.0,0.0,0.0,0.0,0.2089,0.0,0.2089,0,0,2,0,0,0,0,2,0,2,0.0,0.0,0.8749,0.0,0.0,0.0,0.0,0.4178,0.0,0.4178
WBGene00005078,src-2,"src-2 encodes a non-receptor protein tyrosine kinase that, along with src-1, is one of two C. elegans Src family kinase members; although src-2(RNAi) alone results in no overt phenotype, src-2(RNAi) performed in the background of retinoblastoma pathway mutants results in embryonic and larval lethality, as well as sterility; a src-2::GFP reporter fusion is expressed in pharyngeal muscles, the vulva, and some cells around anus; overexpression of SRC-2 in yeast cell results in an overall increase in protein tyrosine phosphorylation levels, which is suppressed by co-expression with CSK-1, a predicted negative regulator of SRC-2 activity.","Protein kinase-like domain; SH2 domain; SH3 domain; Serine-threonine/tyrosine-protein kinase, catalytic domain; Tyrosine-protein kinase, catalytic domain",I,+,protein_coding,14322237,14328965,6729,1399,1400,1976,1954,20.79,20.81,41.6,50,1524,5025,130,1704,0,0,6729,0,0,0,1,0,0,0,0,1,0,1,0.0,0.0,0.199,0.0,0.0,0.0,0.0,0.1486,0.0,0.1486,0,0,2,0,0,0,0,2,0,2,0.0,0.0,0.398,0.0,0.0,0.0,0.0,0.2972,0.0,0.2972
WBGene00001147,eat-18,"eat-18 encodes a small novel protein with an intracellular N terminus, a single predicted transmembrane domain, and a short, extracellular carboxy terminus; eat-18 is required for proper nicotinic neurotransmission by the excitatory pharyngeal MC neuron and thus, for rapid pharyngeal pumping in the presence of food; eat-18 is also required for alpha-bungarotoxin-binding to pharyngeal nicotinic receptors, suggesting that EAT-18 is required for normal topology of most or all nicotinic receptors in postsynaptic cells in the pharynx; an EAT-18::GFP fusion protein is expressed in pharyngeal muscle, the M5 pharyngeal motor neuron, and five to six unidentified extrapharyngeal neurons; eat-18 displays allele-specific genetic interactions with eat-2, which encodes a non-alpha-nicotonic acetylcholine receptor subunit expressed in pharyngeal muscle and also required for proper regulation of the pharyngeal pumping rate.",,I,+,protein_coding,14391860,14400222,8363,1698,1830,2499,2336,20.3,21.88,42.19,147,256,5443,2783,3186,0,0,8363,0,3,0,0,0,0,0,0,3,0,3,20.4082,0.0,0.0,0.0,0.0,0.0,0.0,0.3587,0.0,0.3587,0,0,0,0,0,0,0,0,0,0,0.0,0.0,0.0,0.0,0.0,0.0,0.0,0.0,0.0,0.0
WBGene00018572,lin-42,"lin-42 encodes three PAS domain-containing proteins orthologous to insect and vertebrate Period proteins that function in regulation of circadian rhythms; during larval development, lin-42 functions in the heterochronic pathway to regulate developmental switches that occurs in multiple tissues, including the hypodermis, gonad, sex myoblasts, and vulva; genetic analysis suggests that, in the hypodermis, lin-42 acts downstream of lin-46 and in the hypodermis and gonad, in parallel to daf-12 and upstream of lin-29; lin-42 mRNA levels oscillate during larval development with peak levels seen during intermolts and low levels seen during ecdysis and after the L4-to-adult molt; LIN-42 protein appears to be a widely expressed nuclear protein whose levels also fluctuate during larval stages, with peak protein typically seen towards the latter half of each larval stage in a cell type-specific manner, and then disappearing during each successive molt; in addition to three PAS domain-containing proteins, lin-42 also encodes a protein that lacks the PAS domain; transformation rescue experiments indicate that the LIN-42 isoform lacking the PAS domain is sufficient for rescue when present in multiple copies.",PAS domain,II,-,protein_coding,1233236,1252359,19124,4095,3649,5814,5566,21.41,19.08,40.49,507,2427,16220,1095,4009,0,0,19124,0,0,0,0,0,0,0,0,0,0,0,0.0,0.0,0.0,0.0,0.0,0.0,0.0,0.0,0.0,0.0,0,1,0,1,0,0,1,2,0,3,0.0,0.412,0.0,0.9132,0.0,0.0,0.0,0.1046,0.0,0.1569
WBGene00004215,ptp-3,"ptp-3 encodes a receptor-like tyrosine phosphatase orthologous to the LAR (Leukocyte Common Antigen Related, OMIM:179590) subfamily of receptor-like tyrosine phosphatases that contain extracellular immunoglobulin-like and fibronectin type III domains and have been implicated in linking cell adhesion to intracellular phosphotyrosine levels; PTP-3 plays a role in gastrulation and epidermal development and functions partly redundantly with the VAB-1 Eph receptor and ephrins VAB-2 and EFN-4 to regulate embryonic morphogenesis; PTP-3 is expressed in many tissues during early embryogenesis, but expression later becomes localized to neuronal processes and epithelial adherens junctions.","Fibronectin type III; Immunoglobulin I-set; Immunoglobulin subtype; Immunoglobulin subtype 2; Immunoglobulin-like domain; Immunoglobulin-like fold; PTP type protein phosphatase; Protein-tyrosine phosphatase, catalytic; Protein-tyrosine phosphatase-like",II,+,protein_coding,10975539,11012247,36709,6710,7172,10654,12173,18.28,19.54,37.82,691,7690,30061,465,8846,0,0,36709,0,0,0,1,0,0,0,0,1,0,1,0.0,0.0,0.0333,0.0,0.0,0.0,0.0,0.0272,0.0,0.0272,0,0,2,0,0,0,0,2,0,2,0.0,0.0,0.0665,0.0,0.0,0.0,0.0,0.0545,0.0,0.0545
WBGene00008549,din-1,none available,"RNA recognition motif domain; SPOC-like, C-terminal domain; Spen paralogue and orthologue SPOC, C-terminal",II,-,protein_coding,11614770,11633609,18840,3945,3812,5448,5635,20.94,20.23,41.17,1400,8358,11754,472,9785,0,0,18840,0,0,0,0,0,0,0,1,0,0,1,0.0,0.0,0.0,0.0,0.0,0.0,0.0,0.0,0.0,0.0531,0,1,1,0,0,0,0,2,0,2,0.0,0.1196,0.0851,0.0,0.0,0.0,0.0,0.1062,0.0,0.1062
WBGene00013258,polg-1,"polg-1 encodes the C. elegans ortholog of human mitochondrial DNA polymerase gamma (POLG; OMIM:174763); polg-1 is required for normal levels of mitochondrial DNA during development, particularly during germ line development in late larval and adult stages; polg-1 is also required for normal brood sizes and adult lifespan.","DNA-directed DNA polymerase, family A, palm domain; DNA-directed DNA-polymerase, family A, mitochondria; Ribonuclease H-like domain",II,-,protein_coding,12189789,12199962,10174,1779,1840,2871,3684,17.49,18.09,35.57,3,3219,6864,88,3310,0,0,10174,0,0,1,2,0,0,0,0,3,0,3,0.0,0.3107,0.2914,0.0,0.0,0.0,0.0,0.2949,0.0,0.2949,0,0,0,0,0,0,0,0,0,0,0.0,0.0,0.0,0.0,0.0,0.0,0.0,0.0,0.0,0.0
WBGene00000870,cyd-1,"cyd-1 encodes a cyclin D homolog that is required for escape from G1 cycle arrest in postembryonic blast cells, affects movement and larval viability, and may physically interact with CDK-46 and CKI-1; expressed embryonically primarily in the head, ventral cord, tail, and is later expressed primarily in the seam cells and in the somatic gonad.","Cyclin, N-terminal; Cyclin-like",II,+,protein_coding,12980591,12993117,12527,2375,2663,3657,3832,18.96,21.26,40.22,231,1218,10515,563,2012,0,0,12527,0,0,0,3,0,0,0,0,3,0,3,0.0,0.0,0.2853,0.0,0.0,0.0,0.0,0.2395,0.0,0.2395,0,0,0,0,0,0,0,0,0,0,0.0,0.0,0.0,0.0,0.0,0.0,0.0,0.0,0.0,0.0
WBGene00044084,sre-46,none available,"7TM GPCR, serpentine receptor class e (Sre)",II,-,protein_coding,13718165,13721318,3154,483,828,986,857,15.31,26.25,41.57,0,1098,2036,20,1118,0,0,3154,0,0,1,2,0,0,0,0,3,0,3,0.0,0.9107,0.9823,0.0,0.0,0.0,0.0,0.9512,0.0,0.9512,0,0,0,0,0,0,0,0,0,0,0.0,0.0,0.0,0.0,0.0,0.0,0.0,0.0,0.0,0.0
WBGene00021751,Y50D7A.1,none available,Kelch repeat type 2; Kelch-type beta propeller,III,+,protein_coding,292640,314508,21869,4044,3835,7002,6988,18.49,17.54,36.03,10,1944,19520,395,2349,0,0,21869,0,0,0,1,0,0,0,0,1,0,1,0.0,0.0,0.0512,0.0,0.0,0.0,0.0,0.0457,0.0,0.0457,0,1,1,0,0,0,0,2,0,2,0.0,0.5144,0.0512,0.0,0.0,0.0,0.0,0.0915,0.0,0.0915
WBGene00044401,Y55B1BR.6,none available,,III,-,protein_coding,453493,463811,10319,2060,1937,3216,3106,19.96,18.77,38.73,221,528,9414,329,967,0,0,10319,0,0,0,2,0,0,0,0,2,0,2,0.0,0.0,0.2124,0.0,0.0,0.0,0.0,0.1938,0.0,0.1938,0,0,1,0,0,0,0,1,0,1,0.0,0.0,0.1062,0.0,0.0,0.0,0.0,0.0969,0.0,0.0969
WBGene00044402,Y82E9BL.18,none available,"Domain of unknown function DUF38, Caenorhabditis species; F-box domain",III,+,protein_coding,1326790,1331066,4277,754,626,1392,1505,17.63,14.64,32.27,330,915,2947,100,1345,0,0,4277,0,0,0,0,0,0,0,0,0,0,0,0.0,0.0,0.0,0.0,0.0,0.0,0.0,0.0,0.0,0.0,0,0,3,0,0,0,0,3,0,3,0.0,0.0,1.018,0.0,0.0,0.0,0.0,0.7014,0.0,0.7014
WBGene00001063,dpy-1,"dpy-1 encodes a cuticulin; DPY-1 activity is required for normal body length and alae formation; dpy-1's site of action is localized to the hyp7 syncytium, based on mosaic analysis.","Zona pellucida domain; von Willebrand factor, type A",III,-,protein_coding,2034988,2048007,13020,2588,2390,4035,4007,19.88,18.36,38.23,10,4284,9071,48,4342,0,0,13020,0,0,0,1,0,0,0,0,1,0,1,0.0,0.0,0.1102,0.0,0.0,0.0,0.0,0.0768,0.0,0.0768,0,2,0,0,0,0,0,2,0,2,0.0,0.4669,0.0,0.0,0.0,0.0,0.0,0.1536,0.0,0.1536
WBGene00305991,E02H9.12,none available,,III,+,pseudogene,2456176,2457012,837,200,174,245,218,23.89,20.79,44.68,0,0,0,0,0,0,0,837,0,0,0,3,0,0,0,0,3,0,3,0.0,0.0,0.0,0.0,0.0,0.0,0.0,3.5842,0.0,3.5842,0,0,0,0,0,0,0,0,0,0,0.0,0.0,0.0,0.0,0.0,0.0,0.0,0.0,0.0,0.0
WBGene00017904,lim-8,"lim-8 encodes proteins containing one PDZ and one LIM domain; in vitro binding and yeast two-hybrid assays indicate that LIM-8 can physically interact with myosin heavy chain A (MYO-3) as well as with UNC-96 and UNC-97, suggesting that LIM-8 is part of a structural component that links membrane attachment proteins to myosin thick filaments; lim-8(RNAi) in a hypersensitive rrf-3 background results in partially penetrant paralysis at mid-larval stages of development; a lim-8::gfp promoter fusion is expressed in pharyngeal and body wall muscles, as well as in vulva, spermathecae, anal sphincter and depressor muscles, head neurons, gonadal sheath, and the excretory canal; staining with LIM-8 antibodies reveals that in body wall muscle LIM-8 localizes, at least partially, to M-lines, around which myosin thick filaments are organized.","PDZ domain; Zinc finger, LIM-type",III,+,protein_coding,6802788,6815963,13176,2299,2451,4192,4234,17.45,18.6,36.05,87,3681,10219,185,3953,0,0,13176,0,0,0,1,1,0,0,0,2,0,2,0.0,0.0,0.0979,5.4054,0.0,0.0,0.0,0.1518,0.0,0.1518,0,0,1,0,0,0,0,1,0,1,0.0,0.0,0.0979,0.0,0.0,0.0,0.0,0.0759,0.0,0.0759
WBGene00000679,col-105,none available,"Collagen triple helix repeat; Nematode cuticle collagen, N-terminal",IV,-,protein_coding,1357736,1359225,1490,346,388,380,376,23.22,26.04,49.26,0,873,537,80,953,0,0,1490,0,0,3,0,0,0,0,0,3,0,3,0.0,3.4364,0.0,0.0,0.0,0.0,0.0,2.0134,0.0,2.0134,0,0,0,0,0,0,0,0,0,0,0.0,0.0,0.0,0.0,0.0,0.0,0.0,0.0,0.0,0.0
WBGene00001186,egl-18,"egl-18 encodes a member of the GATA-family of transcription factors that affects cell migration, cell fate specification; expressed in the head, in hypodermal seam cells, VC neurons, and vulval precursor cells.","Zinc finger, GATA-type; Zinc finger, NHR/GATA-type",IV,+,protein_coding,1902322,1917840,15519,2984,3556,4192,4787,19.23,22.91,42.14,66,1140,13850,480,1686,0,0,15519,0,0,0,1,0,0,1,0,1,0,2,0.0,0.0,0.0722,0.0,0.0,0.0,0.0,0.0644,0.0,0.1289,0,0,1,0,0,0,0,1,0,1,0.0,0.0,0.0722,0.0,0.0,0.0,0.0,0.0644,0.0,0.0644
WBGene00235376,Y9C9A.112,none available,,IV,+,pseudogene,4920355,4929476,9122,1574,2205,2561,2782,17.25,24.17,41.43,0,0,0,0,0,0,0,9122,0,0,0,3,0,0,0,0,3,0,3,0.0,0.0,0.0,0.0,0.0,0.0,0.0,0.3289,0.0,0.3289,0,0,0,0,0,0,0,0,0,0,0.0,0.0,0.0,0.0,0.0,0.0,0.0,0.0,0.0,0.0
WBGene00017174,tat-6,"tat-6 encodes one of six C. elegans subfamily IV P-type ATPase that, by sequence similarity, is proposed to function as an aminophospholipid translocase (flippase); tat-6, which appears to be expressed at very low levels, is 73% identical to the highly expressed tat-5 gene, suggesting that it is a recent duplication of tat-5; animals homozygous for a tat-6 deletion allele, ok1984, are reportedly viable.","HAD-like domain; P-type ATPase; P-type ATPase, A  domain; P-type ATPase, C-terminal; P-type ATPase, N-terminal; P-type ATPase, cytoplasmic domain N; P-type ATPase, subfamily IV",V,+,protein_coding,3129103,3133412,4310,983,935,1184,1208,22.81,21.69,44.5,22,3195,930,163,3380,0,0,4310,0,0,0,0,0,0,0,0,0,0,0,0.0,0.0,0.0,0.0,0.0,0.0,0.0,0.0,0.0,0.0,0,0,3,0,0,0,0,3,0,3,0.0,0.0,3.2258,0.0,0.0,0.0,0.0,0.6961,0.0,0.6961
WBGene00006796,unc-62,"unc-62 encodes a Meis-class homeodomain protein required for posterior embryonic morphogenesis, male tail morphogenesis, commissure formation by VD and DD motor neurons, vulval morphogenesis, and normal locomotion; UNC-62 is orthologous to Drosophila HOMOTHORAX; both maternal-effect unc-62 alleles and the zygotic lethal unc-62(s472) allele phenotypically resemble mutations of the caudal ortholog pal-1; RNAi of the Pbc-class ceh-20 and ceh-40 homeodomain genes strongly enhances the hypomorphic unc-62(e644) allele to give either a strong loss-of-function or null-like phenotype, while overexpression of ceh-20 enhances the lethality of some unc-62 alleles.","Homeobox KN domain; Homeobox domain; Homeobox domain-like; Homeobox protein PKNOX/Meis, N-terminal",V,+,protein_coding,4497461,4511449,13989,2690,2960,4076,4263,19.23,21.16,40.39,5436,1868,11888,558,6345,0,0,13989,0,1,0,2,0,0,0,0,3,0,3,0.184,0.0,0.1682,0.0,0.0,0.0,0.0,0.2145,0.0,0.2145,0,0,0,0,0,0,0,0,0,0,0.0,0.0,0.0,0.0,0.0,0.0,0.0,0.0,0.0,0.0
WBGene00045293,fbxa-175,none available,,V,+,pseudogene,17547383,17549288,1906,426,462,511,507,22.35,24.24,46.59,0,0,0,0,0,0,0,1906,0,0,0,3,0,0,0,0,3,0,3,0.0,0.0,0.0,0.0,0.0,0.0,0.0,1.574,0.0,1.574,0,0,0,0,0,0,0,0,0,0,0.0,0.0,0.0,0.0,0.0,0.0,0.0,0.0,0.0,0.0
WBGene00006685,twk-33,none available,Potassium channel domain; Two pore domain potassium channel,V,-,protein_coding,17710042,17714377,4336,665,990,1331,1350,15.34,22.83,38.17,111,1854,2332,39,2004,0,0,4336,0,0,0,3,0,0,0,0,3,0,3,0.0,0.0,1.2864,0.0,0.0,0.0,0.0,0.6919,0.0,0.6919,0,0,0,0,0,0,0,0,0,0,0.0,0.0,0.0,0.0,0.0,0.0,0.0,0.0,0.0,0.0
WBGene00013355,gck-3,"gck-3 encodes a STE20-related kinase, required for normal excretory canal tubules, that is regulated by WNK-1 and in turn inhibits CLH-3; GCK-3 is expressed in oocytes and the excretory cell; GCK-3 binds the C-terminus of CLH-3B in both two-hybrid and GST affinity assays; GCK-3 inhibits a fast gating process in CLH-3B by phosphorylating it, both reducing the magnitude of CLH-3B's responses to hyperpolarization and slowing them; gck-3(tm1296) mutants are sterile, perhaps because they lose sperm from their spermathecae; gck-3(tm1296) mutants also have defective excretory canal tubules; both the fertility and the excretory canal phenotypes of gck-3(tm1296) are partially suppressible by the null clh-3(ok763) allele; a wnk-1 phenotype similar to gck-3(tm1296)'s is suppressible by constitutively activated GCK-3; and gck-3(RNAi) constitutively activates CLH-3B in immature oocytes; GCK-3 is phosphorylated by WNK-1 in vitro, and gck-3 mutants phenotypically resemble wnk-1.","Protein kinase domain; Protein kinase-like domain; Serine/threonine-protein kinase OSR1/WNK, CCT domain",V,-,protein_coding,17953886,17966847,12962,2218,2263,4276,4205,17.11,17.46,34.57,84,1841,10852,701,2626,0,0,12962,0,0,0,0,0,0,0,0,0,0,0,0.0,0.0,0.0,0.0,0.0,0.0,0.0,0.0,0.0,0.0,0,2,1,0,0,0,0,3,0,3,0.0,1.0864,0.0921,0.0,0.0,0.0,0.0,0.2314,0.0,0.2314
WBGene00012816,scl-21,none available,"CAP domain; Cysteine-rich  secretory protein, allergen V5/Tpx-1-related",V,-,protein_coding,19494762,19495687,926,228,206,245,247,24.62,22.25,46.87,0,597,329,0,597,0,0,926,0,0,0,0,0,0,0,0,0,0,0,0.0,0.0,0.0,0.0,0.0,0.0,0.0,0.0,0.0,0.0,0,0,3,0,0,0,0,3,0,3,0.0,0.0,9.1185,0.0,0.0,0.0,0.0,3.2397,0.0,3.2397
WBGene00012834,Y43F8C.13,none available,Inosine/uridine-preferring nucleoside hydrolase; Inosine/uridine-preferring nucleoside hydrolase domain,V,-,protein_coding,19693900,19697398,3499,815,663,993,1028,23.29,18.95,42.24,12,1017,2382,88,1117,0,0,3499,0,0,0,0,0,0,0,0,0,0,0,0.0,0.0,0.0,0.0,0.0,0.0,0.0,0.0,0.0,0.0,0,0,3,0,0,0,0,3,0,3,0.0,0.0,1.2594,0.0,0.0,0.0,0.0,0.8574,0.0,0.8574
WBGene00006652,ttx-1,"ttx-1 encodes a homeodomain protein that is a member of the OTD/OTX subclass of homeodomain transcription factors; ttx-1 is expressed at higher levels in the AFD thermosensory neurons as compared to the AWB olfactory neurons and is necessary and partly sufficient for specification of the AFD thermosensory neuron fate and thus for proper AFD-mediated thermosensory behavior and normal expression of genes such as gcy-8, nhr-38, ceh-14, tax-2, and dac-1; TTX-1 is also required for remodeling of glial cells during dauer larval development which is mediated by regulation of ver-1 expression; a TTX-1::GFP fusion protein is nuclear and expressed in the AFD neurons and the nine pharyngeal marginal cells.",Homeobox domain; Homeobox domain-like,V,-,protein_coding,20053719,20064176,10458,1805,1558,3560,3535,17.26,14.9,32.16,2,1188,9077,362,1552,0,0,10458,0,0,0,1,0,0,0,0,1,0,1,0.0,0.0,0.1102,0.0,0.0,0.0,0.0,0.0956,0.0,0.0956,0,0,1,0,0,0,1,1,0,2,0.0,0.0,0.1102,0.0,0.0,0.0,0.0,0.0956,0.0,0.1912
WBGene00022418,igcm-4,none available,Immunoglobulin I-set; Immunoglobulin subtype; Immunoglobulin subtype 2; Immunoglobulin-like domain; Immunoglobulin-like fold,X,-,protein_coding,2039397,2046360,6964,1286,1261,2157,2260,18.47,18.11,36.57,178,1626,4849,311,2115,0,0,6964,0,0,0,1,0,0,0,1,1,0,2,0.0,0.0,0.2062,0.0,0.0,0.0,0.0,0.1436,0.0,0.2872,0,0,1,0,0,0,0,1,0,1,0.0,0.0,0.2062,0.0,0.0,0.0,0.0,0.1436,0.0,0.1436
WBGene00003056,lon-2,"lon-2 encodes a member of the glypican family of heparan sulfate proteoglycans; during development, lon-2 activity is required in the hypodermis for negative regulation of the DBL-1/BMP signaling pathway that regulates body length; genetic analyses indicate that lon-2 functions upstream of dbl-1, and in vitro studies show that LON-2 can bind mammalian BMP2, suggesting that LON-2 may directly interact with DBL-1 to negatively regulate DBL-1/BMP signaling; in addition to expression in hypodermis, LON-2 is expressed strongly in the intestine, particularly the anterior and posterior cells; LON-2 localizes to the cell surface.",Glypican,X,-,protein_coding,4738964,4749083,10120,1774,1830,3342,3174,17.53,18.08,35.61,1,1527,8204,388,1916,0,0,10120,0,0,2,1,0,0,0,0,3,0,3,0.0,1.3098,0.1219,0.0,0.0,0.0,0.0,0.2964,0.0,0.2964,0,0,0,0,0,0,0,0,0,0,0.0,0.0,0.0,0.0,0.0,0.0,0.0,0.0,0.0,0.0
WBGene00000100,ajm-1,"ajm-1 encodes a member of the apical junction molecule class that is required for correct elongation of the C. elegans embryo; AJM-1 contains a coiled-coil motif; AJM-1 binds DLG-1 in vitro, in yeast two-hybrid assays, and in vivo; AJM-1 is mislocalized in a dlg-1(RNAi) background; LET-413 is required for rapid confinement of DLG-1 and AJM-1 to a narrow apical region in C. elegans epithelia; CLC-1 colocalizes with AJM-1; vab-9 mutations enhance the adhesion defects of ajm-1 mutants; ajm-1 is expressed at the apical borders of all epithelia.",,X,+,protein_coding,9082946,9113619,30674,5123,6008,9502,10041,16.7,19.59,36.29,1477,5807,24747,1841,7842,0,0,30674,0,0,1,1,0,0,0,0,2,0,2,0.0,0.1722,0.0404,0.0,0.0,0.0,0.0,0.0652,0.0,0.0652,0,0,1,0,0,0,0,1,0,1,0.0,0.0,0.0404,0.0,0.0,0.0,0.0,0.0326,0.0,0.0326
WBGene00005221,srg-64,none available,"7TM GPCR, serpentine receptor class g (Srg)",X,-,protein_coding,15736844,15740626,3783,772,662,1202,1147,20.41,17.5,37.91,0,951,2832,0,951,0,0,3783,0,0,0,0,0,0,0,0,0,0,0,0.0,0.0,0.0,0.0,0.0,0.0,0.0,0.0,0.0,0.0,0,0,3,0,0,0,0,3,0,3,0.0,0.0,1.0593,0.0,0.0,0.0,0.0,0.793,0.0,0.793
WBGene00018188,F38E9.6,none available,,X,+,protein_coding,16432443,16440597,8155,1329,1625,2511,2690,16.3,19.93,36.22,152,243,7528,234,629,0,0,8155,0,0,0,3,0,0,0,0,3,0,3,0.0,0.0,0.3985,0.0,0.0,0.0,0.0,0.3679,0.0,0.3679,0,0,0,0,0,0,0,0,0,0,0.0,0.0,0.0,0.0,0.0,0.0,0.0,0.0,0.0,0.0
WBGene00019211,H18N23.2,none available,"CBM21 (carbohydrate binding type-21) domain; Protein phosphatase 1 regulatory subunit 3B/C/D, metazoa",X,-,protein_coding,17622710,17640871,18162,3435,3067,6094,5566,18.91,16.89,35.8,135,1130,15863,1106,2364,0,0,18162,0,0,0,0,0,0,0,0,0,0,0,0.0,0.0,0.0,0.0,0.0,0.0,0.0,0.0,0.0,0.0,0,2,0,0,0,0,1,2,0,3,0.0,1.7699,0.0,0.0,0.0,0.0,0.0,0.1101,0.0,0.1652
WBGene00021683,mtm-10,none available,Myotubularin family; Myotubularin-like phosphatase domain; Myotubularin-related 12-like C-terminal domain; PH domain-like; Protein-tyrosine phosphatase-like,I,+,protein_coding,81193,91296,10104,1665,1688,3390,3361,16.48,16.71,33.18,41,2412,6962,689,3142,0,0,10104,0,0,1,0,0,0,0,0,1,0,1,0.0,0.4146,0.0,0.0,0.0,0.0,0.0,0.099,0.0,0.099,0,0,1,0,0,0,0,1,0,1,0.0,0.0,0.1436,0.0,0.0,0.0,0.0,0.099,0.0,0.099
WBGene00000227,atm-1,atm-1 encodes an ortholog of human ATM that is required for the checkpoint response to DNA damage; human ATM encodes a phosphatidylinositol-3 kinase homolog that is biochemically activated by cellular irradiation.,"FATC domain; Phosphatidylinositol 3-/4-kinase, catalytic domain; Protein kinase-like domain",I,+,protein_coding,183364,208384,25021,4600,4290,8178,7953,18.38,17.15,35.53,12,7137,17440,432,7581,0,0,25021,0,0,1,1,0,0,0,0,2,0,2,0.0,0.1401,0.0573,0.0,0.0,0.0,0.0,0.0799,0.0,0.0799,0,0,0,0,0,0,0,0,0,0,0.0,0.0,0.0,0.0,0.0,0.0,0.0,0.0,0.0,0.0
WBGene00305445,F54A5.7,none available,,I,-,ncRNA,972866,976553,3688,698,593,1189,1208,18.93,16.08,35.01,0,0,0,0,0,0,0,3688,0,0,0,0,0,0,0,0,0,0,0,0.0,0.0,0.0,0.0,0.0,0.0,0.0,0.0,0.0,0.0,2,0,0,0,0,0,0,2,0,2,0.0,0.0,0.0,0.0,0.0,0.0,0.0,0.5423,0.0,0.5423
WBGene00002141,inx-19,"inx-19 encodes an innexin, proteins that form gap junction channels; inx-19 functions in parallel with the NSY-4 claudin to specify the AWC chemosensory neuron ON fate; in specifying the AWC on fate, inx-19 appears to function cell autonomously; inx-19 also regulates body size and growth.",Innexin,I,-,protein_coding,2451898,2464618,12721,2313,2323,4061,4024,18.18,18.26,36.44,187,1365,11114,76,1609,0,0,12721,0,0,0,2,0,0,0,0,2,0,2,0.0,0.0,0.18,0.0,0.0,0.0,0.0,0.1572,0.0,0.1572,0,0,0,0,0,0,0,0,0,0,0.0,0.0,0.0,0.0,0.0,0.0,0.0,0.0,0.0,0.0
WBGene00000368,ccb-1,"ccb-1 encodes a beta subunit of a voltage-gated calcium channel; recordings of voltage-dependent calcium currents indicate that CCB-1 regulates voltage dependence, kinetics, and conductance of the EGL-19 alpha1 subunit of the body wall muscle voltage-dependent calcium channel; a ccb-1::gfp promoter fusion is expressed in most neurons and muscle cells types.","Guanylate kinase/L-type calcium channel beta subunit; P-loop containing nucleoside triphosphate hydrolase; SH3 domain; Voltage-dependent calcium channel, L-type, beta subunit",I,-,protein_coding,3641651,3647082,5432,1053,1117,1571,1691,19.39,20.56,39.95,201,1581,3343,307,2089,0,0,5432,0,0,0,1,0,0,0,0,1,0,1,0.0,0.0,0.2991,0.0,0.0,0.0,0.0,0.1841,0.0,0.1841,0,0,1,0,0,0,0,1,0,1,0.0,0.0,0.2991,0.0,0.0,0.0,0.0,0.1841,0.0,0.1841
WBGene00006820,unc-89,"unc-89 encodes several protein isoforms variably characterized by the presence or absence of SH3, DH, PH, immunoglobulin and myosin light chain kinase (MLCK)-like protein kinase domains; during development, unc-89 is required for proper organization of A bands in striated muscle and thus for fully normal locomotion, pharyngeal muscle contractions, and body size; unc-89 is expressed in body wall muscle, pharyngeal muscle and some cells in the tail; UNC-89 protein isoforms localize to the middle of A-bands, consistent with UNC-89 being an M line component; UNC-89 interacts with the SCPL-1 phosphatase both in vitro and in vivo.",Dbl homology (DH) domain; Fibronectin type III; Immunoglobulin I-set; Immunoglobulin V-set domain; Immunoglobulin subtype; Immunoglobulin subtype 2; Immunoglobulin-like domain; Immunoglobulin-like fold; PH domain-like; Pleckstrin homology domain; Protein kinase domain; Protein kinase-like domain; RCSD; SH3 domain,I,+,protein_coding,4035702,4090885,55184,10507,10269,17927,16481,19.04,18.61,37.65,421,24384,36226,1137,25942,0,0,55184,0,0,1,0,0,0,0,0,1,0,1,0.0,0.041,0.0,0.0,0.0,0.0,0.0,0.0181,0.0,0.0181,0,0,1,0,0,0,0,1,0,1,0.0,0.0,0.0276,0.0,0.0,0.0,0.0,0.0181,0.0,0.0181
WBGene00010427,hpo-11,"hpo-11 is an ortholog of human NRBP2 (nuclear receptor binding protein 2) and NRBP1 (nuclear receptor binding protein 1); hpo-11 is involved in lipid storage and oviposition; hpo-11 is predicted to have protein kinase activity, based on protein domain information; hpo-11 is expressed in the pharynx, nervous system, reproductive system, seam cell, intestine, excretory gland cell, and the body wall musculature; hpo-11 expression is activated by DAF-16.","Protein kinase-like domain; Serine-threonine/tyrosine-protein kinase, catalytic domain",I,-,protein_coding,7138482,7147578,9097,1625,1578,2997,2897,17.86,17.35,35.21,157,1950,5194,1796,3903,0,0,9097,0,0,0,1,0,0,0,0,1,0,1,0.0,0.0,0.1925,0.0,0.0,0.0,0.0,0.1099,0.0,0.1099,0,0,0,1,0,0,0,1,0,1,0.0,0.0,0.0,0.5568,0.0,0.0,0.0,0.1099,0.0,0.1099
WBGene00000433,ceh-8,"ceh-8 encodes a paired-like homeodomain protein of the Q50 class orthologous to the Rx homeobox protein of humans (RAX; OMIM:601881) and Drosophila (CG10052-PA); CEH-8 and RX belong to one of at least 18 distinct families of paired-like homeodomain proteins, including 12 families in the Q50 class.",Homeobox domain; Homeobox domain-like,I,-,protein_coding,8245505,8250948,5444,908,908,1802,1826,16.68,16.68,33.36,86,877,4211,350,1313,0,0,5444,0,0,0,2,0,0,0,0,2,0,2,0.0,0.0,0.4749,0.0,0.0,0.0,0.0,0.3674,0.0,0.3674,0,0,0,0,0,0,0,0,0,0,0.0,0.0,0.0,0.0,0.0,0.0,0.0,0.0,0.0,0.0
WBGene00013124,Y52B11A.4,none available,"P-loop containing nucleoside triphosphate hydrolase; Small GTPase superfamily; Small GTPase superfamily, Ras type",I,-,protein_coding,10979589,11004283,24695,3844,3454,8954,8443,15.57,13.99,29.55,0,1404,22872,419,1823,0,0,24695,0,0,0,0,0,0,0,0,0,0,0,0.0,0.0,0.0,0.0,0.0,0.0,0.0,0.0,0.0,0.0,0,1,1,0,0,0,0,2,0,2,0.0,0.7123,0.0437,0.0,0.0,0.0,0.0,0.081,0.0,0.081
WBGene00001980,hmr-1,"hmr-1 encodes two isoforms of a classical cadherin that contain extracellular cadherin, EGF-like, and laminin G domains as well as a highly conserved intracellular domain that binds beta-catenin; by homology, the HMR-1 proteins are predicted to function as calcium-dependent, homophilic cell-cell adhesion receptors; in vivo, HMR-1A activity is required for mediating the cell migrations, cell shape changes, and presumably actin cytoskeleton rearrangements that occur during embryonic tissue and body morphogenesis; HMR-1B is required for fasciculation and outgrowth of a subset of motor neuron processes; HMR-1 antibodies detect expression in all embryonic blastomeres at early stages of development but as hypodermal adherens junctions form and morphogenesis begins, HMR-1 becomes highly expressed in the apical junctions of all hypodermal cells; later, HMR-1 is expressed primarily at the apical margins of hypodermal, pharyngeal, and intestinal cells in a pattern consistent with localization to adherens junctions; an HMR-1B reporter fusion is expressed in neurons, including the DD, VD, and AS class of motor neurons; HMR-1 activity is required for proper localization of other junctional components, such as HMP-1/alpha-catenin and HMP-2/beta-catenin, but not for localization of AJM-1, the junctional component recognized by the MH27 antibody.","Cadherin; Cadherin, cytoplasmic domain; Cadherin-like; Catenin binding domain; Concanavalin A-like lectin/glucanase domain; EGF-like domain; Laminin G domain",I,-,protein_coding,11075755,11134667,58913,10781,11264,18956,17912,18.3,19.12,37.42,375,9067,49425,617,9986,0,0,58913,0,0,1,0,0,0,0,0,1,0,1,0.0,0.1103,0.0,0.0,0.0,0.0,0.0,0.017,0.0,0.017,0,0,0,0,0,0,1,0,0,1,0.0,0.0,0.0,0.0,0.0,0.0,0.0,0.0,0.0,0.017
WBGene00013177,rsy-1,none available,PNN-interacting serine/arginine-rich protein,I,-,protein_coding,11216118,11221995,5878,1032,993,1811,2042,17.56,16.89,34.45,20,1770,3927,255,2045,0,0,5878,0,0,1,0,0,0,0,0,1,0,1,0.0,0.565,0.0,0.0,0.0,0.0,0.0,0.1701,0.0,0.1701,0,1,0,0,0,0,0,1,0,1,0.0,0.565,0.0,0.0,0.0,0.0,0.0,0.1701,0.0,0.1701
WBGene00007638,C17D12.3,none available,"Galactose-binding domain-like; Peptide N glycanase, PAW domain",I,-,protein_coding,11616816,11620263,3448,582,860,1007,999,16.88,24.94,41.82,0,1257,2191,0,1257,0,0,3448,0,0,0,1,0,0,0,0,1,0,1,0.0,0.0,0.4564,0.0,0.0,0.0,0.0,0.29,0.0,0.29,0,0,1,0,0,0,0,1,0,1,0.0,0.0,0.4564,0.0,0.0,0.0,0.0,0.29,0.0,0.29
WBGene00012945,Y47H9A.1,none available,"Galactose-binding domain-like; Peptide N glycanase, PAW domain",I,+,protein_coding,11623115,11626562,3448,860,582,999,1007,24.94,16.88,41.82,0,1257,2191,0,1257,0,0,3448,0,0,0,1,0,0,0,0,1,0,1,0.0,0.0,0.4564,0.0,0.0,0.0,0.0,0.29,0.0,0.29,0,0,1,0,0,0,0,1,0,1,0.0,0.0,0.4564,0.0,0.0,0.0,0.0,0.29,0.0,0.29
WBGene00012948,dhhc-2,none available,"Palmitoyltransferase, DHHC domain",I,+,protein_coding,11836460,11849258,12799,2013,2084,4242,4460,15.73,16.28,32.01,130,1215,11356,98,1443,0,0,12799,0,0,0,2,0,0,0,0,2,0,2,0.0,0.0,0.1761,0.0,0.0,0.0,0.0,0.1563,0.0,0.1563,0,0,0,0,0,0,0,0,0,0,0.0,0.0,0.0,0.0,0.0,0.0,0.0,0.0,0.0,0.0
WBGene00014100,ZK849.1,none available,PDZ domain,I,-,protein_coding,14182595,14185707,3113,793,619,899,802,25.47,19.88,45.36,112,996,1813,192,1300,0,0,3113,0,0,0,0,0,0,0,0,0,0,0,0.0,0.0,0.0,0.0,0.0,0.0,0.0,0.0,0.0,0.0,0,0,2,0,0,0,0,2,0,2,0.0,0.0,1.1031,0.0,0.0,0.0,0.0,0.6425,0.0,0.6425
WBGene00001377,eya-1,"eya-1 encodes a protein orthologous to the Eyes absent/Eya Drosophila protein which is involved in eye development and has protein tyrosine phosphatase ; RNA interference and mutant studies indicate that eya-1 is involved in embryonic and larval tissue morphogenesis as well as larval viability; eya-1 mutants show increased embryonic cell deaths due to activation of the cell death pathway; eya-1 functions redundantly with vab-3/eyeless to control larval viability and anterior body morphogenesis; GFP studies show that eya-1 is expressed in a subset of nuclei during embryonic morphogenesis; the human genes EYA1 and EYA4, when mutated, lead to disease syndromes.",Eyes absent family,I,-,protein_coding,14220693,14231360,10668,2039,1904,3465,3260,19.11,17.85,36.96,253,1512,8858,180,1861,0,0,10668,0,0,0,0,0,0,0,0,0,0,0,0.0,0.0,0.0,0.0,0.0,0.0,0.0,0.0,0.0,0.0,0,0,2,0,0,0,0,2,0,2,0.0,0.0,0.2258,0.0,0.0,0.0,0.0,0.1875,0.0,0.1875
WBGene00013668,slc-30A5,"Y105E8A.3 encodes a protein with similarity to members of the SLC30A family of zinc transporters; a deletion mutation, tm3941, that affects Y105E8A.2 and  Y105E8A.3 has been reported to result in a lethal or sterile phenotype by the National Bioresource Project of Japan; the product of Y105E8A.3 localizes to the endoplasmic reticulum in body wall muscle; about 50% of Y105E8A.3 transcripts are RNA edited to change A to G resulting in a synonymous change to residue 319 from an G to a G.",Cation efflux protein,I,+,protein_coding,14358562,14367594,9033,1508,1394,2942,3189,16.69,15.43,32.13,100,2241,6503,189,2530,0,0,9033,0,0,0,1,0,0,0,0,1,0,1,0.0,0.0,0.1538,0.0,0.0,0.0,0.0,0.1107,0.0,0.1107,0,0,1,0,0,0,0,1,0,1,0.0,0.0,0.1538,0.0,0.0,0.0,0.0,0.1107,0.0,0.1107
WBGene00013683,zoo-1,"zoo-1 encodes a protein ortholog of the zonula occludens (ZO) subfamily of membrane-associated guanylate kinases (MAGUKs); zoo-1 is involved in the recruitment of actin to cell junctions in a hmr-1/cadherin dependant manner; genetic interaction studies indicate that zoo-1 acts together with hmp-1/alpha-catenin and hmp-2/beta-catenin for the proper organization of actin at epidermal junctions during epthelial morphogenesis; consistant with these roles, zoo-1 expression is enriched at epidermal cell borders; zoo-1 is also expressed in myoblasts and mature muscle cells.",Guanylate kinase/L-type calcium channel beta subunit; P-loop containing nucleoside triphosphate hydrolase; PDZ domain; ZU5 domain,I,+,protein_coding,14529529,14546870,17342,3181,3332,5267,5562,18.34,19.21,37.56,3,3492,13728,236,3731,0,0,17342,0,0,0,1,0,0,0,0,1,0,1,0.0,0.0,0.0728,0.0,0.0,0.0,0.0,0.0577,0.0,0.0577,0,1,0,0,0,0,0,1,0,1,0.0,0.2864,0.0,0.0,0.0,0.0,0.0,0.0577,0.0,0.0577
WBGene00018734,F53A10.2,"F53A10.2 encodes a Rap1GAP homolog; a region of F53A10.2 encompassing one GoLoco motif specifically binds GOA-1 in yeast two-hybrid assays, and also binds itself; F53A10.2 is expressed in hypodermal seam cells, various neurons, and intestinal cells; F53A10.2 has no obvious function or phenotype in RNAi assays, whether in a normal background or in goa-1(-) or goa-1(gf) mutant backgrounds.",GoLoco motif; Rap GTPase activating protein domain,II,+,protein_coding,1197374,1230782,33409,5466,6112,10286,11545,16.36,18.29,34.66,1996,2748,30856,317,3581,0,0,33409,0,0,0,2,0,0,0,0,2,0,2,0.0,0.0,0.0648,0.0,0.0,0.0,0.0,0.0599,0.0,0.0599,0,0,0,0,0,0,0,0,0,0,0.0,0.0,0.0,0.0,0.0,0.0,0.0,0.0,0.0,0.0
WBGene00306078,Y51H7C.42,none available,,II,+,pseudogene,1447291,1450378,3088,776,551,978,783,25.13,17.84,42.97,0,0,0,0,0,0,0,3088,0,0,1,0,0,0,0,0,1,0,1,0.0,0.0,0.0,0.0,0.0,0.0,0.0,0.3238,0.0,0.3238,0,1,0,0,0,0,0,1,0,1,0.0,0.0,0.0,0.0,0.0,0.0,0.0,0.3238,0.0,0.3238
WBGene00003709,nhr-119,none available,"Nuclear hormone receptor; Nuclear hormone receptor family 5; Nuclear hormone receptor, ligand-binding domain; Zinc finger, NHR/GATA-type; Zinc finger, nuclear hormone receptor-type",II,-,protein_coding,2794016,2800600,6585,1304,1264,1984,2033,19.8,19.2,39.0,18,2127,3371,1069,3214,0,0,6585,0,0,1,0,0,0,0,0,1,0,1,0.0,0.4701,0.0,0.0,0.0,0.0,0.0,0.1519,0.0,0.1519,0,0,0,1,0,0,0,1,0,1,0.0,0.0,0.0,0.9355,0.0,0.0,0.0,0.1519,0.0,0.1519
WBGene00005178,srg-21,none available,"7TM GPCR, serpentine receptor class g (Srg)",II,-,protein_coding,3087942,3091368,3427,708,779,1045,895,20.66,22.73,43.39,72,1006,2268,85,1163,0,0,3427,0,0,0,2,0,0,0,0,2,0,2,0.0,0.0,0.8818,0.0,0.0,0.0,0.0,0.5836,0.0,0.5836,0,0,0,0,0,0,0,0,0,0,0.0,0.0,0.0,0.0,0.0,0.0,0.0,0.0,0.0,0.0
WBGene00197562,T10D4.16,none available,,II,+,ncRNA,3153866,3153948,83,17,37,27,2,20.48,44.58,65.06,0,0,0,0,83,0,0,83,0,0,0,2,0,0,0,0,2,0,2,0.0,0.0,0.0,0.0,0.0,0.0,0.0,24.0964,0.0,24.0964,0,0,0,0,0,0,0,0,0,0,0.0,0.0,0.0,0.0,0.0,0.0,0.0,0.0,0.0,0.0
WBGene00019487,ephx-1,none available,Dbl homology (DH) domain; PH domain-like; Pleckstrin homology domain; SH3 domain,II,+,protein_coding,4004914,4016081,11168,2114,2212,3302,3540,18.93,19.81,38.74,0,3480,7376,312,3792,0,0,11168,0,0,1,0,0,0,0,0,1,0,1,0.0,0.2874,0.0,0.0,0.0,0.0,0.0,0.0895,0.0,0.0895,0,0,1,0,0,0,0,1,0,1,0.0,0.0,0.1356,0.0,0.0,0.0,0.0,0.0895,0.0,0.0895
WBGene00021052,W06A11.1,none available,,II,+,protein_coding,4067558,4072935,5378,1151,1130,1573,1524,21.4,21.01,42.41,66,1998,3066,248,2312,0,0,5378,0,0,1,1,0,0,0,0,2,0,2,0.0,0.5005,0.3262,0.0,0.0,0.0,0.0,0.3719,0.0,0.3719,0,0,0,0,0,0,0,0,0,0,0.0,0.0,0.0,0.0,0.0,0.0,0.0,0.0,0.0,0.0
WBGene00006657,twk-2,"twk-2 encodes one of 44 C. elegans TWK (two-P domain K+) potassium channel subunits that contain two pore-forming domains and four transmembrane domains; the precise role of TWK-2 in C. elegans development and/or behavior is not yet known, but TWK-2 may function redundantly with other TWK channels; TWK-2 is expressed in a subset of neurons.",Potassium channel domain; Two pore domain potassium channel,II,-,protein_coding,4441103,4453151,12049,2165,2213,3839,3832,17.97,18.37,36.33,0,4564,8191,225,4789,0,0,12049,0,0,0,1,0,0,0,0,1,0,1,0.0,0.0,0.1221,0.0,0.0,0.0,0.0,0.083,0.0,0.083,0,0,1,0,0,0,0,1,0,1,0.0,0.0,0.1221,0.0,0.0,0.0,0.0,0.083,0.0,0.083
WBGene00015135,cyp-23A1,"cyp-23A1 encodes a cytochrome P450 homologous to the human gene CYP7B1, which when mutated leads to giant cell hepatitis (OMIM:231100); as a cytochrome P450, CYP-23A1 is predicted to function as a membrane-associated, heme-containing NADPH-dependent monooxygenases that catalyzes the oxidative metabolism of a variety of exogenous compounds and endogenous substrates.","Cytochrome P450; Cytochrome P450, E-class, group I",II,+,protein_coding,4512211,4516133,3923,694,594,1271,1364,17.69,15.14,32.83,15,1605,2204,99,1719,0,0,3923,0,0,0,0,0,0,0,0,0,0,0,0.0,0.0,0.0,0.0,0.0,0.0,0.0,0.0,0.0,0.0,0,0,2,0,0,0,0,2,0,2,0.0,0.0,0.9074,0.0,0.0,0.0,0.0,0.5098,0.0,0.5098
WBGene00006626,tsn-1,tsn-1 encodes the C. elegans ortholog of Tudor-SN (tudor staphylococcal nuclease); TSN-1 is a component of the RNA-induced silencing complex (RISC) and its activity is required for proper function of the let-7 miRNA in vivo; TSN-1 is found in both the nucleus and the cytosol.,"RNA-induced silencing complex, nuclease component Tudor-SN; Staphylococcal nuclease (SNase-like), OB-fold; Tudor domain",II,+,protein_coding,4706821,4710168,3348,730,748,934,936,21.8,22.34,44.15,23,2745,186,394,3162,0,0,3348,0,0,2,0,0,0,0,0,2,0,2,0.0,0.7286,0.0,0.0,0.0,0.0,0.0,0.5974,0.0,0.5974,0,0,0,0,0,0,0,0,0,0,0.0,0.0,0.0,0.0,0.0,0.0,0.0,0.0,0.0,0.0
WBGene00001368,exc-7,"exc-7 encodes an ELAV, an mRNA-binding protein homologous to Drosophila ELAV and human HuC/D (OMIM:603458, 168360, autoimmune antigens associated with paraneoplastic neurologic disorders); EXC-7 is required for formation of the tailspike and the excretory cell canals; exc-7 mutations enhance defects produced by mutations in exc-3, predicted to encode a peptidase, and sma-1, which encodes beta H-spectrin, a key component of the apical cytokeleton of polarized epithelial cells such as the excretory cell; in vitro, EXC-7 can bind the sma-1 mRNA 3' UTR, and thus is predicted to regulate SMA-1 expression in vivo; EXC-7 is expressed transiently in the excretory cell nucleus during mid-embryogenesis and during larval stages is detected in the pharynx, nerve ring, and nerve cord nuclei.",Paraneoplastic encephalomyelitis antigen; RNA recognition motif domain; Splicing factor ELAV/Hu,II,+,protein_coding,9575970,9581560,5591,900,1076,1762,1853,16.1,19.25,35.34,337,1371,3400,457,2165,0,0,5591,0,0,0,1,1,0,0,0,2,0,2,0.0,0.0,0.2941,2.1882,0.0,0.0,0.0,0.3577,0.0,0.3577,0,0,0,0,0,0,0,0,0,0,0.0,0.0,0.0,0.0,0.0,0.0,0.0,0.0,0.0,0.0
WBGene00000995,die-1,"die-1 encodes a C2H2 zinc finger protein containing four fingers, homologous to CG18265-PA in Drosophila; DIE-1 is autonomously required in the posterior dorsal hypodermis for intercalation, for morphogenesis in other embryonic tissues, and for normal postembryonic growth and vulval development.",,II,-,protein_coding,10061302,10067917,6616,1348,1125,2219,1924,20.37,17.0,37.38,0,1941,3872,803,2744,0,0,6616,0,0,0,0,0,0,0,0,0,0,0,0.0,0.0,0.0,0.0,0.0,0.0,0.0,0.0,0.0,0.0,0,0,1,0,0,0,1,1,0,2,0.0,0.0,0.2583,0.0,0.0,0.0,0.0,0.1511,0.0,0.3023
WBGene00013273,marc-5,none available,"E3 ubiquitin-protein ligase MARCH-like; Zinc finger, RING-CH-type; Zinc finger, RING/FYVE/PHD-type",II,-,protein_coding,12358692,12379530,20839,3863,3468,7253,6255,18.54,16.64,35.18,19,1806,18700,314,2139,0,0,20839,0,0,0,2,0,0,0,0,2,0,2,0.0,0.0,0.107,0.0,0.0,0.0,0.0,0.096,0.0,0.096,0,0,0,0,0,0,0,0,0,0,0.0,0.0,0.0,0.0,0.0,0.0,0.0,0.0,0.0,0.0
WBGene00013014,Y48E1C.1,none available,CENP-S/Mhf1,II,+,protein_coding,13415007,13424449,9443,1667,2166,2721,2889,17.65,22.94,40.59,22,1344,8737,93,1459,0,0,9443,0,0,1,1,0,0,0,0,2,0,2,0.0,0.744,0.1145,0.0,0.0,0.0,0.0,0.2118,0.0,0.2118,0,0,0,0,0,0,0,0,0,0,0.0,0.0,0.0,0.0,0.0,0.0,0.0,0.0,0.0,0.0
WBGene00000662,col-87,none available,Collagen triple helix repeat,II,-,protein_coding,14089851,14094690,4840,1040,1121,1305,1374,21.49,23.16,44.65,0,1647,2969,224,1871,0,0,4840,0,0,2,0,0,0,0,0,2,0,2,0.0,1.2143,0.0,0.0,0.0,0.0,0.0,0.4132,0.0,0.4132,0,0,0,0,0,0,0,0,0,0,0.0,0.0,0.0,0.0,0.0,0.0,0.0,0.0,0.0,0.0
WBGene00200776,F40G9.22,none available,,III,+,ncRNA,168489,168766,278,61,99,77,41,21.94,35.61,57.55,0,0,0,0,278,0,0,278,0,0,2,0,0,0,0,0,2,0,2,0.0,0.0,0.0,0.0,0.0,0.0,0.0,7.1942,0.0,7.1942,0,0,0,0,0,0,0,0,0,0,0.0,0.0,0.0,0.0,0.0,0.0,0.0,0.0,0.0,0.0
WBGene00002230,klp-20,"klp-20 encodes one of 19 C. elegans kinesin-like proteins; KLP-20, along with KLP-11 and KAP-1, is a component of heterotrimeric kinesin-II that cooperates with OSM-3 motors to facilitate anterograde intraflagellar transport essential for formation of sensory neuron cilia.",Kinesin motor domain; P-loop containing nucleoside triphosphate hydrolase,III,+,protein_coding,209992,230450,20459,3915,3520,6562,6462,19.14,17.21,36.34,75,1941,18412,255,2271,0,0,20459,0,0,0,0,0,0,0,0,0,0,0,0.0,0.0,0.0,0.0,0.0,0.0,0.0,0.0,0.0,0.0,0,0,2,0,0,0,0,2,0,2,0.0,0.0,0.1086,0.0,0.0,0.0,0.0,0.0978,0.0,0.0978
WBGene00015173,trpp-11,none available,"Foie gras liver health family 1; TRAPP II complex, TRAPPC10; Winged helix-turn-helix DNA-binding domain",III,+,protein_coding,795136,809437,14302,2575,2507,4640,4580,18.0,17.53,35.53,3,3273,10949,77,3353,0,0,14302,0,0,0,2,0,0,0,0,2,0,2,0.0,0.0,0.1827,0.0,0.0,0.0,0.0,0.1398,0.0,0.1398,0,0,0,0,0,0,0,0,0,0,0.0,0.0,0.0,0.0,0.0,0.0,0.0,0.0,0.0,0.0
WBGene00004128,pqn-41,"The protein product of this gene is predicted to contain a glutamine/asparagine (Q/N)-rich ('prion') domain, by the algorithm of Michelitsch and Weissman (as of the WS77 release of WormBase, i.e., in wormpep77).",,III,+,protein_coding,1905958,1939570,33613,6323,6809,10419,10062,18.81,20.26,39.07,2016,6201,27370,240,6786,0,0,33613,0,0,1,1,0,0,0,0,2,0,2,0.0,0.1613,0.0365,0.0,0.0,0.0,0.0,0.0595,0.0,0.0595,0,0,0,0,0,0,0,0,0,0,0.0,0.0,0.0,0.0,0.0,0.0,0.0,0.0,0.0,0.0
WBGene00002915,let-805,"let-805 encodes myotactin, a novel single-transmembrane protein containing extracellular fibronectin repeats; genetic analyses indicate that LET-805 is essential for proper association between hypodermal fibrous organelles and the contractile apparatus of muscle cells; LET-805 is expressed in hypodermal cells and in the pharynx and localizes to basolateral membranes.",Fibronectin type III; Immunoglobulin-like fold,III,+,protein_coding,2658083,2681112,23030,4819,5228,6740,6243,20.92,22.7,43.63,155,13507,9903,538,14200,0,0,23030,0,0,2,0,0,0,0,0,2,0,2,0.0,0.1481,0.0,0.0,0.0,0.0,0.0,0.0868,0.0,0.0868,0,0,0,0,0,0,0,0,0,0,0.0,0.0,0.0,0.0,0.0,0.0,0.0,0.0,0.0,0.0
WBGene00001494,frm-8,"frm-8 encodes a protein containing a WW domain, a PDZ domain, and a FERM domain and has homology to the human predicted protein KIAA0316.","Band 4.1 domain; FERM central domain; FERM, N-terminal; PDZ domain; Ubiquitin-related domain; WW domain",III,-,protein_coding,3200795,3219150,18356,3107,2984,6219,6046,16.93,16.26,33.18,19,2667,15631,156,2842,0,0,18356,0,0,0,0,0,0,0,0,0,0,0,0.0,0.0,0.0,0.0,0.0,0.0,0.0,0.0,0.0,0.0,0,1,1,0,0,0,0,2,0,2,0.0,0.375,0.064,0.0,0.0,0.0,0.0,0.109,0.0,0.109
WBGene00007169,B0393.4,none available,Maelstrom domain,III,-,protein_coding,4759680,4763609,3930,831,755,1204,1140,21.15,19.21,40.36,81,2412,1314,123,2616,0,0,3930,0,0,0,0,0,0,0,0,0,0,0,0.0,0.0,0.0,0.0,0.0,0.0,0.0,0.0,0.0,0.0,0,2,0,0,0,0,0,2,0,2,0.0,0.8292,0.0,0.0,0.0,0.0,0.0,0.5089,0.0,0.5089
WBGene00012942,idpc-1,none available,EB domain,III,+,protein_coding,11427206,11428414,1209,230,406,243,330,19.02,33.58,52.61,21,810,141,237,1068,0,0,1209,0,0,2,0,0,0,0,0,2,0,2,0.0,2.4691,0.0,0.0,0.0,0.0,0.0,1.6543,0.0,1.6543,0,0,0,0,0,0,0,0,0,0,0.0,0.0,0.0,0.0,0.0,0.0,0.0,0.0,0.0,0.0
WBGene00000793,crh-1,"crh-1 encodes a homolog of the cyclic AMP-response element binding protein (CREB); crh-1 is involved in the transcription of CRE-sequence dependant genes activated by a CaM kinase cascade; crh-1 is required in the bilateral thermosensory neuron AFD, for a memory-related behaviour and for response to tap (nonlocalized mechanosensory stimulation) and tap habituation; crh-1 appears to be ubiquitously expressed.","Basic-leucine zipper domain; Coactivator CBP, pKID; cAMP response element binding (CREB) protein",III,+,protein_coding,11657767,11693981,36215,5752,6404,11605,12454,15.88,17.68,33.57,428,1563,34852,427,2418,0,0,36215,0,0,0,1,0,0,0,1,1,0,2,0.0,0.0,0.0287,0.0,0.0,0.0,0.0,0.0276,0.0,0.0552,0,0,0,0,0,0,0,0,0,0,0.0,0.0,0.0,0.0,0.0,0.0,0.0,0.0,0.0,0.0
WBGene00003826,ntl-3,"ntl-3 is the ortholog of NOT3/NOT5, a member of a protein complex also predicted to contain ccf-1/Y56A3A.20 (CAF1/POP2); ntl-3 is required for embryonic viability in mass RNAi assays.","CCR4-Not complex component, Not N-terminal domain; NOT2/NOT3/NOT5",III,-,protein_coding,11831012,11846465,15454,2910,2799,4940,4805,18.83,18.11,36.94,4,2106,12887,457,2567,0,0,15454,0,0,0,0,0,0,0,0,0,0,0,0.0,0.0,0.0,0.0,0.0,0.0,0.0,0.0,0.0,0.0,0,0,1,1,0,0,0,2,0,2,0.0,0.0,0.0776,2.1882,0.0,0.0,0.0,0.1294,0.0,0.1294
WBGene00013034,tat-1,"tat-1 encodes one of six C. elegans subfamily IV P-type ATPase that, by sequence similarity, is proposed to function as an aminophospholipid translocase (flippase); TAT-1 activity is required for regulating phosphatidylserine asymmetry on the plasma membrane and thus, for regulation of phagocytic engulfment of cells; in addition, TAT-1 activity is required for phosphatidylserine transport across membranes and elements of membrane trafficking, including the biogenesis of lysosome-derived storage organelles and an early step in endocytosis; a tat-1::gfp promoter fusion is first expressed during embryogenesis and continues through larval and adult stages with expression seen in the intestine, the germ line, the epidermis, body wall and pharyngeal muscles, and the nervous system; in intestinal cells, a TAT-1::GFP isoform localizes to the apical and basolateral cell membranes as well as to organelles such as the Golgi and those of the endosomal pathway; in the germ line, a TAT-1::FLAG fusion protein localizes to the plasma membrane; the TAT-1C isoform, which is expressed in the intestine, physically interacts with the NUM-1A PTB domain.","HAD-like domain; P-type ATPase; P-type ATPase, A  domain; P-type ATPase, C-terminal; P-type ATPase, N-terminal; P-type ATPase, cytoplasmic domain N; P-type ATPase, subfamily IV",III,-,protein_coding,12398901,12421718,22818,3876,3693,7470,7779,16.99,16.18,33.17,312,3875,18633,971,4935,0,0,22818,0,0,1,0,0,0,0,0,1,0,1,0.0,0.2581,0.0,0.0,0.0,0.0,0.0,0.0438,0.0,0.0438,0,0,1,0,0,0,0,1,0,1,0.0,0.0,0.0537,0.0,0.0,0.0,0.0,0.0438,0.0,0.0438
WBGene00013732,aakg-1,"aakg-1 is orthologous to the human gene AMP-ACTIVATED PROTEIN KINASE GAMMA SUBUNIT (PRKAG2; OMIM:602743), which when mutated leads to disease; aakg-1 encodes one of five C. elegans AMP kinase (AMPK) gamma regulatory subunits.",CBS domain,III,-,protein_coding,12538664,12575401,36738,7001,6660,12110,10967,19.06,18.13,37.18,409,3512,34030,340,4030,0,0,36738,0,0,0,1,0,0,0,0,1,0,1,0.0,0.0,0.0294,0.0,0.0,0.0,0.0,0.0272,0.0,0.0272,0,0,1,0,0,0,0,1,0,1,0.0,0.0,0.0294,0.0,0.0,0.0,0.0,0.0272,0.0,0.0272
WBGene00003048,lit-1,"lit-1 encodes a serine threonine protein kinase homolog related to the Drosophila protein Nemo; lit-1 is required for embryonic viability and plays a central role in controlling the asymmetry of cell divisions during embryogenesis; lit-1 acts downstream of mom-2 with respect to polarity defects and mediates larval cell fate decisions that involve POP-1; lit-1 is also required for amphid channel morphogenesis and thus, also for normal morphology of the outer labial sensilla; specifically, lit-1 is required in sheath glia for positively regulating amphid sensory compartment expansion; lit-1 is expressed in most embryonic and larval cells, including the amphid sheath glia.",Protein kinase domain; Protein kinase-like domain,III,+,protein_coding,13701991,13724404,22414,3882,4376,6683,7473,17.32,19.52,36.84,445,2036,19581,941,3422,0,0,22414,0,0,1,1,0,0,0,0,2,0,2,0.0,0.4912,0.0511,0.0,0.0,0.0,0.0,0.0892,0.0,0.0892,0,0,0,0,0,0,0,0,0,0,0.0,0.0,0.0,0.0,0.0,0.0,0.0,0.0,0.0,0.0
WBGene00000553,cmk-1,"cmk-1 encodes a Ca+2/calmodulin-dependent protein kinase I (CaMK1); CMK-1 activity is required, cell autonomously and downstream of the cyclic nucleotide-gated channel TAX-4, for several aspects of AFD thermosensory neuron differentiation, including expression of the gcy-8 guanylyl cyclase and nhr-38 nuclear hormone receptor genes and morphology of the AFD sensory endings; cmk-1 activity is thus also required for normal thermosensory behavior; when expressed in COS-7 cells, CMK-1 and CKK-1 positively regulate the transcriptional activity of endogenous CREB; a cmk-1::gfp reporter is expressed in head sensory and interneurons as well as in the ventral nerve cord; expression is seen specifically in the neurons of the thermosensory circuit, AFD, AIY, and AIZ; in the AFD neurons, CMK-1 localizes exclusively to the cytoplasm, however when expressed in COS-7 cells, CMK-1 is seen in the nucleus.",Calcium/calmodulin-dependent/calcium-dependent protein kinase; Protein kinase domain; Protein kinase-like domain,IV,+,protein_coding,1824481,1834247,9767,2025,1878,2965,2899,20.73,19.23,39.96,47,1047,8025,648,1742,0,0,9767,0,0,0,1,0,0,0,0,1,0,1,0.0,0.0,0.1246,0.0,0.0,0.0,0.0,0.1024,0.0,0.1024,0,0,1,0,0,0,0,1,0,1,0.0,0.0,0.1246,0.0,0.0,0.0,0.0,0.1024,0.0,0.1024
WBGene00219262,mir-4930,none available,,IV,+,miRNA,2398652,2398761,110,52,25,10,23,47.27,22.73,70.0,0,0,0,0,22,0,0,110,0,0,0,0,0,0,0,0,0,0,0,0.0,0.0,0.0,0.0,0.0,0.0,0.0,0.0,0.0,0.0,0,0,2,0,0,0,0,2,0,2,0.0,0.0,0.0,0.0,0.0,0.0,0.0,18.1818,0.0,18.1818
WBGene00021877,Y54G2A.12,none available,WD40-repeat-containing domain; WD40/YVTN repeat-like-containing domain,IV,-,protein_coding,2777223,2782843,5621,1060,991,1792,1778,18.86,17.63,36.49,19,825,4740,37,881,0,0,5621,0,0,0,1,0,0,0,0,1,0,1,0.0,0.0,0.211,0.0,0.0,0.0,0.0,0.1779,0.0,0.1779,0,0,1,0,0,0,0,1,0,1,0.0,0.0,0.211,0.0,0.0,0.0,0.0,0.1779,0.0,0.1779
WBGene00200008,Y54G2A.66,none available,,IV,+,ncRNA,2997357,2997652,296,118,48,78,52,39.86,16.22,56.08,0,0,0,0,296,0,0,296,0,0,0,0,0,0,0,0,0,0,0,0.0,0.0,0.0,0.0,0.0,0.0,0.0,0.0,0.0,0.0,0,0,1,0,0,0,1,1,0,2,0.0,0.0,0.0,0.0,0.0,0.0,0.0,3.3784,0.0,6.7568
WBGene00003153,mca-3,"mca-3 encodes one of three C. elegans plasma membrane Ca2+ ATPases (PMCAs); by homology, MCA-3 is predicted to function as a molecular pump that couples ATP hydrolysis to extrusion of cytosolic Ca2+; mca-3 activity is required for coelomoycte endocytosis, normal coordinated locomotion, and embryonic and larval development; in regulating endocytosis, MCA-3 is required specifically in the early stages for recruitment of the endocytic machinery to the plasma membrane; an mca-3::gfp reporter is expressed from embryogenesis through adulthood and seen in body wall muscle, the nervous system, intestine, and coelomocytes; in coelomocytes, an MCA-3::GFP fusion protein localizes to the plasma membrane.","Cation-transporting P-type ATPase, C-terminal; Cation-transporting P-type ATPase, N-terminal; HAD-like domain; P-type ATPase; P-type ATPase,  transmembrane domain; P-type ATPase, A  domain; P-type ATPase, cytoplasmic domain N; P-type ATPase, subfamily IIB; Plasma membrane calcium transporting P-type ATPase, C-terminal",IV,-,protein_coding,3103157,3133149,29993,5437,4906,9986,9664,18.13,16.36,34.48,241,4047,25750,1380,5668,0,0,29993,0,0,0,0,0,0,0,0,0,0,0,0.0,0.0,0.0,0.0,0.0,0.0,0.0,0.0,0.0,0.0,0,2,0,0,0,0,0,2,0,2,0.0,0.4942,0.0,0.0,0.0,0.0,0.0,0.0667,0.0,0.0667
WBGene00015651,ceh-53,"ceh-53 encodes a paired-like homeodomain protein of the K50 class, which has no obvious function in mass RNAi assays.",Homeobox domain; Homeobox domain-like,IV,+,protein_coding,3498209,3503915,5707,1086,1117,1748,1756,19.03,19.57,38.6,59,612,4964,72,743,0,0,5707,0,0,0,0,0,0,0,0,0,0,0,0.0,0.0,0.0,0.0,0.0,0.0,0.0,0.0,0.0,0.0,0,0,1,0,0,1,0,1,0,2,0.0,0.0,0.2015,0.0,0.0,0.0,0.0,0.1752,0.0,0.3504
WBGene00019778,M57.2,none available,"Geranylgeranyl transferase type-2 subunit alpha; Leucine-rich repeat domain, L domain-like; Protein prenyltransferase, alpha subunit",IV,+,protein_coding,3527354,3532473,5120,786,1206,1680,1448,15.35,23.55,38.91,5,1743,3166,206,1954,0,0,5120,0,0,0,2,0,0,0,0,2,0,2,0.0,0.0,0.6317,0.0,0.0,0.0,0.0,0.3906,0.0,0.3906,0,0,0,0,0,0,0,0,0,0,0.0,0.0,0.0,0.0,0.0,0.0,0.0,0.0,0.0,0.0
WBGene00021281,ell-1,none available,"ELL/occludin family; Occludin homology domain; RNA polymerase II elongation factor ELL, N-terminal; Winged helix-turn-helix DNA-binding domain",IV,+,protein_coding,4394410,4415623,21214,3785,4120,6368,6941,17.84,19.42,37.26,1009,2037,17845,1036,4082,0,0,21214,0,0,0,0,0,0,0,1,0,0,1,0.0,0.0,0.0,0.0,0.0,0.0,0.0,0.0,0.0,0.0471,0,0,1,0,0,0,0,1,0,1,0.0,0.0,0.056,0.0,0.0,0.0,0.0,0.0471,0.0,0.0471
WBGene00016405,hecd-1,none available,Ankyrin repeat; Ankyrin repeat-containing domain; Armadillo-like helical; Armadillo-type fold; Galactose-binding domain-like; HECT domain; Mib-herc2; SUN domain,IV,-,protein_coding,7134345,7144720,10376,2142,2205,3025,3004,20.64,21.25,41.89,116,7953,1927,512,8581,0,0,10376,0,0,0,0,0,0,0,0,0,0,0,0.0,0.0,0.0,0.0,0.0,0.0,0.0,0.0,0.0,0.0,0,2,0,0,0,0,0,2,0,2,0.0,0.2515,0.0,0.0,0.0,0.0,0.0,0.1928,0.0,0.1928
WBGene00001204,egl-38,"egl-38 encodes a paired domain-containing protein that is a member of the PAX2/5/8 family of transcription factors; egl-38 is an essential gene, required for embryonic and larval development; in addition, EGL-38 activity is also required for fate specification of four uterine cells and rectal epithelial cells in the hermaphrodite and male tail; in regulating hindgut development EGL-38 acts in a pathway with LIN-48, a zinc-finger transcription factor; EGL-38 regulates lin-48 expression in vivo and binds to the lin-48 promoter region in vitro.",Homeobox domain-like; Paired domain; Winged helix-turn-helix DNA-binding domain,IV,-,protein_coding,10106599,10110517,3919,635,635,1364,1285,16.2,16.2,32.41,105,870,2508,436,1411,0,0,3919,0,0,0,2,0,0,0,0,2,0,2,0.0,0.0,0.7974,0.0,0.0,0.0,0.0,0.5103,0.0,0.5103,0,0,0,0,0,0,0,0,0,0,0.0,0.0,0.0,0.0,0.0,0.0,0.0,0.0,0.0,0.0
WBGene00012498,Y24F12A.3,none available,,IV,+,pseudogene,11608900,11610910,2011,506,366,651,488,25.16,18.2,43.36,0,0,0,0,0,0,0,2011,0,0,0,0,0,0,0,0,0,0,0,0.0,0.0,0.0,0.0,0.0,0.0,0.0,0.0,0.0,0.0,0,1,0,0,0,0,1,1,0,2,0.0,0.0,0.0,0.0,0.0,0.0,0.0,0.4973,0.0,0.9945
WBGene00012499,Y24F12A.4,none available,,IV,-,pseudogene,11616121,11617984,1864,339,499,427,599,18.19,26.77,44.96,0,0,0,0,0,0,0,1864,0,0,2,0,0,0,0,0,2,0,2,0.0,0.0,0.0,0.0,0.0,0.0,0.0,1.073,0.0,1.073,0,0,0,0,0,0,0,0,0,0,0.0,0.0,0.0,0.0,0.0,0.0,0.0,0.0,0.0,0.0
WBGene00185101,Y65A5A.24,none available,,IV,+,protein_coding,16393968,16394646,679,72,151,255,201,10.6,22.24,32.84,5,99,532,43,147,0,0,679,0,0,0,2,0,0,0,0,2,0,2,0.0,0.0,3.7594,0.0,0.0,0.0,0.0,2.9455,0.0,2.9455,0,0,0,0,0,0,0,0,0,0,0.0,0.0,0.0,0.0,0.0,0.0,0.0,0.0,0.0,0.0
WBGene00004403,rom-4,none available,"Peptidase S54, rhomboid; Peptidase S54, rhomboid domain",IV,+,protein_coding,16995822,17014953,19132,3192,3221,6644,6075,16.68,16.84,33.52,0,3618,16899,367,3985,0,0,19132,0,0,0,1,0,0,0,0,1,0,1,0.0,0.0,0.0592,0.0,0.0,0.0,0.0,0.0523,0.0,0.0523,0,0,1,0,0,0,0,1,0,1,0.0,0.0,0.0592,0.0,0.0,0.0,0.0,0.0523,0.0,0.0523
WBGene00016539,madd-2,"madd-2 encodes a protein containing RBCC/TRIM, fibronectin type III, and SPRY domains that is the sole C. elegans member of the C1 subfamily of tripartite motif (TRIM) proteins and is homologous to mammalian TRIM9, TRIM67, and MID1/TRIM18, mutations in which result in Opitz G/BBB syndrome, a congenital malformation disorder affecting ventral midline structures and resulting in mental retardation; in C. elegans, MADD-2 functions cell autonomously as a specificity factor in an UNC-6/Netrin, and UNC-40/DCC-mediated pathway that regulates axon branch formation and attractive axon guidance in multiple neuronal types by potentiating UNC-40 activity; in addition, MADD-2 is required for ventral recruitment of MIG-10/Lamellopodin in the HSNs during outgrowth; MADD-2 also functions cell autonomously in body wall muscle in an UNC-40/DCC and UNC-73/Rho-GEF-mediated pathway to regulate muscle arm extension to ventral midline motor axons; MADD-2 exhibits E3 ubiquitin ligase activity in vitro, physically interacts with both UNC-40 and UNC-73, and may potentiate the in vivo interaction between UNC-40 and UNC-73; a MADD-2::GFP fusion protein is expressed in neurons, hypodermis, and muscle cells; expression is also seen in the anchor cell, the ventral uterine precursor cells and in the ray precursors and descendants in males; in neurons, MADD-2 colocalizes with UNC-40 to the ventral axon branches that require its function; in body wall muscle, MADD-2 localizes to the dense bodies and colocalizes to the muscle arm termini with UNC-40 and UNC-73.","B-box, C-terminal; B-box-type zinc finger; Concanavalin A-like lectin/glucanase domain; Fibronectin type III; Immunoglobulin-like fold; SPRY domain; Zinc finger, C3HC4 RING-type; Zinc finger, RING-type; Zinc finger, RING/FYVE/PHD-type",V,-,protein_coding,1223897,1235455,11559,2295,2454,3386,3424,19.85,21.23,41.08,21,2298,9133,149,2468,0,0,11559,0,0,0,0,0,0,0,0,0,0,0,0.0,0.0,0.0,0.0,0.0,0.0,0.0,0.0,0.0,0.0,0,0,2,0,0,0,0,2,0,2,0.0,0.0,0.219,0.0,0.0,0.0,0.0,0.173,0.0,0.173
WBGene00019392,irld-44,none available,"Leucine-rich repeat domain, L domain-like; Receptor L-domain",V,+,protein_coding,1651345,1654444,3100,522,547,1052,979,16.84,17.65,34.48,0,1647,1453,0,1647,0,0,3100,0,0,0,2,0,0,0,0,2,0,2,0.0,0.0,1.3765,0.0,0.0,0.0,0.0,0.6452,0.0,0.6452,0,0,0,0,0,0,0,0,0,0,0.0,0.0,0.0,0.0,0.0,0.0,0.0,0.0,0.0,0.0
WBGene00021605,Y46H3C.5,none available,,V,-,protein_coding,1691029,1692495,1467,210,462,286,509,14.31,31.49,45.81,671,519,277,0,1190,0,0,1467,0,1,0,0,0,0,0,1,1,0,2,1.4903,0.0,0.0,0.0,0.0,0.0,0.0,0.6817,0.0,1.3633,0,0,0,0,0,0,0,0,0,0,0.0,0.0,0.0,0.0,0.0,0.0,0.0,0.0,0.0,0.0
WBGene00016477,srab-11,none available,"7TM GPCR, serpentine receptor class ab (Srab)",V,-,protein_coding,3145203,3147032,1830,398,356,555,521,21.75,19.45,41.2,0,1020,810,0,1020,0,0,1830,0,0,0,0,0,0,0,0,0,0,0,0.0,0.0,0.0,0.0,0.0,0.0,0.0,0.0,0.0,0.0,0,2,0,0,0,0,0,2,0,2,0.0,1.9608,0.0,0.0,0.0,0.0,0.0,1.0929,0.0,1.0929
WBGene00044528,lgc-29,none available,Neurotransmitter-gated ion-channel; Neurotransmitter-gated ion-channel ligand-binding domain; Neurotransmitter-gated ion-channel transmembrane domain,V,+,protein_coding,4138988,4143146,4159,845,811,1219,1284,20.32,19.5,39.82,52,1197,2890,26,1275,0,0,4159,0,0,0,1,0,0,0,0,1,0,1,0.0,0.0,0.346,0.0,0.0,0.0,0.0,0.2404,0.0,0.2404,0,0,1,0,0,0,0,1,0,1,0.0,0.0,0.346,0.0,0.0,0.0,0.0,0.2404,0.0,0.2404
WBGene00021561,Y45G5AM.9,none available,,V,-,protein_coding,4181333,4194637,13305,2557,2527,4097,4124,19.22,18.99,38.21,76,1589,11480,251,1916,0,0,13305,0,0,0,1,0,0,0,0,1,0,1,0.0,0.0,0.0871,0.0,0.0,0.0,0.0,0.0752,0.0,0.0752,0,1,0,0,0,0,0,1,0,1,0.0,0.6293,0.0,0.0,0.0,0.0,0.0,0.0752,0.0,0.0752
WBGene00022014,Y61A9LA.1,none available,"Major facilitator superfamily domain; Major facilitator,  sugar transporter-like",V,+,protein_coding,4585309,4602025,16717,3061,3277,4929,5450,18.31,19.6,37.91,108,1632,14743,423,2163,0,0,16717,0,0,0,0,0,0,0,0,0,0,0,0.0,0.0,0.0,0.0,0.0,0.0,0.0,0.0,0.0,0.0,0,0,2,0,0,0,0,2,0,2,0.0,0.0,0.1357,0.0,0.0,0.0,0.0,0.1196,0.0,0.1196
WBGene00003916,par-1,"par-1 encodes a serine-threonine kinase; maternally provided PAR-1 is essential for establishing early embryonic polarity; PAR-1 is present in the cytoplasm and in the cell cortex and asymmetrically localized to the posterior cortex of late one-cell stage embryos; PAR-1 is continuously asymmetrically localized to the P lineage (germline blastomeres) at each subsequent division, and evenly distributed to the Z2 and Z3 germline precursors before eventually fading at embryonic morphogenesis; PAR-1 kinase activity is required for the asymmetric distribution of MEX-5 in the early embryo via a phosphorylation/dephosphorylation cycle that regulates MEX-5's association with slow- or fast-diffusing RNA-containing complexes; PAR-1 can phosphorylate MEX-5 in vitro and in vivo.","KA1 domain/Ssp2, C-terminal; Kinase associated domain 1 (KA1); Protein kinase domain; Protein kinase-like domain; Serine/threonine-protein kinase MARK/par1",V,-,protein_coding,14112033,14145367,33335,6568,5485,11226,10056,19.7,16.45,36.16,283,5107,29068,2310,6697,0,0,33335,0,0,0,0,0,0,0,0,0,0,0,0.0,0.0,0.0,0.0,0.0,0.0,0.0,0.0,0.0,0.0,0,1,1,0,0,0,0,2,0,2,0.0,0.1958,0.0344,0.0,0.0,0.0,0.0,0.06,0.0,0.06
WBGene00007833,oac-6,none available,"Acyltransferase 3; Nose resistant-to-fluoxetine protein, N-terminal",V,+,protein_coding,16302717,16306159,3443,685,600,1026,1132,19.9,17.43,37.32,52,2118,1225,48,2218,0,0,3443,0,0,0,0,0,0,0,0,0,0,0,0.0,0.0,0.0,0.0,0.0,0.0,0.0,0.0,0.0,0.0,0,0,2,0,0,0,0,2,0,2,0.0,0.0,1.6327,0.0,0.0,0.0,0.0,0.5809,0.0,0.5809
WBGene00012019,dkf-2,dkf-2 encodes one of two C. elegans novel protein kinase Ds; dkf-2 activity is essential for regulation of innate immunity; a dkf-2::gfp promoter fusion is expressed beginning in late embryogenesis and continuing through adulthood in the intestine and two cells in the vicinity of the posterior bulb of the pharynx.,"Diacylglycerol/phorbol-ester binding; PH domain-like; Pleckstrin homology domain; Protein kinase C mu-related; Protein kinase C-like, phorbol ester/diacylglycerol-binding domain; Protein kinase domain; Protein kinase-like domain",V,+,protein_coding,16747622,16788441,40820,7219,7962,11932,13707,17.68,19.51,37.19,62,4118,37145,468,4648,0,0,40820,0,0,0,2,0,0,0,0,2,0,2,0.0,0.0,0.0538,0.0,0.0,0.0,0.0,0.049,0.0,0.049,0,0,0,0,0,0,0,0,0,0,0.0,0.0,0.0,0.0,0.0,0.0,0.0,0.0,0.0,0.0
WBGene00009296,F31E9.3,"This gene encodes a protein containing an F-box, a motif predicted to mediate protein-protein interactions either with homologs of yeast Skp-1p or with other proteins; this gene's encoded protein also contains an FTH/DUF38 motif, which may also mediate protein-protein interaction.","Domain of unknown function DUF38, Caenorhabditis species; F-box domain; Leucine-rich repeat domain, L domain-like",V,+,protein_coding,17322590,17324526,1937,403,427,550,557,20.81,22.04,42.85,253,1059,597,28,1340,0,0,1937,0,0,2,0,0,0,0,0,2,0,2,0.0,1.8886,0.0,0.0,0.0,0.0,0.0,1.0325,0.0,1.0325,0,0,0,0,0,0,0,0,0,0,0.0,0.0,0.0,0.0,0.0,0.0,0.0,0.0,0.0,0.0
WBGene00001987,hot-2,hot-2 encodes a predicted paralog of ODR-2 and contains a Ly-6 domain.,Caenorhabditis elegans ly-6-related,V,+,protein_coding,19174759,19187911,13153,1834,2104,4481,4734,13.94,16.0,29.94,52,973,11984,258,1283,0,0,13153,0,0,1,1,0,0,0,0,2,0,2,0.0,1.0277,0.0834,0.0,0.0,0.0,0.0,0.1521,0.0,0.1521,0,0,0,0,0,0,0,0,0,0,0.0,0.0,0.0,0.0,0.0,0.0,0.0,0.0,0.0,0.0
WBGene00012814,Y43F8B.3,none available,"Cysteine-rich repeat; Lustrin, cysteine-rich repeated; Pancreatic trypsin inhibitor Kunitz domain",V,+,protein_coding,19503101,19520015,16915,3562,3883,4634,4836,21.06,22.96,44.01,11,5573,14497,421,6005,0,0,16915,0,0,1,1,0,0,0,0,2,0,2,0.0,0.1794,0.069,0.0,0.0,0.0,0.0,0.1182,0.0,0.1182,0,0,0,0,0,0,0,0,0,0,0.0,0.0,0.0,0.0,0.0,0.0,0.0,0.0,0.0,0.0
WBGene00012812,Y43F8B.1,none available,,V,-,protein_coding,19534876,19546200,11325,2399,1914,3268,3744,21.18,16.9,38.08,1165,2241,8994,971,3206,0,0,11325,0,0,0,1,0,0,0,0,1,0,1,0.0,0.0,0.1112,0.0,0.0,0.0,0.0,0.0883,0.0,0.0883,0,0,1,0,0,0,0,1,0,1,0.0,0.0,0.1112,0.0,0.0,0.0,0.0,0.0883,0.0,0.0883
WBGene00012825,Y43F8C.3,none available,BTB/POZ domain; SKP1/BTB/POZ domain,V,-,protein_coding,19614506,19622626,8121,1560,1569,2482,2510,19.21,19.32,38.53,280,1839,5439,563,2682,0,0,8121,0,1,0,0,0,0,0,0,1,0,1,3.5714,0.0,0.0,0.0,0.0,0.0,0.0,0.1231,0.0,0.1231,0,1,0,0,0,0,0,1,0,1,0.0,0.5438,0.0,0.0,0.0,0.0,0.0,0.1231,0.0,0.1231
WBGene00022861,dve-1,"dve-1 encodes, by alternative splicing, three proteins with a COMPASS (CMP) domain and two homeodomains; dve-1 interacts with two or more components of the EGF/RAS signallingpathway, and is required for such signalling in vulval development; the CMP domain is found in the N-terminus of SATB-class CUT homeodomain proteins (e.g. human SATB1), and in Drosophila DEFECTIVE PROVENTRICULUS (DVE), to which DVE-1 may be orthologous; both DVE and dve-1 encode two homeodomains which are highly divergent, but homologous between species, and probably derived by intragenic duplication; dve-1 is required for a normally high rate of growth, fluid excretion, and larval viability in in mass RNAi assays.","Homeobox domain; Homeobox domain-like; SATB, ubiquitin-like oligomerisation domain",X,-,protein_coding,427035,433812,6778,1367,1233,2039,2139,20.17,18.19,38.36,1824,1407,4709,652,3259,0,0,6778,0,0,0,2,0,0,0,0,2,0,2,0.0,0.0,0.4247,0.0,0.0,0.0,0.0,0.2951,0.0,0.2951,0,0,0,0,0,0,0,0,0,0,0.0,0.0,0.0,0.0,0.0,0.0,0.0,0.0,0.0,0.0
WBGene00020491,T13G4.4,none available,Homocysteine-binding domain,X,-,protein_coding,1188433,1191678,3246,545,598,1057,1046,16.79,18.42,35.21,935,915,1440,104,1954,0,0,3246,0,1,0,0,0,0,0,0,1,0,1,1.0695,0.0,0.0,0.0,0.0,0.0,0.0,0.3081,0.0,0.3081,1,0,0,0,0,0,0,1,0,1,1.0695,0.0,0.0,0.0,0.0,0.0,0.0,0.3081,0.0,0.3081
WBGene00021047,zfp-3,none available,"Zinc finger, CCCH-type",X,-,protein_coding,1440360,1446643,6284,1347,1337,1796,1804,21.44,21.28,42.71,67,2507,3954,3172,3928,0,0,6284,0,0,0,0,0,0,0,0,0,0,0,0.0,0.0,0.0,0.0,0.0,0.0,0.0,0.0,0.0,0.0,0,1,0,1,0,0,0,2,0,2,0.0,0.3989,0.0,0.3153,0.0,0.0,0.0,0.3183,0.0,0.3183
WBGene00003968,peb-1,"peb-1 encodes a novel DNA-binding protein; during development, peb-1 activity is required for proper morphogenesis of the pharynx, vulva, and hindgut and for normal molting, feeding, and body morphology; in vitro, PEB-1 exhibits sequence-specific DNA binding to a regulatory sequence known as subelement C, which directs pharynx-specific myo-2 expression and in yeast, PEB-1 exhibits modest transcription activation activity; PEB-1 is expressed in the nuclei of all pharyngeal cells (except neurons) from the comma stage of embryogenesis through late larval stages; in addition, PEB-1 is expressed dynamically in non-pharyngeal cells, including the vulva, germline, hindgut, and hypodermis.","Zinc finger, FLYWCH-type",X,+,protein_coding,2211051,2218988,7938,1593,1894,2001,2450,20.07,23.86,43.93,3,1332,5719,887,2219,0,0,7938,0,0,0,1,0,0,0,0,1,0,1,0.0,0.0,0.1749,0.0,0.0,0.0,0.0,0.126,0.0,0.126,0,0,1,0,0,0,0,1,0,1,0.0,0.0,0.1749,0.0,0.0,0.0,0.0,0.126,0.0,0.126
WBGene00020301,gid-2,none available,"RING-type zinc-finger, LisH dimerisation motif; Rmd5; Zinc finger, RING/FYVE/PHD-type",X,-,protein_coding,2429859,2438957,9099,1580,1545,2972,3002,17.36,16.98,34.34,8,1299,7550,242,1549,0,0,9099,0,0,0,0,0,0,0,0,0,0,0,0.0,0.0,0.0,0.0,0.0,0.0,0.0,0.0,0.0,0.0,0,1,1,0,0,0,0,2,0,2,0.0,0.7698,0.1325,0.0,0.0,0.0,0.0,0.2198,0.0,0.2198
WBGene00019318,K02E10.4,none available,Cysteine-rich repeat,X,+,protein_coding,2483263,2488482,5220,844,937,1705,1734,16.17,17.95,34.12,0,1464,3493,266,1730,0,0,5220,0,0,0,2,0,0,0,0,2,0,2,0.0,0.0,0.5726,0.0,0.0,0.0,0.0,0.3831,0.0,0.3831,0,0,0,0,0,0,0,0,0,0,0.0,0.0,0.0,0.0,0.0,0.0,0.0,0.0,0.0,0.0
WBGene00001441,fkh-9,fkh-9 encodes a member of the forkhead domain transcription factor family.,Fork head domain; Winged helix-turn-helix DNA-binding domain,X,-,protein_coding,3816847,3826963,10117,2201,1837,3329,2750,21.76,18.16,39.91,2329,903,8062,1104,3778,0,0,10117,0,0,0,0,0,0,0,0,0,0,0,0.0,0.0,0.0,0.0,0.0,0.0,0.0,0.0,0.0,0.0,0,0,2,0,0,0,0,2,0,2,0.0,0.0,0.2481,0.0,0.0,0.0,0.0,0.1977,0.0,0.1977
WBGene00017478,cest-26,none available,"Alpha/Beta hydrolase fold; Carboxylesterase, type B",X,-,protein_coding,4430838,4437655,6818,1174,1199,2326,2119,17.22,17.59,34.8,243,1758,4577,309,2250,0,0,6818,0,0,0,0,0,0,0,0,0,0,0,0.0,0.0,0.0,0.0,0.0,0.0,0.0,0.0,0.0,0.0,0,1,1,0,0,0,0,2,0,2,0.0,0.5688,0.2185,0.0,0.0,0.0,0.0,0.2933,0.0,0.2933
WBGene00016407,unk-1,none available,"Zinc finger, CCCH-type",X,+,protein_coding,8014983,8026869,11887,2079,2283,3629,3896,17.49,19.21,36.7,410,2136,8262,1449,3893,0,0,11887,0,0,0,0,0,0,0,0,0,0,0,0.0,0.0,0.0,0.0,0.0,0.0,0.0,0.0,0.0,0.0,0,0,2,0,0,0,0,2,0,2,0.0,0.0,0.2421,0.0,0.0,0.0,0.0,0.1683,0.0,0.1683
WBGene00019781,M60.6,none available,CD20-like family,X,-,protein_coding,8248121,8252458,4338,818,652,1481,1387,18.86,15.03,33.89,204,753,3065,316,1273,0,0,4338,0,0,0,0,0,0,0,0,0,0,0,0.0,0.0,0.0,0.0,0.0,0.0,0.0,0.0,0.0,0.0,0,0,1,0,0,0,1,1,0,2,0.0,0.0,0.3263,0.0,0.0,0.0,0.0,0.2305,0.0,0.461
WBGene00006479,tmbi-4,none available,Bax inhibitor 1-related,X,+,protein_coding,9150694,9160650,9957,1705,1645,3336,3271,17.12,16.52,33.64,14,831,8878,234,1079,0,0,9957,0,0,0,0,0,0,0,0,0,0,0,0.0,0.0,0.0,0.0,0.0,0.0,0.0,0.0,0.0,0.0,0,0,2,0,0,0,0,2,0,2,0.0,0.0,0.2253,0.0,0.0,0.0,0.0,0.2009,0.0,0.2009
WBGene00008868,F15G9.5,none available,,X,-,protein_coding,9732232,9737888,5657,1114,1059,1791,1693,19.69,18.72,38.41,153,819,3608,1077,2049,0,0,5657,0,0,0,0,0,0,0,0,0,0,0,0.0,0.0,0.0,0.0,0.0,0.0,0.0,0.0,0.0,0.0,1,0,1,0,0,0,0,2,0,2,6.5359,0.0,0.2772,0.0,0.0,0.0,0.0,0.3535,0.0,0.3535
WBGene00006792,unc-58,"unc-58 encodes one of 44 C. elegans TWK (two-P domain K+) potassium channel subunits that contain two pore-forming domains and four transmembrane domains; unc-58 was originally defined by gain-of-function (gf) mutations that result in paralysis and a shortened (dumpy) body morphology due to hypercontraction of body wall muscle; unc-58 gf mutations also result in constitutive egg-laying; as loss of UNC-58 function via reversion or RNA-mediated interference (RNAi) results in either no abnormalities or only a weakly uncoordinated phenotype, UNC-58 likely functions redudantly with other TWK channels to regulate locomotion and egg-laying; UNC-58 is expressed in motor neurons and interneurons.",Potassium channel domain; Two pore domain potassium channel,X,-,protein_coding,10104610,10133182,28573,5093,4712,9672,9096,17.82,16.49,34.32,364,3132,26272,489,3985,0,0,28573,0,0,0,0,0,0,0,0,0,0,0,0.0,0.0,0.0,0.0,0.0,0.0,0.0,0.0,0.0,0.0,0,0,2,0,0,0,0,2,0,2,0.0,0.0,0.0761,0.0,0.0,0.0,0.0,0.07,0.0,0.07
WBGene00006749,unc-9,"unc-9 encodes an innexin, an integral transmembrane channel protein that is a structural component of invertebrate gap junctions; UNC-9 is required for normal forward locomotion and egg-laying and also plays a role in the response to antihelminthics and volatile anesthetics; UNC-9 may form a functional pair with UNC-7, another C. elegans innexin, as mutations in unc-7 result in defects nearly identical to those in unc-9 mutant animals.",Innexin,X,+,protein_coding,13201770,13216729,14960,2413,2823,4555,5169,16.13,18.87,35.0,126,1161,12771,902,2189,0,0,14960,0,0,2,0,0,0,0,0,2,0,2,0.0,1.7227,0.0,0.0,0.0,0.0,0.0,0.1337,0.0,0.1337,0,0,0,0,0,0,0,0,0,0,0.0,0.0,0.0,0.0,0.0,0.0,0.0,0.0,0.0,0.0
WBGene00002151,irk-3,none available,"Immunoglobulin E-set; Potassium channel, inwardly rectifying, Kir; Potassium channel, inwardly rectifying, Kir, cytoplasmic",X,-,protein_coding,14353290,14370414,17125,2802,2725,5968,5630,16.36,15.91,32.27,356,1155,15446,495,1976,0,0,17125,0,0,0,2,0,0,0,0,2,0,2,0.0,0.0,0.1295,0.0,0.0,0.0,0.0,0.1168,0.0,0.1168,0,0,0,0,0,0,0,0,0,0,0.0,0.0,0.0,0.0,0.0,0.0,0.0,0.0,0.0,0.0
WBGene00006634,tsp-8,"tsp-8 is orthologous to the human gene KANGAI 1 (SUPPRESSION OF TUMORIGENICITY 6, PROSTATE; CD82 ANTIGEN (R2 LEUKOCYTE ANTIGEN, ANTIGEN DETECTED BY MONOCLONAL AND ANTIBODY IA4)) (KAI1; OMIM:600623), which when mutated leads to disease.","Tetraspanin; Tetraspanin, EC2 domain; Tetraspanin/Peripherin",X,-,protein_coding,14726626,14729503,2878,528,534,966,850,18.35,18.55,36.9,69,849,1904,56,974,0,0,2878,0,0,1,0,0,0,0,0,1,0,1,0.0,1.1779,0.0,0.0,0.0,0.0,0.0,0.3475,0.0,0.3475,0,1,0,0,0,0,0,1,0,1,0.0,1.1779,0.0,0.0,0.0,0.0,0.0,0.3475,0.0,0.3475
WBGene00196809,T10B10.10,none available,,X,-,ncRNA,15189812,15189958,147,27,40,33,47,18.37,27.21,45.58,0,0,0,0,147,0,0,147,0,0,0,1,0,0,0,0,1,0,1,0.0,0.0,0.0,0.0,0.0,0.0,0.0,6.8027,0.0,6.8027,0,0,1,0,0,0,0,1,0,1,0.0,0.0,0.0,0.0,0.0,0.0,0.0,6.8027,0.0,6.8027
WBGene00001148,eat-20,none available,"EGF-like calcium-binding domain; EGF-like domain; Follistatin-like, N-terminal",X,+,protein_coding,15510011,15524030,14020,2544,2945,4035,4496,18.15,21.01,39.15,154,2433,10706,735,3322,0,0,14020,0,0,0,0,0,0,0,0,0,0,0,0.0,0.0,0.0,0.0,0.0,0.0,0.0,0.0,0.0,0.0,0,0,2,0,0,0,0,2,0,2,0.0,0.0,0.1868,0.0,0.0,0.0,0.0,0.1427,0.0,0.1427
WBGene00007261,lron-3,none available,"Cysteine-rich flanking region, C-terminal; Leucine-rich repeat; Leucine-rich repeat domain, L domain-like",X,-,protein_coding,15546644,15557949,11306,2061,1832,3883,3530,18.23,16.2,34.43,624,1128,9920,219,1566,0,0,11306,0,0,0,2,0,0,0,0,2,0,2,0.0,0.0,0.2016,0.0,0.0,0.0,0.0,0.1769,0.0,0.1769,0,0,0,0,0,0,0,0,0,0,0.0,0.0,0.0,0.0,0.0,0.0,0.0,0.0,0.0,0.0
WBGene00020770,eat-17,none available,Rab-GTPase-TBC domain,X,-,protein_coding,16399210,16416840,17631,3369,3348,5809,5105,19.11,18.99,38.1,1,2718,14973,0,2719,0,0,17631,0,0,0,0,0,0,0,0,0,0,0,0.0,0.0,0.0,0.0,0.0,0.0,0.0,0.0,0.0,0.0,0,0,1,0,0,0,1,1,0,2,0.0,0.0,0.0668,0.0,0.0,0.0,0.0,0.0567,0.0,0.1134
WBGene00018187,twf-2,none available,ADF-H/Gelsolin-like domain; Actin-depolymerising factor homology domain; Twinfilin,X,+,protein_coding,16446197,16451336,5140,891,1014,1657,1578,17.33,19.73,37.06,121,1002,3763,403,1526,0,0,5140,0,0,1,0,0,0,0,0,1,0,1,0.0,0.998,0.0,0.0,0.0,0.0,0.0,0.1946,0.0,0.1946,0,0,0,0,0,0,1,0,0,1,0.0,0.0,0.0,0.0,0.0,0.0,0.0,0.0,0.0,0.1946
WBGene00018373,F43B10.1,none available,EF-hand domain; EF-hand domain pair,X,-,protein_coding,16637633,16662823,25191,4764,4167,8494,7766,18.91,16.54,35.45,337,4719,22011,1089,6145,0,0,25191,0,0,2,0,0,0,0,0,2,0,2,0.0,0.4238,0.0,0.0,0.0,0.0,0.0,0.0794,0.0,0.0794,0,0,0,0,0,0,0,0,0,0,0.0,0.0,0.0,0.0,0.0,0.0,0.0,0.0,0.0,0.0
WBGene00019347,mbl-1,"mbl-1 encodes, by alternative splicing, two isoforms of a putative MUSCLEBLIND-type mRNA splicing regulator required in adults for normal muscle dense body organization, locomotion, and vulval morphogenesis; MBL-1 is orthologous to Drosophila MBL and human MBNL1 (OMIM:606516), MBNL2 (OMIM:607327), and MBNL3 (OMIM:300413); mbl-1 is transcribed in larvae and adults; mbl-1(RNAi) animals show protruding vulvae, progressive uncoordination, and disordered dense bodies; while mbl-1 is required in adults, it is dispensable in larvae, perhaps reflecting a progressive muscle dystrophy in mbl-1(RNAi) animals.","Zinc finger, CCCH-type",X,+,protein_coding,16978608,17010302,31695,5178,5899,9620,10998,16.34,18.61,34.95,267,1250,29279,1941,3270,0,0,31695,0,0,0,1,0,0,0,0,1,0,1,0.0,0.0,0.0342,0.0,0.0,0.0,0.0,0.0316,0.0,0.0316,0,0,1,0,0,0,0,1,0,1,0.0,0.0,0.0342,0.0,0.0,0.0,0.0,0.0316,0.0,0.0316
WBGene00022277,homt-1,"homt-1 encodes a putative hydroxyindole-O-methyltransferase orthologous to human C1orf184 and C9orf32; by homology, HOMT-1 is  expected to catalyze the conversion of N-acetyl serotonin to melatonin; homt-1 is expressed in the tail neuron PVT, and in uterine cells;  since exogenous melatonin slows C. elegans locomotion and enhances slowing by food, Y74C9A.3 may inhibit locomotion.",Alpha-N-methyltransferase NTM1; S-adenosyl-L-methionine-dependent methyltransferase,I,-,protein_coding,4116,10230,6115,1017,1036,1968,2094,16.63,16.94,33.57,82,705,5223,105,892,0,0,6115,0,0,0,0,0,0,0,0,0,0,0,0.0,0.0,0.0,0.0,0.0,0.0,0.0,0.0,0.0,0.0,0,0,1,0,0,0,0,1,0,1,0.0,0.0,0.1915,0.0,0.0,0.0,0.0,0.1635,0.0,0.1635
WBGene00004274,rab-11.1,"rab-11.1 encodes a small GTPase homologous to the Rab GTPases that function in endocytosis, membrane fusion, and vesicular trafficking events; RAB-11.1 activity is required for completion of the final stages of cytokinesis during early embryogenesis and for efficient uptake of yolk proteins during oocyte development; RAB-11.1 is also required for normal peripheral localization of nuclei in the synctial germ cell in the ovary and for regulated secretion of CAV-1-containing cortical granules following fertilization; RAB-11.1 localizes to recycling endosomes and to cortical granules.",P-loop containing nucleoside triphosphate hydrolase; Small GTP-binding protein domain; Small GTPase superfamily,I,-,protein_coding,108682,110057,1376,306,261,440,369,22.24,18.97,41.21,13,636,144,583,1232,0,0,1376,0,0,0,0,0,0,0,0,0,0,0,0.0,0.0,0.0,0.0,0.0,0.0,0.0,0.0,0.0,0.0,0,1,0,0,0,0,0,1,0,1,0.0,1.5723,0.0,0.0,0.0,0.0,0.0,0.7267,0.0,0.7267
WBGene00021672,Y48G1BM.7,none available,,I,-,pseudogene,238616,240250,1635,350,296,525,464,21.41,18.1,39.51,0,0,0,0,0,0,0,1635,0,0,0,0,0,0,0,0,0,0,0,0.0,0.0,0.0,0.0,0.0,0.0,0.0,0.0,0.0,0.0,0,1,0,0,0,0,0,1,0,1,0.0,0.0,0.0,0.0,0.0,0.0,0.0,0.6116,0.0,0.6116
WBGene00020090,R119.5,none available,Protein-L-isoaspartate(D-aspartate) O-methyltransferase; S-adenosyl-L-methionine-dependent methyltransferase,I,-,protein_coding,388470,394415,5946,1095,1129,1873,1849,18.42,18.99,37.4,4,1800,3820,325,2129,0,0,5946,0,0,0,0,0,0,0,0,0,0,0,0.0,0.0,0.0,0.0,0.0,0.0,0.0,0.0,0.0,0.0,0,1,0,0,0,0,0,1,0,1,0.0,0.5556,0.0,0.0,0.0,0.0,0.0,0.1682,0.0,0.1682
WBGene00022035,Y65B4BL.3,none available,,I,-,protein_coding,496144,502042,5899,906,965,1951,2077,15.36,16.36,31.72,12,900,4901,86,998,0,0,5899,0,0,1,0,0,0,0,0,1,0,1,0.0,1.1111,0.0,0.0,0.0,0.0,0.0,0.1695,0.0,0.1695,0,0,0,0,0,0,0,0,0,0,0.0,0.0,0.0,0.0,0.0,0.0,0.0,0.0,0.0,0.0
WBGene00022039,Y65B4BL.7,none available,,I,-,protein_coding,508948,511238,2291,446,456,753,636,19.47,19.9,39.37,401,753,1280,24,1070,0,0,2291,0,0,0,0,0,0,0,0,0,0,0,0.0,0.0,0.0,0.0,0.0,0.0,0.0,0.0,0.0,0.0,0,0,1,0,0,0,0,1,0,1,0.0,0.0,0.7812,0.0,0.0,0.0,0.0,0.4365,0.0,0.4365
WBGene00022033,Y65B4BL.1,none available,Domain of unknown function DB,I,+,protein_coding,530969,532418,1450,325,362,404,359,22.41,24.97,47.38,19,282,669,480,781,0,0,1450,0,0,0,0,0,0,0,0,0,0,0,0.0,0.0,0.0,0.0,0.0,0.0,0.0,0.0,0.0,0.0,0,0,1,0,0,0,0,1,0,1,0.0,0.0,1.4948,0.0,0.0,0.0,0.0,0.6897,0.0,0.6897
WBGene00002040,hum-7,"hum-7 encodes a class IX unconventional myosin heavy chain that contains a myosin motor domain in the head region and zinc-finger and rhoGAP (rho GTPase activating protein) domains in the tail region; HUM-7 is required during embryogenesis for cytokinesis and normal cytoplasmic rearrangements, and by homology, may function in organization of the actin cytoskeleton; the precise expression and localization patterns of HUM-7 are not yet known.","IQ motif, EF-hand binding site; Myosin head, motor domain; P-loop containing nucleoside triphosphate hydrolase; Protein kinase C-like, phorbol ester/diacylglycerol-binding domain; Ras-associating (RA) domain; Rho GTPase activation protein; Rho GTPase-activating protein domain; Ubiquitin-related domain",I,-,protein_coding,585807,607571,21765,4114,4342,6459,6850,18.9,19.95,38.85,0,5643,16108,53,5696,0,0,21765,0,0,0,0,0,0,0,0,0,0,0,0.0,0.0,0.0,0.0,0.0,0.0,0.0,0.0,0.0,0.0,0,0,1,0,0,0,0,1,0,1,0.0,0.0,0.0621,0.0,0.0,0.0,0.0,0.0459,0.0,0.0459
WBGene00022031,Y65B4A.8,none available,Cytidyltransferase-like domain; Dephospho-CoA kinase; P-loop containing nucleoside triphosphate hydrolase; Rossmann-like alpha/beta/alpha sandwich fold,I,-,protein_coding,659565,663610,4046,615,765,1347,1319,15.2,18.91,34.11,61,1386,2159,440,1887,0,0,4046,0,0,1,0,0,0,0,0,1,0,1,0.0,0.7215,0.0,0.0,0.0,0.0,0.0,0.2472,0.0,0.2472,0,0,0,0,0,0,0,0,0,0,0.0,0.0,0.0,0.0,0.0,0.0,0.0,0.0,0.0,0.0
WBGene00202093,ZC123.11,none available,,I,+,ncRNA,809294,809476,183,46,42,41,54,25.14,22.95,48.09,0,0,0,0,183,0,0,183,0,0,0,0,0,0,0,0,0,0,0,0.0,0.0,0.0,0.0,0.0,0.0,0.0,0.0,0.0,0.0,0,0,1,0,0,0,0,1,0,1,0.0,0.0,0.0,0.0,0.0,0.0,0.0,5.4645,0.0,5.4645
WBGene00022391,prhg-1,Y95B8A.12 encodes a predicted Rho guanine nucleotide exchange factor.,Dbl homology (DH) domain; PH domain-like; Pleckstrin homology domain,I,-,protein_coding,912332,926916,14585,2820,3090,4563,4112,19.33,21.19,40.52,169,1980,12574,109,2258,0,0,14585,0,0,0,1,0,0,0,0,1,0,1,0.0,0.0,0.0795,0.0,0.0,0.0,0.0,0.0686,0.0,0.0686,0,0,0,0,0,0,0,0,0,0,0.0,0.0,0.0,0.0,0.0,0.0,0.0,0.0,0.0,0.0
WBGene00003548,nas-30,nas-30 encodes an astacin family zinc metalloprotease with a single EGF domain and a CUB domain; nas-30 is expressed in the intestine and hypodermis.,"CUB domain; Metallopeptidase, catalytic domain; Peptidase M12A; Peptidase, metallopeptidase",I,+,protein_coding,938483,947710,9228,1852,1719,2905,2752,20.07,18.63,38.7,142,2273,6693,532,2947,0,0,9228,0,0,1,0,0,0,0,0,1,0,1,0.0,0.4399,0.0,0.0,0.0,0.0,0.0,0.1084,0.0,0.1084,0,0,0,0,0,0,0,0,0,0,0.0,0.0,0.0,0.0,0.0,0.0,0.0,0.0,0.0,0.0
WBGene00003238,mig-1,"mig-1 encodes one of four C. elegans Frizzled-like receptors; mig-1 was initially identified in screens for animals with defective cell migrations, and its activity is required for proper migration of the QL neuroblast and the HSN neurons.",Frizzled domain; Frizzled protein; Frizzled/secreted frizzled-related protein,I,-,protein_coding,948569,957456,8888,1860,1692,2761,2575,20.93,19.04,39.96,137,1590,7071,102,1829,0,0,8888,0,0,0,0,0,0,0,0,0,0,0,0.0,0.0,0.0,0.0,0.0,0.0,0.0,0.0,0.0,0.0,1,0,0,0,0,0,0,1,0,1,7.2993,0.0,0.0,0.0,0.0,0.0,0.0,0.1125,0.0,0.1125
WBGene00018788,shc-1,"shc-1 encodes four proteins by multiple splicing, three of which are rather small (52-81 residues); however, one isoform (F54A5.3A, 316 residues) is a ortholog of vertebrate Shc proteins (e.g., p52/p46SHC and p66SHC); like its orthologs, F54A5.3A has a PTB and an SH2 domain in N- to C-terminal order; shc-1 interacts with both the JNK and insulin signaling pathways to regulate stress response and adult life span; SHC-1::GFP is widely expressed during postembryonic development and localizes to both the cytoplasm and the nucleus.",PH domain-like; PTB/PI domain; SH2 domain,I,-,protein_coding,969088,976560,7473,1471,1255,2348,2399,19.68,16.79,36.48,4057,951,2422,592,5333,0,0,7473,0,0,0,0,0,0,0,0,0,0,0,0.0,0.0,0.0,0.0,0.0,0.0,0.0,0.0,0.0,0.0,0,0,1,0,0,0,0,1,0,1,0.0,0.0,0.4129,0.0,0.0,0.0,0.0,0.1338,0.0,0.1338
WBGene00016931,C54G6.2,"The C54G6.2 gene encodes a homolog of human RP2, which when mutated leads to X-linked retinitis pigmentosa 2 (OMIM:312600).",CARP motif; Tubulin binding cofactor C-like domain,I,+,protein_coding,1006177,1011450,5274,1057,1033,1516,1668,20.04,19.59,39.63,0,1392,3197,685,2077,0,0,5274,0,0,0,1,0,0,0,0,1,0,1,0.0,0.0,0.3128,0.0,0.0,0.0,0.0,0.1896,0.0,0.1896,0,0,0,0,0,0,0,0,0,0,0.0,0.0,0.0,0.0,0.0,0.0,0.0,0.0,0.0,0.0
WBGene00021334,vps-4,none available,"AAA+ ATPase domain; ATPase, AAA-type, core; MIT; P-loop containing nucleoside triphosphate hydrolase; Vps4 oligomerisation, C-terminal",I,-,protein_coding,1053894,1066899,13006,2264,2406,4140,4196,17.41,18.5,35.91,30,1293,11215,468,1791,0,0,13006,0,0,0,1,0,0,0,0,1,0,1,0.0,0.0,0.0892,0.0,0.0,0.0,0.0,0.0769,0.0,0.0769,0,0,0,0,0,0,0,0,0,0,0.0,0.0,0.0,0.0,0.0,0.0,0.0,0.0,0.0,0.0
WBGene00019909,R06A10.1,none available,Major facilitator superfamily domain,I,+,protein_coding,1077425,1088589,11165,2026,2236,3400,3503,18.15,20.03,38.17,196,558,10414,138,892,0,0,11165,0,0,0,0,0,0,0,0,0,0,0,0.0,0.0,0.0,0.0,0.0,0.0,0.0,0.0,0.0,0.0,0,0,1,0,0,0,0,1,0,1,0.0,0.0,0.096,0.0,0.0,0.0,0.0,0.0896,0.0,0.0896
WBGene00019673,K12C11.1,"The K12C11.1 gene encodes an ortholog of the human gene PEPTIDASE D (PEPD), which when mutated leads to prolidase deficiency (OMIM:170100).","Aminopeptidase P, N-terminal; Creatinase/Aminopeptidase P, N-terminal; Creatinase/Aminopeptidase P/Spt16, N-terminal; Peptidase M24",I,-,protein_coding,1341272,1344692,3421,701,732,919,1069,20.49,21.4,41.89,0,1497,1841,83,1580,0,0,3421,0,0,0,0,0,0,0,0,0,0,0,0.0,0.0,0.0,0.0,0.0,0.0,0.0,0.0,0.0,0.0,0,0,1,0,0,0,0,1,0,1,0.0,0.0,0.5432,0.0,0.0,0.0,0.0,0.2923,0.0,0.2923
WBGene00022366,Y92H12BL.5,The Y92H12BL.5 gene encodes a NUDIX hydrolase.,NUDIX hydrolase; NUDIX hydrolase domain; NUDIX hydrolase domain-like,I,+,protein_coding,1365303,1376409,11107,2356,1688,3430,3633,21.21,15.2,36.41,218,453,9717,719,1390,0,0,11107,0,0,0,0,0,0,0,0,0,0,0,0.0,0.0,0.0,0.0,0.0,0.0,0.0,0.0,0.0,0.0,0,1,0,0,0,0,0,1,0,1,0.0,2.2075,0.0,0.0,0.0,0.0,0.0,0.09,0.0,0.09
WBGene00022372,Y92H12BR.7,none available,,I,+,protein_coding,1393046,1402975,9930,1438,1457,3661,3374,14.48,14.67,29.15,1523,1725,6649,33,3281,0,0,9930,0,0,0,1,0,0,0,0,1,0,1,0.0,0.0,0.1504,0.0,0.0,0.0,0.0,0.1007,0.0,0.1007,0,0,0,0,0,0,0,0,0,0,0.0,0.0,0.0,0.0,0.0,0.0,0.0,0.0,0.0,0.0
WBGene00022371,set-29,"set-29 encodes a SET domain-containing protein; SET-29 is orthologous to human SETD4 and fission yeast Mug76p, and is paralogous to SET-27 and human SETD3; SET-29 has no obvious function in mass RNAi assays.",SET domain,I,+,protein_coding,1405935,1413100,7166,1294,1296,2320,2256,18.06,18.09,36.14,9,1206,5883,68,1283,0,0,7166,0,0,1,0,0,0,0,0,1,0,1,0.0,0.8292,0.0,0.0,0.0,0.0,0.0,0.1395,0.0,0.1395,0,0,0,0,0,0,0,0,0,0,0.0,0.0,0.0,0.0,0.0,0.0,0.0,0.0,0.0,0.0
WBGene00001115,dyb-1,dyb-1 encodes a homolog of mammalian alpha-dystrobrevin (DTNA); DYB-1 physically interacts with DYS-1/dystrophin in vitro and CTN-1/alpha-catulinand and DYS-1/dystrophin in vivo.,"Distrobrevin; EF-hand domain pair; EF-hand domain, type 1; EF-hand domain, type 2; Zinc finger, ZZ-type",I,+,protein_coding,1483083,1490498,7416,1315,1387,2467,2247,17.73,18.7,36.43,1373,1773,5443,177,2047,0,0,7416,0,0,0,1,0,0,0,0,1,0,1,0.0,0.0,0.1837,0.0,0.0,0.0,0.0,0.1348,0.0,0.1348,0,0,0,0,0,0,0,0,0,0,0.0,0.0,0.0,0.0,0.0,0.0,0.0,0.0,0.0,0.0
WBGene00022358,Y92H12A.2,none available,C2 domain; HECT domain; WW domain,I,+,protein_coding,1543525,1556196,12672,2438,2292,3798,4144,19.24,18.09,37.33,112,2244,10082,307,2659,0,0,12672,0,0,0,0,0,0,0,1,0,0,1,0.0,0.0,0.0,0.0,0.0,0.0,0.0,0.0,0.0,0.0789,0,0,0,0,0,0,0,0,0,0,0.0,0.0,0.0,0.0,0.0,0.0,0.0,0.0,0.0,0.0
WBGene00022152,atg-5,"atg-5 encodes, by alternative splicing, two isoforms of an ortholog of the autophagic budding yeast protein Atg5p, and of human ATG5 (OMIM:604261); ATG-5 has no obvious function in mass RNAi assays.",Autophagy-related protein 5,I,+,protein_coding,1709587,1715564,5978,762,866,2273,2077,12.75,14.49,27.23,0,845,4987,188,1033,0,0,5978,0,0,1,0,0,0,0,0,1,0,1,0.0,1.1834,0.0,0.0,0.0,0.0,0.0,0.1673,0.0,0.1673,0,0,0,0,0,0,0,0,0,0,0.0,0.0,0.0,0.0,0.0,0.0,0.0,0.0,0.0,0.0
WBGene00006771,tln-1,none available,"Band 4.1 domain; FERM central domain; FERM, N-terminal; FERM/acyl-CoA-binding protein, 3-helical bundle; I/LWEQ domain; IRS-type PTB domain; PH domain-like; Talin, N-terminal F0 domain; Talin, central; Ubiquitin-related domain; Vinculin-binding site-containing domain; Vinculin/alpha-catenin",I,+,protein_coding,1721590,1740692,19103,4260,4110,5573,5160,22.3,21.51,43.82,359,7907,11014,5387,8679,0,0,19103,0,0,0,1,0,0,0,0,1,0,1,0.0,0.0,0.0908,0.0,0.0,0.0,0.0,0.0523,0.0,0.0523,0,0,0,0,0,0,0,0,0,0,0.0,0.0,0.0,0.0,0.0,0.0,0.0,0.0,0.0,0.0
WBGene00022148,ddx-27,"ddx-27 encodes a putative DEAD-box helicase, orthologous to human  DDX27 and Drosophila Rs1, that is required for larval development and normally rapid growth.","DEAD/DEAH box helicase domain; Helicase superfamily 1/2, ATP-binding domain; Helicase, C-terminal; P-loop containing nucleoside triphosphate hydrolase",I,+,protein_coding,1767887,1790157,22271,4210,3807,7732,6522,18.9,17.09,36.0,55,2220,19844,152,2427,0,0,22271,0,0,0,1,0,0,0,0,1,0,1,0.0,0.0,0.0504,0.0,0.0,0.0,0.0,0.0449,0.0,0.0449,0,0,0,0,0,0,0,0,0,0,0.0,0.0,0.0,0.0,0.0,0.0,0.0,0.0,0.0,0.0
WBGene00001196,egl-30,"egl-30 encodes an ortholog of the heterotrimeric G protein alpha subunit Gq (Gq/G11 class) that affects viability, locomotion, egg laying, synaptic transmission, and pharyngeal pumping; it genetically interacts with the goa-1 pathway, and is probably expressed ubiquitously, with highest expression in excitable cells.","G protein alpha subunit, helical insertion; G-protein alpha subunit, group Q; Guanine nucleotide binding protein (G-protein), alpha subunit; P-loop containing nucleoside triphosphate hydrolase",I,+,protein_coding,1835661,1841965,6305,1256,1379,1810,1860,19.92,21.87,41.79,1821,1068,3885,1077,3928,0,0,6305,0,0,0,0,0,0,0,1,0,0,1,0.0,0.0,0.0,0.0,0.0,0.0,0.0,0.0,0.0,0.1586,0,0,0,0,0,0,0,0,0,0,0.0,0.0,0.0,0.0,0.0,0.0,0.0,0.0,0.0,0.0
WBGene00021239,Y20F4.4,none available,,I,-,protein_coding,2034322,2043805,9484,1850,1775,2830,3029,19.51,18.72,38.22,25,2151,7099,209,2385,0,0,9484,0,0,0,1,0,0,0,0,1,0,1,0.0,0.0,0.1409,0.0,0.0,0.0,0.0,0.1054,0.0,0.1054,0,0,0,0,0,0,0,0,0,0,0.0,0.0,0.0,0.0,0.0,0.0,0.0,0.0,0.0,0.0
WBGene00021009,afd-1,none available,Dilute domain; Forkhead-associated (FHA) domain; PDZ domain; Ras-associating (RA) domain; SMAD/FHA domain; Ubiquitin-related domain,I,+,protein_coding,2160038,2209644,49607,7560,8363,16655,17029,15.24,16.86,32.1,109,5648,44574,311,6068,0,0,49607,0,0,0,1,0,0,0,0,1,0,1,0.0,0.0,0.0224,0.0,0.0,0.0,0.0,0.0202,0.0,0.0202,0,0,0,0,0,0,0,0,0,0,0.0,0.0,0.0,0.0,0.0,0.0,0.0,0.0,0.0,0.0
WBGene00021005,ule-1,"W03F11.1 encodes a protein with three chitin-binding peritrophin-Adomains; like CEJ-1 and CPG-2, W03F11.1 may participate in eggshellsynthesis and early embryonic development; W03F11.1 is required forfertility in mass RNAi assays; W03F11.1's multiple peritrophin-A domainsmight enable mechanical cross-linking of chitin.",Chitin binding domain,I,-,protein_coding,2219468,2222313,2846,570,525,899,852,20.03,18.45,38.48,20,708,2040,78,806,0,0,2846,0,0,0,0,0,0,0,0,0,0,0,0.0,0.0,0.0,0.0,0.0,0.0,0.0,0.0,0.0,0.0,0,1,0,0,0,0,0,1,0,1,0.0,1.4124,0.0,0.0,0.0,0.0,0.0,0.3514,0.0,0.3514
WBGene00021470,tpxl-1,"tpxl-1 encodes the C. elegans ortholog of Xenopus laevis TPX2; during mitosis, TPXL-1 activity is required for activation and localization of the AIR-1 Aurora A kinase to mitotic spindles, and thus for proper mitotic spindle assembly; like TPX2, TPXL-1 physically interacts with the Aurora A kinase AIR-1 in vitro, and colocalizes with AIR-1 at the centrosome, particularly the outer centrosomal layer, and along microtubules extended outward from the centrosome.",,I,-,protein_coding,2297392,2304397,7006,1488,1375,2099,2044,21.24,19.63,40.86,5,1552,5052,487,2044,0,0,7006,0,0,0,0,0,0,0,0,0,0,0,0.0,0.0,0.0,0.0,0.0,0.0,0.0,0.0,0.0,0.0,0,1,0,0,0,0,0,1,0,1,0.0,0.6443,0.0,0.0,0.0,0.0,0.0,0.1427,0.0,0.1427
WBGene00021473,sydn-1,none available,,I,-,protein_coding,2377089,2381851,4763,901,732,1501,1629,18.92,15.37,34.29,0,1737,3026,0,1737,0,0,4763,0,0,0,0,0,0,0,0,0,0,0,0.0,0.0,0.0,0.0,0.0,0.0,0.0,0.0,0.0,0.0,0,1,0,0,0,0,0,1,0,1,0.0,0.5757,0.0,0.0,0.0,0.0,0.0,0.21,0.0,0.21
WBGene00021474,dot-1.1,none available,Histone H3-K79 methyltransferase; Histone-lysine N-methyltransferase DOT1 domain; S-adenosyl-L-methionine-dependent methyltransferase,I,-,protein_coding,2382953,2401492,18540,3311,3080,5934,6215,17.86,16.61,34.47,64,2988,15197,1638,4690,0,0,18540,0,0,0,0,0,0,0,0,0,0,0,0.0,0.0,0.0,0.0,0.0,0.0,0.0,0.0,0.0,0.0,0,0,0,0,0,0,1,0,0,1,0.0,0.0,0.0,0.0,0.0,0.0,0.0,0.0,0.0,0.0539
WBGene00021276,Y23H5B.5,none available,"U3 small nucleolar RNA-associated protein 15, C-terminal; WD40 repeat; WD40-repeat-containing domain; WD40/YVTN repeat-like-containing domain",I,+,protein_coding,2498134,2506259,8126,1258,1258,3019,2591,15.48,15.48,30.96,2,1686,5861,577,2265,0,0,8126,0,0,0,1,0,0,0,0,1,0,1,0.0,0.0,0.1706,0.0,0.0,0.0,0.0,0.1231,0.0,0.1231,0,0,0,0,0,0,0,0,0,0,0.0,0.0,0.0,0.0,0.0,0.0,0.0,0.0,0.0,0.0
WBGene00021272,Y23H5B.1,none available,Domain of unknown function DUF19,I,+,protein_coding,2552734,2555408,2675,548,414,762,951,20.49,15.48,35.96,214,522,1916,82,818,0,0,2675,0,0,0,1,0,0,0,0,1,0,1,0.0,0.0,0.5219,0.0,0.0,0.0,0.0,0.3738,0.0,0.3738,0,0,0,0,0,0,0,0,0,0,0.0,0.0,0.0,0.0,0.0,0.0,0.0,0.0,0.0,0.0
WBGene00018232,F40E3.5,none available,Metallo-dependent phosphatase-like; Serine/threonine-specific protein phosphatase/bis(5-nucleosyl)-tetraphosphatase,I,-,protein_coding,2645266,2657245,11980,2234,2589,3452,3705,18.65,21.61,40.26,163,1035,10809,43,1241,0,0,11980,0,0,0,1,0,0,0,0,1,0,1,0.0,0.0,0.0925,0.0,0.0,0.0,0.0,0.0835,0.0,0.0835,0,0,0,0,0,0,0,0,0,0,0.0,0.0,0.0,0.0,0.0,0.0,0.0,0.0,0.0,0.0
WBGene00017980,F32B5.7,none available,Glycine-rich domain-containing protein-like,I,-,protein_coding,2672940,2682797,9858,1929,1879,3003,3047,19.57,19.06,38.63,69,2379,7243,305,2753,0,0,9858,0,0,0,0,0,0,0,0,0,0,0,0.0,0.0,0.0,0.0,0.0,0.0,0.0,0.0,0.0,0.0,0,0,1,0,0,0,0,1,0,1,0.0,0.0,0.1381,0.0,0.0,0.0,0.0,0.1014,0.0,0.1014
WBGene00003006,lin-17,"lin-17 encodes one of four C. elegans Frizzled homologs, integral membrane proteins that contain an external cysteine rich domain (CRD) and seven transmembrane domains and that function in a wide variety of species as receptors for Wnt glycoprotein signaling molecules; LIN-17 activity is required for specifying the polarity of a number of asymmetric cell divisions that, in C. elegans, are essential for development of such structures as the vulva, somatic gonad, and tail; LIN-17 is also required for the proper polarity of neuronal migrations along the anterior-posterior axis; genetic interactions indicate that LIN-17 likely functions as a receptor for several different Wnt molecules, including LIN-44 and EGL-20, and that in specifying cell fates, the LIN-17-mediated signaling pathway often functions redundantly with other signaling pathways, including the RTK/Ras pathway; LIN-17, along with CWN-2, CAM-1, and DSH-1, functions as part of a Wnt signaling pathway that regulates ACR-16 localization to postsynaptic regions, a key component of activity-dependent synaptic plasticity; a LIN-17 translational reporter fusion shows membrane-associated expression in all of the Pn.pxx vulval precursor cells, in the descendants of V6 and T in males, in the P11.p and B cells, as well as their daughters, and granddaughters, and weakly in P10.p and its daughters; the reporter fusion does not reveal expression in P7.p, Z1, Z4, and T; LIN-17 is also expressed in muscle arms, where it colocalizes with CAM-1.",Frizzled domain; Frizzled protein; Frizzled-4; Frizzled/secreted frizzled-related protein,I,+,protein_coding,2706883,2717549,10667,1920,2055,3332,3360,18.0,19.27,37.26,328,1681,8469,204,2203,0,0,10667,0,0,0,0,0,0,0,0,0,0,0,0.0,0.0,0.0,0.0,0.0,0.0,0.0,0.0,0.0,0.0,0,0,1,0,0,0,0,1,0,1,0.0,0.0,0.1181,0.0,0.0,0.0,0.0,0.0937,0.0,0.0937
WBGene00022129,lron-11,none available,"Leucine-rich repeat; Leucine-rich repeat domain, L domain-like; Leucine-rich repeat, typical subtype",I,-,protein_coding,2735353,2742508,7156,1663,1412,2068,2013,23.24,19.73,42.97,12,1629,5322,193,1834,0,0,7156,0,0,0,0,0,0,0,0,0,0,0,0.0,0.0,0.0,0.0,0.0,0.0,0.0,0.0,0.0,0.0,0,1,0,0,0,0,0,1,0,1,0.0,0.6139,0.0,0.0,0.0,0.0,0.0,0.1397,0.0,0.1397
WBGene00002174,itx-1,itx-1 encodes one of two Caspr orthologues found in the C. elegans genome; Caspr proteins belong to the Neurexin superfamily and are involved in mediating cell-cell contacts and in the formation of specialized membrane-domains in polarized epithelial and nerve cells; RNA interference of itx-1 suggests that itx-1 is involved in the correct positioning and maintenance of apical junctions and in maintaining epithelial integrity in the gut; gfp-reporter studies indicate that ITX-1 is expressed in intestinal cell epithelia and in the socket cells of the inner and outer labial sensilla; immunofluorescence studies indicate that ITX-1 localizes to the baso-lateral membranes of intestinal epithelia.,Concanavalin A-like lectin/glucanase domain; EGF-like domain; Laminin G domain,I,+,protein_coding,2802803,2815830,13028,2710,2471,3817,4030,20.8,18.97,39.77,19,5004,7959,187,5210,0,0,13028,0,0,0,0,0,0,0,0,0,0,0,0.0,0.0,0.0,0.0,0.0,0.0,0.0,0.0,0.0,0.0,0,0,1,0,0,0,0,1,0,1,0.0,0.0,0.1256,0.0,0.0,0.0,0.0,0.0768,0.0,0.0768
WBGene00003387,mod-5,"mod-5 encodes a Na[+],Cl[-]-dependent serotonin transporter that is required for serotonin uptake by neurosecretory motor neurons and for the experience-dependent enhanced slowing response to food; MOD-5 has serotonin transport activity in cell culture, and is a target of the serotonin uptake inhibitor fluoxetine (Prozac) in vivo; MOD-5 is orthologous to the human serotonin transporter (SLC6A4, OMIM:182138, associated with varying levels of neuroticism, introversion, and anxiety).",Sodium:neurotransmitter symporter,I,-,protein_coding,3034716,3047794,13079,2522,2330,4343,3884,19.28,17.81,37.1,0,2016,10541,522,2538,0,0,13079,0,0,0,0,0,0,0,0,0,0,0,0.0,0.0,0.0,0.0,0.0,0.0,0.0,0.0,0.0,0.0,0,1,0,0,0,0,0,1,0,1,0.0,0.496,0.0,0.0,0.0,0.0,0.0,0.0765,0.0,0.0765
WBGene00021835,Y54E10A.17,none available,DOMON domain,I,+,protein_coding,3206762,3210272,3511,614,710,1085,1102,17.49,20.22,37.71,42,705,2826,820,1360,0,0,3511,0,0,0,1,0,0,0,0,1,0,1,0.0,0.0,0.3539,0.0,0.0,0.0,0.0,0.2848,0.0,0.2848,0,0,0,0,0,0,0,0,0,0,0.0,0.0,0.0,0.0,0.0,0.0,0.0,0.0,0.0,0.0
WBGene00197872,Y54E10A.23,none available,,I,-,ncRNA,3260566,3260714,149,9,49,43,48,6.04,32.89,38.93,0,0,0,0,149,0,0,149,0,0,0,1,0,0,0,0,1,0,1,0.0,0.0,0.0,0.0,0.0,0.0,0.0,6.7114,0.0,6.7114,0,0,0,0,0,0,0,0,0,0,0.0,0.0,0.0,0.0,0.0,0.0,0.0,0.0,0.0,0.0
WBGene00004154,pqn-72,"The protein product of this gene is predicted to contain a glutamine/asparagine (Q/N)-rich ('prion') domain, by the algorithm of Michelitsch and Weissman (as of the WS77 release of WormBase, i.e., in wormpep77).",,I,-,protein_coding,3269397,3280883,11487,2333,2013,3450,3691,20.31,17.52,37.83,117,1764,10106,176,2054,0,0,11487,0,0,0,0,0,0,0,0,0,0,0,0.0,0.0,0.0,0.0,0.0,0.0,0.0,0.0,0.0,0.0,0,1,0,0,0,0,0,1,0,1,0.0,0.5669,0.0,0.0,0.0,0.0,0.0,0.0871,0.0,0.0871
WBGene00019360,neto-1,none available,CUB domain; Low-density lipoprotein (LDL) receptor class A repeat; Neuropilin and tolloid-like protein 2,I,+,protein_coding,3427148,3433207,6060,1201,1542,1694,1623,19.82,25.45,45.26,80,1107,4795,78,1265,0,0,6060,0,0,0,1,0,0,0,0,1,0,1,0.0,0.0,0.2086,0.0,0.0,0.0,0.0,0.165,0.0,0.165,0,0,0,0,0,0,0,0,0,0,0.0,0.0,0.0,0.0,0.0,0.0,0.0,0.0,0.0,0.0
WBGene00044437,Y47G6A.32,none available,,I,+,protein_coding,3620537,3625570,5034,913,924,1623,1574,18.14,18.36,36.49,45,597,3909,483,1125,0,0,5034,0,0,0,0,0,0,0,0,0,0,0,0.0,0.0,0.0,0.0,0.0,0.0,0.0,0.0,0.0,0.0,0,0,1,0,0,0,0,1,0,1,0.0,0.0,0.2558,0.0,0.0,0.0,0.0,0.1986,0.0,0.1986
WBGene00003040,lin-59,"lin-59 encodes a SET domain-containing protein that is most closely related to the ASH1 group of histone-lysine N-methyltransferases; lin-59 was originally identified in screens for mutations that disrupt male tail development and subsequently was shown to be an essential gene required for development and fate specification of a number of different cells types, including those of the male tail, male and hermaphrodite hindgut, and egg-laying system; lin-59 has been shown to positively regulate expression of at least four genes: cdh-3, egl-5, mab-5, and nac-2; a lin-59::gfp reporter fusion is first expressed during the proliferative stage of embryonic development and expression continues, in most cells, throughout larval development and adulthood.","AWS domain; Bromo adjacent homology (BAH) domain; SET domain; Zinc finger, FYVE/PHD-type; Zinc finger, PHD-finger; Zinc finger, PHD-type; Zinc finger, RING/FYVE/PHD-type",I,-,protein_coding,3713449,3721157,7709,1558,1479,2260,2412,20.21,19.19,39.4,97,3939,3358,315,4351,0,0,7709,0,0,0,0,0,0,0,0,0,0,0,0.0,0.0,0.0,0.0,0.0,0.0,0.0,0.0,0.0,0.0,0,1,0,0,0,0,0,1,0,1,0.0,0.2539,0.0,0.0,0.0,0.0,0.0,0.1297,0.0,0.1297
WBGene00006751,unc-11,"unc-11 encodes multiple isoforms of a clathrin-adaptor protein AP180 (OMIM:603025) that functions in clathrin-mediated endocytosis; UNC-11 is essential for embryogenesis, locomotion, and pharyngeal pumping, and regulates neurotransmitter release by controlling vesicle trafficking and fusion; UNC-11 is also required for localization of SNB-1/synaptobrevin to synaptic vesicles, thus acting as a sorting protein as well as a clathrin-adaptor protein; UNC-11 is expressed at high levels in nearly all neurons, where it is enriched at presynaptic terminals, and is also expressed in coelomocytes, the uv1 secretory cells of the vulva, and the intestine.","AP180 N-terminal homology (ANTH) domain; ENTH  domain; ENTH/VHS; Phosphoinositide-binding clathrin adaptor, domain 2",I,-,protein_coding,3798396,3805739,7344,1263,1067,2543,2471,17.2,14.53,31.73,35,1929,4859,809,2773,0,0,7344,0,0,0,0,0,0,0,0,0,0,0,0.0,0.0,0.0,0.0,0.0,0.0,0.0,0.0,0.0,0.0,0,0,0,0,0,1,0,0,0,1,0.0,0.0,0.0,0.0,0.0,0.0,0.0,0.0,0.0,0.1362
WBGene00219725,linc-63,none available,,I,-,lincRNA,3870642,3871267,626,172,115,174,165,27.48,18.37,45.85,0,0,0,0,533,0,0,626,0,0,0,0,0,0,0,0,0,0,0,0.0,0.0,0.0,0.0,0.0,0.0,0.0,0.0,0.0,0.0,0,0,0,0,0,0,1,0,0,1,0.0,0.0,0.0,0.0,0.0,0.0,0.0,0.0,0.0,1.5974
WBGene00006805,unc-73,"unc-73 encodes a guanine nucleotide exchange factor (GNEF) similar to the Trio protein; UNC-73 is required for vulval morphogenesis, for the migration of QL, QR, CAN, and hypodermal P cells, the commissure outgrowth of D type motoneurons, and amphid axon outgrowth; UNC-73 has GNEF activity for both CED-10 and MIG-2 in vitro; the requirement for UNC-73 in P cell migration can be suppressed by transgenic overexpression of rho-1; UNC-73 activates several small GTPases: RHO-1 in P cell migration, and both CED-10 and MIG-2 in vulval morphogenesis, P cell migration, and axon outgrowth.",CRAL-TRIO lipid binding domain; Dbl homology (DH) domain; Fibronectin type III; Immunoglobulin I-set; Immunoglobulin-like domain; Immunoglobulin-like fold; PH domain-like; Pleckstrin homology domain; SH3 domain,I,-,protein_coding,3999300,4031739,32440,6224,5930,10686,9600,19.19,18.28,37.47,642,7932,24813,1616,10012,0,0,32440,0,0,0,0,0,0,0,0,0,0,0,0.0,0.0,0.0,0.0,0.0,0.0,0.0,0.0,0.0,0.0,0,1,0,0,0,0,0,1,0,1,0.0,0.1261,0.0,0.0,0.0,0.0,0.0,0.0308,0.0,0.0308
WBGene00016603,met-1,"met-1 encodes a histone methyltransferase whose SET domain is similar to that of Saccharomyces cerevisiae Set2p; loss of met-1 activity in the background of a mutant class A synMuv gene, such as lin-15A, results in a multivulval phenotype, indicating that met-1 acts to negatively regulate vulval cell fate specification; as met-1 is required for normal levels of histone H3K36 and H3K9 trimethylation and met-1;lin-15A animals show an increase in lin-3 EGF expression, met-1 likely acts as part of a transcriptional repressor complex that negatively regulates lin-3 EGF transcription to restrict vulval development to three of the six cells in the vulval equivalence group; in addition, genetic studies indicate that met-1 likely acts redundantly with met-2 to inhibit vulval cell fates.",AWS domain; Post-SET domain; SET domain; WW domain,I,+,protein_coding,4254197,4264699,10503,1798,1846,3670,3189,17.12,17.58,34.69,477,4815,5137,373,5623,0,0,10503,0,0,1,0,0,0,0,0,1,0,1,0.0,0.2077,0.0,0.0,0.0,0.0,0.0,0.0952,0.0,0.0952,0,0,0,0,0,0,0,0,0,0,0.0,0.0,0.0,0.0,0.0,0.0,0.0,0.0,0.0,0.0
WBGene00000140,anc-1,"anc-1 encodes a protein, orthologous to Drosophila MSP 300 and mammalian SYNE1 and SYNE2 proteins; ANC-1 has coiled regions, a nuclear envelope localization domain (the KASH domain) and an actin-binding domain; ANC-1 affects the positioning of nuclei and mitochondria within the cytoskeleton; ANC-1 is expressed in the cytoplasm, but is localized to the nuclear periphery in an UNC-84 dependent manner.",BAG domain; Calponin homology domain; KASH domain,I,+,protein_coding,4318033,4359092,41060,8055,8766,13176,11063,19.62,21.35,40.97,86,25672,15223,220,25894,0,0,41060,0,0,0,0,0,0,0,0,0,0,0,0.0,0.0,0.0,0.0,0.0,0.0,0.0,0.0,0.0,0.0,0,0,1,0,0,0,0,1,0,1,0.0,0.0,0.0657,0.0,0.0,0.0,0.0,0.0244,0.0,0.0244
WBGene00022834,ZK973.8,none available,Protein of unknown function DUF1265; SKP1/BTB/POZ domain,I,-,protein_coding,4364903,4367907,3005,562,561,923,959,18.7,18.67,37.37,958,1179,820,48,2185,0,0,3005,0,0,0,0,0,0,0,0,0,0,0,0.0,0.0,0.0,0.0,0.0,0.0,0.0,0.0,0.0,0.0,0,1,0,0,0,0,0,1,0,1,0.0,0.8482,0.0,0.0,0.0,0.0,0.0,0.3328,0.0,0.3328
WBGene00219727,linc-39,none available,,I,-,lincRNA,4683182,4683865,684,133,149,215,187,19.44,21.78,41.23,0,0,0,0,361,0,0,684,0,0,0,0,0,0,0,0,0,0,0,0.0,0.0,0.0,0.0,0.0,0.0,0.0,0.0,0.0,0.0,0,0,1,0,0,0,0,1,0,1,0.0,0.0,0.0,0.0,0.0,0.0,0.0,1.462,0.0,1.462
WBGene00001860,him-1,"him-1 encodes a homolog of the conserved eukaryotic protein, SMC1, a member of the SMC (structural maintenance of chromosomes) superfamily that is required for embryonic viability, germline mitosis, chromosome pairing, and the segregation of mitotic chromosomes; HIM-1 can interact with SMC-3 and is required for DPY-28 localization to meiotic chromosomes; associates with the chromatin of transition-zone nuclei.","P-loop containing nucleoside triphosphate hydrolase; RecF/RecN/SMC, N-terminal; SMCs flexible hinge; Structural maintenance of chromosomes protein; Structural maintenance of chromosomes protein 1A, metazoan",I,-,protein_coding,4951571,4957667,6097,1083,1163,1732,2119,17.76,19.07,36.84,7,3789,2062,239,4035,0,0,6097,0,0,0,0,0,0,0,0,0,0,0,0.0,0.0,0.0,0.0,0.0,0.0,0.0,0.0,0.0,0.0,0,0,1,0,0,0,0,1,0,1,0.0,0.0,0.485,0.0,0.0,0.0,0.0,0.164,0.0,0.164
WBGene00000272,bro-1,"bro-1 encodes an ortholog of human CBFB (OMIM:121360, mutated in acute myeloid leukemia and CBFB haploinsufficiency) and Drosophila BRO/BGB; BRO-1 is required for the normal proliferation and differentiation of seam cells, alae, and male tail rays; bro-1 mutants exhibit defective seam cell division and differentiation, and males exhibit ray loss; conversely, transgenic overexpression of BRO-1 induces excess seam cell divisions at least somewhat independently of RNT-1; coexpression of both BRO-1 and RNT-1 induces full seam cell hyperplasia; rnt-1 transcription is abnormally high in bro-1 mutant larvae; BRO-1 is also required for normal structural integrity of the vulva, with bro-1 mutants showing ruptured vulvae; BRO-1 is expressed in both cytoplasm and nuclei of hypodermal seam cells (from bean-stage embryos onward), muscle cells, the uterine seam (utse) cell in late L4 larvae, some pharyngeal neurons, and male ray precursor cells, and transgenic expression of BRO-1 in seam cells alone rescues the bro-1(bp133) mutation; seam cell phenotypes of bro-1 mutants are partly suppressed by inactivation of LIN-35, FZR-1, and CKI-1, all of which inhibit progression from G1 to S phase of the cell cycle; the structural similarity of BRO-1 to CBFbeta has been confirmed by circular dichroism; BRO-1 is bound in vitro by the RUNT domains (RDs) of either RNT-1 or its human ortholog RUNX1; although BRO-1 does not itself bind DNA, it does bind to a complex of DNA with RNT-1's RD, and enhances both the strength and the specificity of RNT-1's DNA binding when it does so; BRO-1 is genetically redundant with UNC-37 and SOP-1 in specifying seam cell fate, and BRO-1's ligand RNT-1 binds UNC-37 in vitro; bro-1(bp133) and sop-1(RNAi) also show synthetic lethality.","Core binding factor, beta subunit",I,+,protein_coding,5186926,5189240,2315,381,393,755,786,16.46,16.98,33.43,59,459,1173,624,1142,0,0,2315,0,0,0,0,1,0,0,0,1,0,1,0.0,0.0,0.0,1.6026,0.0,0.0,0.0,0.432,0.0,0.432,0,0,0,0,0,0,0,0,0,0,0.0,0.0,0.0,0.0,0.0,0.0,0.0,0.0,0.0,0.0
WBGene00001491,frm-4,"frm-4 encodes a predicted transmembrane protein that contains an N-terminal FERM (Band 4.1-ezrin-radixin-moesin) domain; by homology, FRM-4 is predicted to function as a membrane-cytoskeleton linker protein that plays a role in cell adhesion, migration, or organization of cell surface structures; however, as loss of frm-4 activity via large-scale RNAi screens does not result in any obvious abnormalities, the precise role of FRM-4 in C. elegans development and/or behavior is not yet known.","Band 4.1 domain; FERM central domain; FERM, C-terminal PH-like domain; FERM, N-terminal; FERM/acyl-CoA-binding protein, 3-helical bundle; PH domain-like; Ubiquitin-related domain",I,-,protein_coding,5402882,5412400,9519,1773,1406,3348,2992,18.63,14.77,33.4,63,2019,7109,439,2521,0,0,9519,0,0,0,0,0,0,0,0,0,0,0,0.0,0.0,0.0,0.0,0.0,0.0,0.0,0.0,0.0,0.0,0,0,1,0,0,0,0,1,0,1,0.0,0.0,0.1407,0.0,0.0,0.0,0.0,0.1051,0.0,0.1051
WBGene00004393,rnt-1,"rnt-1 encodes a transcription factor that is the sole C. elegans member of the Runx family of transcriptional regulators; rnt-1 activity is required for several developmental processes, including regulation of hypodermal seam cell proliferation and proper development of the male tail; rnt-1 mutant animals also exhibit a slight reduction in body size which is enhanced by starvation; RNT-1 can physically interact with SMA-4 and regulates, either directly or indirectly, expression of tlp-1 and cki-1, which encode a C2H2 zinc finger and CDK inhibitor, respectively; RNT-1::GFP reporter fusions are expressed in the nuclei of hypodermal seam cells and transiently in body wall muscles; in males, a RNT-1::GFP is expressed in cells derived from the V5, V6 and T lineages that give rise to the sensory rays.","Acute myeloid leukemia 1 protein (AML1)/Runt; Runt domain; p53-like transcription factor, DNA-binding; p53/RUNT-type transcription factor, DNA-binding domain",I,+,protein_coding,5776093,5788611,12519,1938,2176,4077,4328,15.48,17.38,32.86,447,906,10973,222,1575,0,0,12519,0,0,0,0,0,0,1,0,0,0,1,0.0,0.0,0.0,0.0,0.0,0.0,0.0,0.0,0.0,0.0799,0,0,0,0,0,0,0,0,0,0,0.0,0.0,0.0,0.0,0.0,0.0,0.0,0.0,0.0,0.0
WBGene00020839,usp-5,none available,"Peptidase C19, ubiquitin carboxyl-terminal hydrolase; UBA-like; Ubiquitin-associated domain; Ubiquitinyl hydrolase; Zinc finger, RING/FYVE/PHD-type; Zinc finger, UBP-type",I,+,protein_coding,6110134,6114549,4416,820,782,1455,1359,18.57,17.71,36.28,5,2376,1814,227,2608,0,0,4416,0,0,1,0,0,0,0,0,1,0,1,0.0,0.4209,0.0,0.0,0.0,0.0,0.0,0.2264,0.0,0.2264,0,0,0,0,0,0,0,0,0,0,0.0,0.0,0.0,0.0,0.0,0.0,0.0,0.0,0.0,0.0
WBGene00016749,C48E7.1,none available,,I,+,protein_coding,6260249,6264520,4272,657,734,1478,1403,15.38,17.18,32.56,14,525,3482,251,790,0,0,4272,0,0,0,1,0,0,0,0,1,0,1,0.0,0.0,0.2872,0.0,0.0,0.0,0.0,0.2341,0.0,0.2341,0,0,0,0,0,0,0,0,0,0,0.0,0.0,0.0,0.0,0.0,0.0,0.0,0.0,0.0,0.0
WBGene00019431,K06A5.3,none available,Major sperm protein (MSP) domain; PapD-like,I,+,protein_coding,6466480,6467519,1040,210,211,374,245,20.19,20.29,40.48,370,438,197,35,843,0,0,1040,0,0,0,0,0,0,0,0,0,0,0,0.0,0.0,0.0,0.0,0.0,0.0,0.0,0.0,0.0,0.0,1,0,0,0,0,0,0,1,0,1,2.7027,0.0,0.0,0.0,0.0,0.0,0.0,0.9615,0.0,0.9615
WBGene00017066,maco-1,maco-1 encodes a novel protein with five transmembrane domains in the N-terminus and four coiled coil domains in the C-terminus; maco-1 is functionally conserved across species and is orthologous to human macoilin (OMIM:601301); macoilin is involved in assembly or traffic of ion channels or ion channel regulators; MACO-1 is not required for development but for appropriate regulation of neuronal activity; both transmembrane domains and coiled coil domains are required for appropriate function of MACO-1; proper function of MACO-1 is necessary for normal thermotaxis in many neurons; mutations in C. elegans macoilin disrupt aggregation and are associated with multiple behavioral defects; MACO-1 is localized to the rough ER of neurons; MACO-1 is also restricted to neuronal cell bodies at embryonic developmental stages.,Macoilin,I,-,protein_coding,6598982,6607520,8539,1435,1404,2805,2895,16.81,16.44,33.25,3,2694,4839,1003,3700,0,0,8539,0,0,0,0,0,0,0,0,0,0,0,0.0,0.0,0.0,0.0,0.0,0.0,0.0,0.0,0.0,0.0,0,0,1,0,0,0,0,1,0,1,0.0,0.0,0.2067,0.0,0.0,0.0,0.0,0.1171,0.0,0.1171
WBGene00020398,cerk-1,none available,"Diacylglycerol kinase, catalytic domain; NAD kinase/diacylglycerol kinase-like domain",I,+,protein_coding,6931138,6936928,5791,961,960,1954,1916,16.59,16.58,33.17,22,1650,4018,101,1773,0,0,5791,0,0,0,1,0,0,0,0,1,0,1,0.0,0.0,0.2489,0.0,0.0,0.0,0.0,0.1727,0.0,0.1727,0,0,0,0,0,0,0,0,0,0,0.0,0.0,0.0,0.0,0.0,0.0,0.0,0.0,0.0,0.0
WBGene00004773,sem-4,"sem-4 encodes a zinc-finger protein; sem-4 activity is required for proper development of cells in neuronal, mesodermal, and vulval cell lineages; sem-4 activity is also required for transdifferentiation of the Y rectal cell to the PDA neuron during larval development; a SEM-4::GFP reporter fusions are widely expressed with fluorescence seen in a number of different cell types including neurons, hypodermis, vulval precursor cells, and tail blast cells such as B and F.",Zinc finger C2H2-type,I,+,protein_coding,7038900,7048832,9933,1705,1880,3123,3225,17.17,18.93,36.09,8,2235,7092,598,2841,0,0,9933,0,0,0,0,0,0,0,0,0,0,0,0.0,0.0,0.0,0.0,0.0,0.0,0.0,0.0,0.0,0.0,0,0,1,0,0,0,0,1,0,1,0.0,0.0,0.141,0.0,0.0,0.0,0.0,0.1007,0.0,0.1007
WBGene00003622,nhr-23,"The nhr-23 gene encodes a nuclear hormone receptor homolog that is required in all larval molts; NHR-23 is highly similar to Drosophila DHR3, an ecdysone-inducible gene product involved in metamorphosis; NHR-23 is required for hypodermal expression of acn-1 and, probably, of dpy-7.","Nuclear hormone receptor; Nuclear hormone receptor, ligand-binding domain; Zinc finger, NHR/GATA-type; Zinc finger, nuclear hormone receptor-type",I,+,protein_coding,7214745,7221299,6555,1189,1356,1844,2166,18.14,20.69,38.83,658,1780,4672,347,2527,0,0,6555,0,0,1,0,0,0,0,0,1,0,1,0.0,0.5618,0.0,0.0,0.0,0.0,0.0,0.1526,0.0,0.1526,0,0,0,0,0,0,0,0,0,0,0.0,0.0,0.0,0.0,0.0,0.0,0.0,0.0,0.0,0.0
WBGene00009188,lsy-22,none available,,I,-,protein_coding,7704511,7718639,14129,2942,2371,4744,4072,20.82,16.78,37.6,435,882,12127,701,2018,0,0,14129,0,0,0,0,0,0,0,0,0,0,0,0.0,0.0,0.0,0.0,0.0,0.0,0.0,0.0,0.0,0.0,0,0,0,0,0,0,1,0,0,1,0.0,0.0,0.0,0.0,0.0,0.0,0.0,0.0,0.0,0.0708
WBGene00077552,H15N14.4,none available,,I,+,pseudogene,7779419,7785798,6380,1224,1291,1978,1887,19.18,20.24,39.42,0,0,0,0,0,0,0,6380,0,0,0,0,0,0,0,0,0,0,0,0.0,0.0,0.0,0.0,0.0,0.0,0.0,0.0,0.0,0.0,0,0,1,0,0,0,0,1,0,1,0.0,0.0,0.0,0.0,0.0,0.0,0.0,0.1567,0.0,0.1567
WBGene00009277,F30F8.10,none available,Acyl-CoA N-acyltransferase; GNAT domain,I,+,protein_coding,7840439,7847333,6895,1186,1226,2135,2348,17.2,17.78,34.98,604,738,5632,492,1387,0,0,6895,0,0,1,0,0,0,0,0,1,0,1,0.0,1.355,0.0,0.0,0.0,0.0,0.0,0.145,0.0,0.145,0,0,0,0,0,0,0,0,0,0,0.0,0.0,0.0,0.0,0.0,0.0,0.0,0.0,0.0,0.0
WBGene00008314,C54G4.4,none available,C-type lectin fold; C-type lectin-like; C-type lectin-like/link domain; Galactose-binding domain-like; Sushi/SCR/CCP domain,I,-,protein_coding,7996659,8003179,6521,1228,1103,2174,2016,18.83,16.91,35.75,0,2607,3767,147,2754,0,0,6521,0,0,0,0,0,0,0,0,0,0,0,0.0,0.0,0.0,0.0,0.0,0.0,0.0,0.0,0.0,0.0,0,0,1,0,0,0,0,1,0,1,0.0,0.0,0.2655,0.0,0.0,0.0,0.0,0.1534,0.0,0.1534
WBGene00199946,F52B5.10,none available,,I,-,ncRNA,8307643,8307733,91,34,14,32,11,37.36,15.38,52.75,0,0,0,0,91,0,0,91,0,0,0,0,0,0,0,0,0,0,0,0.0,0.0,0.0,0.0,0.0,0.0,0.0,0.0,0.0,0.0,0,0,0,0,0,0,1,0,0,1,0.0,0.0,0.0,0.0,0.0,0.0,0.0,0.0,0.0,10.989
WBGene00010854,M04C7.3,none available,,I,-,protein_coding,8546063,8546725,663,139,194,161,169,20.97,29.26,50.23,0,663,0,0,663,0,0,663,0,0,1,0,0,0,0,0,1,0,1,0.0,1.5083,0.0,0.0,0.0,0.0,0.0,1.5083,0.0,1.5083,0,0,0,0,0,0,0,0,0,0,0.0,0.0,0.0,0.0,0.0,0.0,0.0,0.0,0.0,0.0
WBGene00009126,pyk-1,"pyk-1 encodes one of two C. elegans pyruvate kinases; large-scale RNAi experiments indicate that pyk-1 is essential for embryonic development and specifically, for normal cortical activity in the AB blastomere; large-scale expression studies show that pyk-1 is expressed in body wall muscle in larvae and in body wall and vulval muscle, as well as in the reproductive system, in adults.","Pyruvate kinase; Pyruvate kinase, C-terminal; Pyruvate kinase, barrel; Pyruvate kinase-like, insert domain; Pyruvate/Phosphoenolpyruvate kinase-like domain",I,+,protein_coding,9168432,9177488,9057,1728,1746,2638,2945,19.08,19.28,38.36,492,3076,6977,372,3940,0,0,9057,0,0,1,0,0,0,0,0,1,0,1,0.0,0.3251,0.0,0.0,0.0,0.0,0.0,0.1104,0.0,0.1104,0,0,0,0,0,0,0,0,0,0,0.0,0.0,0.0,0.0,0.0,0.0,0.0,0.0,0.0,0.0
WBGene00009498,tat-5,"tat-5 encodes one of six C. elegans P4-type ATPases and is homologous to S. cerevisiae Neo1p; TAT-5 functions as an aminophospholipid translocase (flippase) whose activity is required to prevent phosphatidylethanolamine (PE) exposure on the outer plasma membrane and thus negatively regulate formation of extracellular vesicles known as ectosomes or microparticles; tat-5 loss-of-function mutations and tat-5(RNAi) result in embryonic lethality and hermaphrodite sterility, as a result of large-scale vesicle budding that reduces cell adhesion and leads to defects in cell shape; with the exception of very early embryos and the germline, a tat-5::gfp promoter fusion is expressed ubiquitously; TAT-5 localizes to the plasma membrane.","HAD-like domain; P-type ATPase; P-type ATPase, A  domain; P-type ATPase, C-terminal; P-type ATPase, N-terminal; P-type ATPase, cytoplasmic domain N; P-type ATPase, subfamily IV",I,-,protein_coding,9234170,9245926,11757,2015,1879,4042,3821,17.14,15.98,33.12,107,3383,8043,508,3998,0,0,11757,0,0,0,0,0,0,0,0,0,0,0,0.0,0.0,0.0,0.0,0.0,0.0,0.0,0.0,0.0,0.0,0,0,1,0,0,0,0,1,0,1,0.0,0.0,0.1243,0.0,0.0,0.0,0.0,0.0851,0.0,0.0851
WBGene00010857,M04C9.2,none available,"Peptidase C15, pyroglutamyl peptidase I-like; Putative pyroglutamyl peptidase PgaPase_1",I,-,protein_coding,9344724,9349576,4853,788,813,1611,1641,16.24,16.75,32.99,18,747,4088,0,765,0,0,4853,0,0,0,1,0,0,0,0,1,0,1,0.0,0.0,0.2446,0.0,0.0,0.0,0.0,0.2061,0.0,0.2061,0,0,0,0,0,0,0,0,0,0,0.0,0.0,0.0,0.0,0.0,0.0,0.0,0.0,0.0,0.0
WBGene00008876,F16A11.1,none available,"Concanavalin A-like lectin/glucanase domain; SPRY domain; Zinc finger, RING-type; Zinc finger, RING/FYVE/PHD-type",I,-,protein_coding,9393761,9404039,10279,1751,1603,3641,3284,17.03,15.59,32.63,21,2022,7534,703,2745,0,0,10279,0,0,0,0,0,0,0,0,0,0,0,0.0,0.0,0.0,0.0,0.0,0.0,0.0,0.0,0.0,0.0,0,0,1,0,0,0,0,1,0,1,0.0,0.0,0.1327,0.0,0.0,0.0,0.0,0.0973,0.0,0.0973
WBGene00009646,F42H11.1,none available,DUF236 repeat,I,+,protein_coding,9576357,9577889,1533,349,314,472,398,22.77,20.48,43.25,0,1074,459,0,1074,0,0,1533,0,0,1,0,0,0,0,0,1,0,1,0.0,0.9311,0.0,0.0,0.0,0.0,0.0,0.6523,0.0,0.6523,0,0,0,0,0,0,0,0,0,0,0.0,0.0,0.0,0.0,0.0,0.0,0.0,0.0,0.0,0.0
WBGene00007054,scpl-1,"scpl-1 encodes, by alternative splicing, two protein isoforms of a putative class-C RNA polymerase II (RNAPII) carboxyl-terminal domain (CTD) phosphatase, orthologous to budding yeast PSR1 and PSR2 and human CTDSP1 (OMIM:605323), CTDSP2 (OMIM:608711, amplified in sarcoma), and CTDSPL (OMIM:608592, deleted in epithelial cancer), and paralogous to C. elegans SCPL-3 and human CTDSPL2; more distantly, SCPL-1 (and its paralog SCPL-3) are similar to SCPL-2, SCPL-4, and FCP-1; loss of scpl-1 activity via RNAi results in a slightly abnormal egg-laying response in the presence of serotonin; an scpl-1::gfp promoter fusion is expressed in pharyngeal, vulval, and body wall muscle; within body wall muscle, SCPL-1 localize to the M line and I band; SCPL-1 physically interacts with UNC-89 both in vitro and in vivo.","Dullard phosphatase domain, eukaryotic; FCP1 homology domain; HAD-like domain",I,-,protein_coding,10086265,10102012,15748,2828,2456,5402,5062,17.96,15.6,33.55,149,1750,14357,269,2168,0,0,15748,0,0,0,0,0,0,0,0,0,0,0,0.0,0.0,0.0,0.0,0.0,0.0,0.0,0.0,0.0,0.0,0,0,0,1,0,0,0,1,0,1,0.0,0.0,0.0,3.7175,0.0,0.0,0.0,0.0635,0.0,0.0635
WBGene00013891,ZC434.3,none available,,I,-,protein_coding,10334661,10336130,1470,303,270,462,435,20.61,18.37,38.98,424,786,147,113,1323,0,0,1470,0,0,1,0,0,0,0,0,1,0,1,0.0,1.2723,0.0,0.0,0.0,0.0,0.0,0.6803,0.0,0.6803,0,0,0,0,0,0,0,0,0,0,0.0,0.0,0.0,0.0,0.0,0.0,0.0,0.0,0.0,0.0
WBGene00009743,sptf-1,none available,Zinc finger C2H2-type,I,+,protein_coding,10366621,10371697,5077,886,928,1620,1643,17.45,18.28,35.73,0,915,4010,389,1277,0,0,5077,0,0,0,0,0,0,0,0,0,0,0,0.0,0.0,0.0,0.0,0.0,0.0,0.0,0.0,0.0,0.0,0,0,1,0,0,0,0,1,0,1,0.0,0.0,0.2494,0.0,0.0,0.0,0.0,0.197,0.0,0.197
WBGene00000912,daf-16,"daf-16 encodes the sole C. elegans forkhead box O (FOXO) homologue; DAF-16 functions as a transcription factor that acts in the insulin/IGF-1-mediated signaling (IIS) pathway that regulates dauer formation, longevity, fat metabolism, stress response, and innate immunity; DAF-16 regulates these various processes through isoform-specific expression, isoform-specific regulation by different AKT kinases, and differential regulation of target genes; DAF-16 can interact with the CBP-1 transcription cofactor in vitro, and interacts genetically with other genes in the insulin signaling and with daf-12, which encodes a nuclear hormone receptor; DAF-16 is activated in response to DNA damage during development and co-regulated by EGL-27, alleviates DNA-damage-induced developmental arrest by inducing DAF-16-associated element (DAE)-regulated genes; DAF-16 is broadly expressed but displays isoform-specific tissue enrichment; DAF-16 localizes to both the cytoplasm and the nucleus, with the ratio between the two an important regulator of function.",Fork head domain; Winged helix-turn-helix DNA-binding domain,I,+,protein_coding,10750498,10776703,26206,4320,5648,7302,8936,16.48,21.55,38.04,0,2513,23414,1172,3685,0,0,26206,0,0,0,1,0,0,0,0,1,0,1,0.0,0.0,0.0427,0.0,0.0,0.0,0.0,0.0382,0.0,0.0382,0,0,0,0,0,0,0,0,0,0,0.0,0.0,0.0,0.0,0.0,0.0,0.0,0.0,0.0,0.0
WBGene00199318,R13H8.3,none available,,I,-,ncRNA,10770571,10770720,150,19,49,44,38,12.67,32.67,45.33,0,0,0,0,150,0,0,150,0,0,0,0,0,0,1,0,0,0,1,0.0,0.0,0.0,0.0,0.0,0.0,0.0,0.0,0.0,6.6667,0,0,0,0,0,0,0,0,0,0,0.0,0.0,0.0,0.0,0.0,0.0,0.0,0.0,0.0,0.0
WBGene00013928,clec-94,none available,C-type lectin fold; C-type lectin-like; C-type lectin-like/link domain,I,+,protein_coding,11146448,11148318,1871,382,363,570,556,20.42,19.4,39.82,15,642,1178,36,693,0,0,1871,0,0,0,0,0,0,0,0,0,0,0,0.0,0.0,0.0,0.0,0.0,0.0,0.0,0.0,0.0,0.0,0,0,1,0,0,0,0,1,0,1,0.0,0.0,0.8489,0.0,0.0,0.0,0.0,0.5345,0.0,0.5345
WBGene00013933,clec-99,none available,C-type lectin fold; C-type lectin-like; C-type lectin-like/link domain,I,-,protein_coding,11156728,11158833,2106,428,474,527,677,20.32,22.51,42.83,2,681,1381,42,725,0,0,2106,0,0,1,0,0,0,0,0,1,0,1,0.0,1.4684,0.0,0.0,0.0,0.0,0.0,0.4748,0.0,0.4748,0,0,0,0,0,0,0,0,0,0,0.0,0.0,0.0,0.0,0.0,0.0,0.0,0.0,0.0,0.0
WBGene00010160,png-1,"png-1 encodes a peptide-N[4]-(N-acetyl-beta-D-glucosaminyl) asparagineamidase (i.e., peptide:N-glycanase or PNGase) orthologous to buddingyeast PNG1 and human NGLY1; PNG-1 is atypically organized, with anN-terminal thioredoxin-like domain, a central transglutaminase domain,and a C-terminal DUF750 domain, while lacking the PUB domain found inmammalian or insect PNGases; both in vitro and in vivo, PNG-1 shows bothprotein disulfide reductase and PNGase activities, which require itsN-terminal and central domains respectively; PNG-1 has PNGase activityon denatured but not natively folded RNAse B, and releases both highmannose- and sialo-complex-type N-glycans from glycopeptides anddenatured glycoproteins; in vivo, the png-1(cy8) mutation C251Y(predicted to destroy the PNGase active site) abolishes PNGase activitywhile leaving PNG-1's reductase activity intact; conversely, PNG-1'sreductase activity is abolished by the dual missense mutation C34S/C37S,which alters its predicted N-terminal active site; by orthology, PNG-1is expected to aid proteasomal degradation of misfolded proteins; PNG-1activity is inhibited by Zn(2+) and the caspase inhibitor z-VAD-fmk, butnot by EDTA; PNG-1 is expressed in renal gland cells and intestine;although W04G5.5 and Y50D4B.7 have some similarity to thetransglutaminase domain of PNG-1, they lack a predicted catalytic triadactive site.","Galactose-binding domain-like; Peptide N glycanase, PAW domain; Thioredoxin domain; Thioredoxin-like fold; Transglutaminase-like",I,+,protein_coding,11380231,11388751,8521,1620,1218,2676,3007,19.01,14.29,33.31,7,1821,6602,91,1919,0,0,8521,0,0,1,0,0,0,0,0,1,0,1,0.0,0.5491,0.0,0.0,0.0,0.0,0.0,0.1174,0.0,0.1174,0,0,0,0,0,0,0,0,0,0,0.0,0.0,0.0,0.0,0.0,0.0,0.0,0.0,0.0,0.0
WBGene00014992,ZK1025.1,none available,,I,+,pseudogene,11443452,11446644,3193,620,940,898,735,19.42,29.44,48.86,0,0,0,0,0,0,0,3193,0,0,1,0,0,0,0,0,1,0,1,0.0,0.0,0.0,0.0,0.0,0.0,0.0,0.3132,0.0,0.3132,0,0,0,0,0,0,0,0,0,0,0.0,0.0,0.0,0.0,0.0,0.0,0.0,0.0,0.0,0.0
WBGene00009314,phm-2,none available,RNA recognition motif domain; SAP domain,I,+,protein_coding,11517558,11526797,9240,2126,1881,2662,2571,23.01,20.36,43.37,290,3222,6725,235,3467,0,0,9240,0,0,1,0,0,0,0,0,1,0,1,0.0,0.3104,0.0,0.0,0.0,0.0,0.0,0.1082,0.0,0.1082,0,0,0,0,0,0,0,0,0,0,0.0,0.0,0.0,0.0,0.0,0.0,0.0,0.0,0.0,0.0
WBGene00007637,dhhc-7,none available,"Palmitoyltransferase, DHHC domain",I,+,protein_coding,11611672,11616244,4573,850,950,1407,1366,18.59,20.77,39.36,34,909,3525,105,1048,0,0,4573,0,0,0,0,1,0,0,0,1,0,1,0.0,0.0,0.0,9.5238,0.0,0.0,0.0,0.2187,0.0,0.2187,0,0,0,0,0,0,0,0,0,0,0.0,0.0,0.0,0.0,0.0,0.0,0.0,0.0,0.0,0.0
WBGene00009413,oac-19,none available,Acyltransferase 3,I,-,protein_coding,11707808,11712197,4390,761,807,1389,1433,17.33,18.38,35.72,0,2097,2222,71,2168,0,0,4390,0,0,1,0,0,0,0,0,1,0,1,0.0,0.4769,0.0,0.0,0.0,0.0,0.0,0.2278,0.0,0.2278,0,0,0,0,0,0,0,0,0,0,0.0,0.0,0.0,0.0,0.0,0.0,0.0,0.0,0.0,0.0
WBGene00002004,hsf-1,"hsf-1 encodes the C. elegans heat-shock transcription factor ortholog; HSF-1 functions as a transcriptional regulator of stress-induced gene expression whose activity is required for heat-shock and proteotoxicity response, larval development, innate immunity, and regulation of adult lifespan; HSF-1 binds bovine calmodulin in vitro in a calcium-dependent manner.","Heat shock factor (HSF)-type, DNA-binding; Heat shock transcription factor family; Winged helix-turn-helix DNA-binding domain",I,-,protein_coding,11953507,11963085,9579,1537,1449,3057,3536,16.05,15.13,31.17,172,2016,7101,290,2478,0,0,9579,0,0,0,0,0,0,0,0,0,0,0,0.0,0.0,0.0,0.0,0.0,0.0,0.0,0.0,0.0,0.0,0,0,1,0,0,0,0,1,0,1,0.0,0.0,0.1408,0.0,0.0,0.0,0.0,0.1044,0.0,0.1044
WBGene00013135,rga-2,none available,PH domain-like; Pleckstrin homology domain; Rho GTPase activation protein; Rho GTPase-activating protein domain,I,+,protein_coding,11979401,11985619,6219,1195,1344,1931,1749,19.22,21.61,40.83,106,2727,3205,181,3014,0,0,6219,0,0,0,0,0,0,0,0,0,0,0,0.0,0.0,0.0,0.0,0.0,0.0,0.0,0.0,0.0,0.0,0,0,1,0,0,0,0,1,0,1,0.0,0.0,0.312,0.0,0.0,0.0,0.0,0.1608,0.0,0.1608
WBGene00010244,F58D5.5,none available,,I,+,protein_coding,12041035,12045200,4166,562,889,1206,1509,13.49,21.34,34.83,123,480,1349,2214,2817,0,0,4166,0,0,0,0,1,0,0,0,1,0,1,0.0,0.0,0.0,0.4517,0.0,0.0,0.0,0.24,0.0,0.24,0,0,0,0,0,0,0,0,0,0,0.0,0.0,0.0,0.0,0.0,0.0,0.0,0.0,0.0,0.0
WBGene00002240,ksr-2,"ksr-2 encodes one of two C. elegans Kinase Suppressor of Ras paralogs; during development, ksr-2 functions singly to control meiotic progression during oogenesis and redundantly with ksr-1 to control development of the vulva, excretory system, and male spicules; as ksr-2; ksr-1 doubly mutant animals have severely reduced or absent MPK-1/ERK diphosphorylation levels in somatic tissue, KSR-2 and KSR-1 likely function to positively regulate signaling through the LET-60/Ras pathway; ksr-2 and ksr-2; ksr-1 double mutants also show temporarily reduced germline MPK-1 phosphorylation.","Protein kinase-like domain; Serine-threonine/tyrosine-protein kinase, catalytic domain; Tyrosine-protein kinase, catalytic domain",I,-,protein_coding,12047342,12059798,12457,2198,2098,4059,4102,17.64,16.84,34.49,16,1653,10365,543,2212,0,0,12457,0,0,0,0,0,0,0,0,0,0,0,0.0,0.0,0.0,0.0,0.0,0.0,0.0,0.0,0.0,0.0,0,0,1,0,0,0,0,1,0,1,0.0,0.0,0.0965,0.0,0.0,0.0,0.0,0.0803,0.0,0.0803
WBGene00199467,F58D5.10,none available,,I,+,ncRNA,12061010,12061103,94,33,11,29,21,35.11,11.7,46.81,0,0,0,0,94,0,0,94,0,0,0,0,0,0,0,0,0,0,0,0.0,0.0,0.0,0.0,0.0,0.0,0.0,0.0,0.0,0.0,0,0,1,0,0,0,0,1,0,1,0.0,0.0,0.0,0.0,0.0,0.0,0.0,10.6383,0.0,10.6383
WBGene00011028,R05D7.3,none available,"Protein of unknown function DUF2371, TMEM200",I,-,protein_coding,12168175,12177782,9608,1671,1536,3212,3189,17.39,15.99,33.38,1407,1029,8458,182,2288,0,0,9608,0,0,0,0,0,0,0,0,0,0,0,0.0,0.0,0.0,0.0,0.0,0.0,0.0,0.0,0.0,0.0,1,0,0,0,0,0,0,1,0,1,0.7107,0.0,0.0,0.0,0.0,0.0,0.0,0.1041,0.0,0.1041
WBGene00007602,C15C6.3,none available,,I,+,protein_coding,12207097,12212689,5593,994,1076,1910,1613,17.77,19.24,37.01,2,2100,3008,483,2585,0,0,5593,0,0,0,0,1,0,0,0,1,0,1,0.0,0.0,0.0,2.0704,0.0,0.0,0.0,0.1788,0.0,0.1788,0,0,0,0,0,0,0,0,0,0,0.0,0.0,0.0,0.0,0.0,0.0,0.0,0.0,0.0,0.0
WBGene00010165,F56H6.4,none available,Protein of unknown function DUF595; Sulfotransferase,I,+,protein_coding,12290449,12292212,1764,400,374,519,471,22.68,21.2,43.88,0,951,813,0,951,0,0,1764,0,0,0,1,0,0,0,0,1,0,1,0.0,0.0,1.23,0.0,0.0,0.0,0.0,0.5669,0.0,0.5669,0,0,0,0,0,0,0,0,0,0,0.0,0.0,0.0,0.0,0.0,0.0,0.0,0.0,0.0,0.0
WBGene00012104,sygl-1,"sygl-1 encodes a serine-rich protein with no known homologs outside of nematodes; sygl-1 is required for germline stem cell maintenance, albeit redundantly with lst-1; sygl-1 mRNA and protein are expressed in the gonad, including the distal-most germ cells, proximal loop region, and oocytes; in the distal-most cells, sygl-1 transcription is activated by GLP-1/Notch signaling from the distal tip cell niche; SYGL-1 protein is predominantly cytoplasmic, and the extent of expression in the distal-most cells correlates with the stem cell pool size; ectopic SYGL-1 expression drives the formation of a germline tumor and this tumor formation requires fbf-1 fbf-2, demonstrating that sygl-1 acts either upstream or parallel to fbf-1 fbf-2 to promote germline stem cell self-renewal.",,I,+,protein_coding,12483809,12486235,2427,403,531,714,779,16.6,21.88,38.48,139,621,1589,78,838,0,0,2427,0,0,1,0,0,0,0,0,1,0,1,0.0,1.6103,0.0,0.0,0.0,0.0,0.0,0.412,0.0,0.412,0,0,0,0,0,0,0,0,0,0,0.0,0.0,0.0,0.0,0.0,0.0,0.0,0.0,0.0,0.0
WBGene00010768,K11D2.1,none available,"Regulator of chromosome condensation 1/beta-lactamase-inhibitor protein II; Regulator of chromosome condensation, RCC1",I,+,protein_coding,12497460,12505010,7551,1659,1504,2422,1966,21.97,19.92,41.89,180,837,6590,95,962,0,0,7551,0,0,0,0,0,0,0,0,0,0,0,0.0,0.0,0.0,0.0,0.0,0.0,0.0,0.0,0.0,0.0,0,0,1,0,0,0,0,1,0,1,0.0,0.0,0.1517,0.0,0.0,0.0,0.0,0.1324,0.0,0.1324
WBGene00001008,dlk-1,"dlk-1 encodes a mitogen-activated protein kinase kinase kinase (MAPKKK) that is the C. elegans ortholog of the dual-leucine zipper MAPKKK; in C. elegans, dlk-1 functions with mkk-4 and pmk-3 in a MAPK signaling pathway that regulates presynaptic development; dlk-1 is also essential for neuron regeneration; DLK-1 abundance is negatively regulated by the RPM-1 E3 ubiquitin ligase which can stimulate DLK-1 ubiquitination; DLK-1 localizes to the periactive zone of synapses in the nerve ring and nerve cord.","Mitogen-activated protein kinase kinase kinase 12/13; Protein kinase domain; Protein kinase-like domain; Serine-threonine/tyrosine-protein kinase, catalytic domain",I,-,protein_coding,12565800,12572801,7002,1468,1374,2046,2114,20.97,19.62,40.59,5,2822,3902,329,3156,0,0,7002,0,0,1,0,0,0,0,0,1,0,1,0.0,0.3544,0.0,0.0,0.0,0.0,0.0,0.1428,0.0,0.1428,0,0,0,0,0,0,0,0,0,0,0.0,0.0,0.0,0.0,0.0,0.0,0.0,0.0,0.0,0.0
WBGene00001746,gsk-3,"gsk-3 encodes the C. elegans glycogen synthase kinase ortholog; during embryonic development, GSK-3 functions in the Wnt signaling pathway that restricts specification of mesendodermal tissue to the appropriate blastomere; GSK-3 also functions in a Wnt pathway that regulates anteroposterior axon guidance; GSK-3 plays a role in regulating the oocyte-to-embryo transition, by phosphorylating and negatively regulating the OMA-1 zinc finger protein, and in regulation of the oxidative stress response pathway by phosphorylating SKN-1, thereby excluding it from intestinal nuclei; GSK-3, along with MOM-5/Frizzled and APR-1/APC is also required for distal tip cell migration in the gonad and for the engulfment of apoptotic cells, indicating that the Wnt pathway signals to CED-10/Rac to regulate cytoskeletal rearrangement during different cellular processes; GSK-3 can be phosphorylated by murine ERK2 in vitro, suggesting that it is a substrate for the RTK-RAS-ERK pathway in vivo; consistent with this, GSK-3 phosphorylation is absent in mpk-1 mutant animals.",Protein kinase domain; Protein kinase-like domain,I,+,protein_coding,12819216,12825602,6387,1008,1121,2073,2185,15.78,17.55,33.33,146,1089,4215,937,2172,0,0,6387,0,0,0,0,1,0,0,0,1,0,1,0.0,0.0,0.0,1.0672,0.0,0.0,0.0,0.1566,0.0,0.1566,0,0,0,0,0,0,0,0,0,0,0.0,0.0,0.0,0.0,0.0,0.0,0.0,0.0,0.0,0.0
WBGene00003735,nhx-8,"nhx-8 encodes two isoforms of a sodium/proton exchanger expressed intracellularly within hypodermal seam cells, pharyngeal muscles, pharyngeal-intestinal and intestinal-rectal valve cells, and vulval cells; nhx-8 has no obvious phenotype in mass RNAi screens; NHX-8 is thought to prevent intracellular acidification by catalysing the electroneutral exchange of vesicular sodium for an intracellular proton.","Cation/H+ exchanger; Cation/H+ exchanger, CPA1 family; Na+/H+ exchanger; Na+/H+ exchanger, isoform 8",I,+,protein_coding,12825664,12834163,8500,1408,1422,2706,2964,16.56,16.73,33.29,203,2046,5677,649,2823,0,0,8500,0,0,1,0,0,0,0,0,1,0,1,0.0,0.4888,0.0,0.0,0.0,0.0,0.0,0.1176,0.0,0.1176,0,0,0,0,0,0,0,0,0,0,0.0,0.0,0.0,0.0,0.0,0.0,0.0,0.0,0.0,0.0
WBGene00003905,pad-1,"The pad-1 gene encodes a highly conserved, but unfamiliar, protein that is required for embryonic development.","Armadillo-type fold; Dopey, N-terminal",I,+,protein_coding,12878639,12902806,24168,4243,4250,8162,7513,17.56,17.59,35.14,13,7254,16437,464,7731,0,0,24168,0,0,1,0,0,0,0,0,1,0,1,0.0,0.1379,0.0,0.0,0.0,0.0,0.0,0.0414,0.0,0.0414,0,0,0,0,0,0,0,0,0,0,0.0,0.0,0.0,0.0,0.0,0.0,0.0,0.0,0.0,0.0
WBGene00008132,gale-1,"gale-1 encodes a putative UDP-galactose-4-epimerase, orthologous tohuman GALE (OMIM:606953, mutated in galactose epimerase deficiency);GALE-1 is thought to interconvert UDP-N-acetylglucosamine andUDP-N-acetylgalactosamine at the end of the hexosamine pathway; gale-1is expressed in neurons, intestine and the developing reproductivesystem, but has no observed function in mass RNAi assays.",NAD(P)-binding domain; Nucleotide sugar epimerase; UDP-glucose 4-epimerase,I,+,protein_coding,12970239,12978787,8549,1394,1476,2956,2723,16.31,17.27,33.57,57,1050,7163,287,1394,0,0,8549,0,0,0,1,0,0,0,0,1,0,1,0.0,0.0,0.1396,0.0,0.0,0.0,0.0,0.117,0.0,0.117,0,0,0,0,0,0,0,0,0,0,0.0,0.0,0.0,0.0,0.0,0.0,0.0,0.0,0.0,0.0
WBGene00012275,npr-14,none available,"G protein-coupled receptor, rhodopsin-like",I,+,protein_coding,13050445,13057461,7017,1317,1185,2271,2244,18.77,16.89,35.66,16,1278,5131,592,1886,0,0,7017,0,0,0,0,0,0,0,0,0,0,0,0.0,0.0,0.0,0.0,0.0,0.0,0.0,0.0,0.0,0.0,0,1,0,0,0,0,0,1,0,1,0.0,0.7825,0.0,0.0,0.0,0.0,0.0,0.1425,0.0,0.1425
WBGene00009065,F22G12.5,none available,"DHR-1 domain; Dedicator of cytokinesis; Dedicator of cytokinesis C/D, N-terminal; Dedicator of cytokinesis, C-terminal; PH domain-like; Pleckstrin homology domain",I,+,protein_coding,13162492,13182726,20235,3968,3838,6363,6066,19.61,18.97,38.58,7,7017,12925,292,7316,0,0,20235,0,0,1,0,0,0,0,0,1,0,1,0.0,0.1425,0.0,0.0,0.0,0.0,0.0,0.0494,0.0,0.0494,0,0,0,0,0,0,0,0,0,0,0.0,0.0,0.0,0.0,0.0,0.0,0.0,0.0,0.0,0.0
WBGene00011433,pde-1,pde-1 encodes one of six C. elegans cyclic nucleotide phosphodiesterases; PDE-1 is most closely related to the calcium/calmodulin (CaM)-dependent phosphodiesterases and binds bovine calmodulin in vitro in a calcium-dependent manner.,"3'5'-cyclic nucleotide phosphodiesterase; 3'5'-cyclic nucleotide phosphodiesterase N-terminal; 3'5'-cyclic nucleotide phosphodiesterase, catalytic domain; HD/PDEase domain",I,-,protein_coding,13310887,13318716,7830,1556,1551,2369,2354,19.87,19.81,39.68,112,2057,5617,206,2375,0,0,7830,0,0,0,0,0,0,0,0,0,0,0,0.0,0.0,0.0,0.0,0.0,0.0,0.0,0.0,0.0,0.0,0,0,1,0,0,0,0,1,0,1,0.0,0.0,0.178,0.0,0.0,0.0,0.0,0.1277,0.0,0.1277
WBGene00003585,ndx-8,"The ndx-8 gene encodes a peroxisomal CoA diphosphatase with catalytic activity towards CoA and its derivatives, that is functionally homologous to the S. cerevisiae PCD1 enzyme; more generally, NDX-8 protein belongs to the family of NUDIX hydrolases.",NUDIX hydrolase domain; NUDIX hydrolase domain-like,I,+,protein_coding,13492983,13507068,14086,2464,2113,4963,4546,17.49,15.0,32.49,125,705,13159,97,927,0,0,14086,0,0,0,0,0,0,0,0,0,0,0,0.0,0.0,0.0,0.0,0.0,0.0,0.0,0.0,0.0,0.0,0,0,1,0,0,0,0,1,0,1,0.0,0.0,0.076,0.0,0.0,0.0,0.0,0.071,0.0,0.071
WBGene00305913,Y87G2A.28,none available,,I,+,ncRNA,13581309,13581752,444,72,90,132,150,16.22,20.27,36.49,0,0,0,0,0,0,0,444,0,0,1,0,0,0,0,0,1,0,1,0.0,0.0,0.0,0.0,0.0,0.0,0.0,2.2523,0.0,2.2523,0,0,0,0,0,0,0,0,0,0,0.0,0.0,0.0,0.0,0.0,0.0,0.0,0.0,0.0,0.0
WBGene00012232,W04A4.3,none available,Gamma interferon inducible lysosomal thiol reductase GILT,I,-,protein_coding,13680415,13681366,952,155,184,327,286,16.28,19.33,35.61,0,450,502,0,450,0,0,952,0,0,0,0,0,0,0,0,0,0,0,0.0,0.0,0.0,0.0,0.0,0.0,0.0,0.0,0.0,0.0,0,0,1,0,0,0,0,1,0,1,0.0,0.0,1.992,0.0,0.0,0.0,0.0,1.0504,0.0,1.0504
WBGene00305648,W09G3.18,none available,,I,-,ncRNA,13819670,13820358,689,180,154,139,216,26.12,22.35,48.48,0,0,0,0,0,0,0,689,0,0,0,0,0,0,0,0,0,0,0,0.0,0.0,0.0,0.0,0.0,0.0,0.0,0.0,0.0,0.0,0,1,0,0,0,0,0,1,0,1,0.0,0.0,0.0,0.0,0.0,0.0,0.0,1.4514,0.0,1.4514
WBGene00012241,W04A8.6,none available,,I,+,protein_coding,13854638,13859699,5062,904,861,1747,1550,17.86,17.01,34.87,11,1530,3373,148,1689,0,0,5062,0,0,1,0,0,0,0,0,1,0,1,0.0,0.6536,0.0,0.0,0.0,0.0,0.0,0.1976,0.0,0.1976,0,0,0,0,0,0,0,0,0,0,0.0,0.0,0.0,0.0,0.0,0.0,0.0,0.0,0.0,0.0
WBGene00013506,usp-3,none available,"Peptidase C19, ubiquitin carboxyl-terminal hydrolase; Zinc finger, RING/FYVE/PHD-type; Zinc finger, UBP-type",I,-,protein_coding,13942544,13951630,9087,1577,1331,3059,3120,17.35,14.65,32.0,2,1653,6626,806,2461,0,0,9087,0,0,0,0,0,0,0,0,0,0,0,0.0,0.0,0.0,0.0,0.0,0.0,0.0,0.0,0.0,0.0,0,0,0,1,0,0,0,1,0,1,0.0,0.0,0.0,1.2407,0.0,0.0,0.0,0.11,0.0,0.11
WBGene00013507,Y71A12B.10,none available,PB1 domain; Protein TFG,I,+,protein_coding,13957199,13960612,3414,654,649,1079,1032,19.16,19.01,38.17,603,1029,1551,132,1764,0,0,3414,0,1,0,0,0,0,0,0,1,0,1,1.6584,0.0,0.0,0.0,0.0,0.0,0.0,0.2929,0.0,0.2929,0,0,0,0,0,0,0,0,0,0,0.0,0.0,0.0,0.0,0.0,0.0,0.0,0.0,0.0,0.0
WBGene00013865,ZC334.7,none available,Glutaredoxin; Glutaredoxin subgroup; Thioredoxin-like fold,I,+,protein_coding,14009871,14011531,1661,365,430,433,433,21.97,25.89,47.86,26,633,937,65,724,0,0,1661,0,0,0,0,0,0,0,0,0,0,0,0.0,0.0,0.0,0.0,0.0,0.0,0.0,0.0,0.0,0.0,0,0,1,0,0,0,0,1,0,1,0.0,0.0,1.0672,0.0,0.0,0.0,0.0,0.602,0.0,0.602
WBGene00002108,ins-25,ins-25 encodes predicted type-alpha insulin-like molecule that lacks a C peptide domain and does not have an A6/A11 disulfide bond.,"Insulin-like; Nematode insulin-related peptide, beta type",I,+,protein_coding,14020361,14021312,952,223,121,258,350,23.42,12.71,36.13,3,219,573,157,379,0,0,952,0,0,0,0,0,0,0,0,0,0,0,0.0,0.0,0.0,0.0,0.0,0.0,0.0,0.0,0.0,0.0,0,0,1,0,0,0,0,1,0,1,0.0,0.0,1.7452,0.0,0.0,0.0,0.0,1.0504,0.0,1.0504
WBGene00007988,best-8,none available,Bestrophin; Bestrophin/UPF0187,I,-,protein_coding,14158508,14161664,3157,719,701,872,865,22.77,22.2,44.98,4,1539,1607,7,1550,0,0,3157,0,0,0,0,0,0,0,0,0,0,0,0.0,0.0,0.0,0.0,0.0,0.0,0.0,0.0,0.0,0.0,0,1,0,0,0,0,0,1,0,1,0.0,0.6498,0.0,0.0,0.0,0.0,0.0,0.3168,0.0,0.3168
WBGene00014101,gopc-1,none available,PDZ domain,I,-,protein_coding,14185628,14196295,10668,2194,2171,3252,3051,20.57,20.35,40.92,166,1272,9261,233,1671,0,0,10668,0,0,0,0,0,0,0,0,0,0,0,0.0,0.0,0.0,0.0,0.0,0.0,0.0,0.0,0.0,0.0,0,0,1,0,0,0,0,1,0,1,0.0,0.0,0.108,0.0,0.0,0.0,0.0,0.0937,0.0,0.0937
WBGene00009863,F49B2.3,none available,,I,+,protein_coding,14311757,14312842,1086,241,293,262,290,22.19,26.98,49.17,6,684,235,161,851,0,0,1086,0,0,0,0,0,0,0,1,0,0,1,0.0,0.0,0.0,0.0,0.0,0.0,0.0,0.0,0.0,0.9208,0,0,0,0,0,0,0,0,0,0,0.0,0.0,0.0,0.0,0.0,0.0,0.0,0.0,0.0,0.0
WBGene00006824,unc-95,"unc-95 encodes a LIM domain-containing protein related to Drosophila and vertebrate paxillins; UNC-95 is required for locomotion and organization of thick and thin filaments in body wall muscle; by homology, UNC-95 may function as an anchor protein that links signaling and cytoskeletal proteins at focal adhesions; in vitro, UNC-95 interacts with RNF-5, a RING finger protein that may function as an E3 ligase to regulate UNC-95 levels via ubiquitin-mediated degradation; UNC-95 is expressed in body-wall and vulval muscles, and co-localizes with RNF-5 to muscle dense bodies (focal adhesion-like attachment sites).","Zinc finger, LIM-type",I,-,protein_coding,14381360,14384737,3378,744,632,959,1043,22.02,18.71,40.73,0,1053,2230,95,1148,0,0,3378,0,0,0,0,0,0,0,1,0,0,1,0.0,0.0,0.0,0.0,0.0,0.0,0.0,0.0,0.0,0.296,0,0,0,0,0,0,0,0,0,0,0.0,0.0,0.0,0.0,0.0,0.0,0.0,0.0,0.0,0.0
WBGene00002977,lev-10,"lev-10 encodes a CUB and LDLa domain-containing type I transmembrane protein; LEV-10 activity is required cell autonomously in muscle cells for clustering of post-synaptic UNC-29-containing ionotropic acetylcholine receptors (AChR); when expressed in body wall muscles, LEV-10 localizes to cholinergic neuromuscular junctions; the LEV-10 extracellular region is sufficient for rescue of AChR clustering.",CUB domain; Low-density lipoprotein (LDL) receptor class A repeat,I,+,protein_coding,14390333,14400226,9894,1876,2099,3050,2869,18.96,21.21,40.18,50,2840,7073,377,2950,0,0,9894,0,0,0,1,0,0,0,0,1,0,1,0.0,0.0,0.1414,0.0,0.0,0.0,0.0,0.1011,0.0,0.1011,0,0,0,0,0,0,0,0,0,0,0.0,0.0,0.0,0.0,0.0,0.0,0.0,0.0,0.0,0.0
WBGene00013672,catp-1,"catp-1 encodes an alpha subunit of the Na+/K+- and H+/K+-pump P-type ATPase family; catp-1 was identified in screens for animals resistant to developmental defects seen in larvae treated with the nicotinic agonist DMPP; genetic analyses indicate that catp-1 likely functions together with the let-60/Ras and daf-2/insulin-like receptor signaling pathways to regulate L2 larval developmental timing and dauer formation in a manner independent of its ATPase domain and thus, predicted transporter activity; a catp-1::gfp promoter fusion is expressed in hypodermal cells and in the excretory duct cell; hypodermal-specific catp-1(RNAi) confers partial resistance to DMPP, suggesting that hypodermal CATP-1 expression mediates DMPP toxicity.","Cation-transporting P-type ATPase, C-terminal; Cation-transporting P-type ATPase, N-terminal; HAD-like domain; P-type ATPase; P-type ATPase,  transmembrane domain; P-type ATPase, A  domain; P-type ATPase, cytoplasmic domain N",I,-,protein_coding,14436810,14451889,15080,3107,3288,4310,4375,20.6,21.8,42.41,77,3366,11570,295,3674,0,0,15080,0,0,0,0,0,0,0,0,0,0,0,0.0,0.0,0.0,0.0,0.0,0.0,0.0,0.0,0.0,0.0,0,0,1,0,0,0,0,1,0,1,0.0,0.0,0.0864,0.0,0.0,0.0,0.0,0.0663,0.0,0.0663
WBGene00013682,Y105E8A.25,none available,Dbl homology (DH) domain; PH domain-like,I,-,protein_coding,14567169,14616523,49355,8317,7704,16744,16590,16.85,15.61,32.46,196,4989,44638,328,5188,0,0,49355,0,0,0,0,0,0,0,0,0,0,0,0.0,0.0,0.0,0.0,0.0,0.0,0.0,0.0,0.0,0.0,0,0,0,1,0,0,0,1,0,1,0.0,0.0,0.0,3.0488,0.0,0.0,0.0,0.0203,0.0,0.0203
WBGene00001334,ero-1,ero-1 encodes an endoplasmic reticulum oxidoreductase that affects ER-stress response and affects reactive oxygen species levels.,Endoplasmic reticulum oxidoreductin 1,I,+,protein_coding,14664449,14674841,10393,1667,1691,3473,3562,16.04,16.27,32.31,2,1542,8721,233,1777,0,0,10393,0,0,0,1,0,0,0,0,1,0,1,0.0,0.0,0.1147,0.0,0.0,0.0,0.0,0.0962,0.0,0.0962,0,0,0,0,0,0,0,0,0,0,0.0,0.0,0.0,0.0,0.0,0.0,0.0,0.0,0.0,0.0
WBGene00009558,F39B2.8,none available,"GPCR family 3, C-terminal",I,-,protein_coding,14760638,14768989,8352,1547,1536,2712,2557,18.52,18.39,36.91,63,1785,6421,83,1931,0,0,8352,0,0,0,0,0,0,0,0,0,0,0,0.0,0.0,0.0,0.0,0.0,0.0,0.0,0.0,0.0,0.0,0,0,1,0,0,0,0,1,0,1,0.0,0.0,0.1557,0.0,0.0,0.0,0.0,0.1197,0.0,0.1197
WBGene00009304,eva-1,"eva-1 encodes, by alternative splicing, two isoforms of a cell-surface protein that acts cell-autonomously with SAX-3 as a SLT-1 receptor subunit, and is required for guidance of the AVM pioneer axon to the ventral nerve cord; EVA-1's long isoform is predicted to have a signal sequence, an ectodomain with two lectinlike galactose-binding sequences, a single transmembrane sequence, and a cytodomain with a phosphotyrosine binding motif; homologs of EVA-1 include human C21orf63; EVA-1 is expressed in embryonic neurons during axonal growth, head and tail neurons, the ventral nerve cord, pharyngeal and body wall muscles, hypodermis, uterus and vulva; ectopic EVA-1 expression in touch-receptor neurons causes the cell body of ALM to be displaced anteriorly (due to failed posterior migration) in a SLT-1-dependent manner; the cytodomain of EVA-1 is functionally dispensable in vivo; eva-1 mutants enhance the ventral-axon guidance defects of unc-40 mutants; EVA-1, SLT-1, and SAX-3 bind one another in vitro.",D-galactoside/L-rhamnose binding SUEL lectin domain,I,-,protein_coding,14829732,14834841,5110,979,954,1557,1620,19.16,18.67,37.83,1893,1413,3561,143,3107,0,0,5110,0,0,0,0,0,0,0,0,0,0,0,0.0,0.0,0.0,0.0,0.0,0.0,0.0,0.0,0.0,0.0,0,0,1,0,0,0,0,1,0,1,0.0,0.0,0.2808,0.0,0.0,0.0,0.0,0.1957,0.0,0.1957
WBGene00008695,F11C3.1,none available,P-loop containing nucleoside triphosphate hydrolase,I,+,protein_coding,14867924,14871365,3442,588,579,1193,1082,17.08,16.82,33.9,0,1296,2146,0,1296,0,0,3442,0,0,0,1,0,0,0,0,1,0,1,0.0,0.0,0.466,0.0,0.0,0.0,0.0,0.2905,0.0,0.2905,0,0,0,0,0,0,0,0,0,0,0.0,0.0,0.0,0.0,0.0,0.0,0.0,0.0,0.0,0.0
WBGene00017746,F23F1.5,none available,"Snurportin-1; Snurportin-1, N-terminal",II,-,protein_coding,30061,31584,1524,301,268,462,493,19.75,17.59,37.34,10,969,490,55,1034,0,0,1524,0,0,0,0,0,0,0,0,0,0,0,0.0,0.0,0.0,0.0,0.0,0.0,0.0,0.0,0.0,0.0,0,0,0,1,0,0,0,1,0,1,0.0,0.0,0.0,18.1818,0.0,0.0,0.0,0.6562,0.0,0.6562
WBGene00305573,T01D1.9,none available,,II,+,ncRNA,172098,192739,20642,3708,3479,6840,6615,17.96,16.85,34.82,0,0,0,0,0,0,0,20642,0,0,0,1,0,0,0,0,1,0,1,0.0,0.0,0.0,0.0,0.0,0.0,0.0,0.0484,0.0,0.0484,0,0,0,0,0,0,0,0,0,0,0.0,0.0,0.0,0.0,0.0,0.0,0.0,0.0,0.0,0.0
WBGene00018586,ubxn-3,ubxn-3 encodes one of six C. elegans UBX (ubiquitin regulatory X) domain-containing proteins.,UAS; UBX domain; Ubiquitin-related domain,II,-,protein_coding,217049,220667,3619,836,784,1043,956,23.1,21.66,44.76,46,1842,1477,269,2157,0,0,3619,0,0,0,0,0,0,0,0,0,0,0,0.0,0.0,0.0,0.0,0.0,0.0,0.0,0.0,0.0,0.0,0,0,0,1,0,0,0,1,0,1,0.0,0.0,0.0,3.7175,0.0,0.0,0.0,0.2763,0.0,0.2763
WBGene00305739,Y43H11AL.9,none available,,II,-,ncRNA,232678,233542,865,189,130,297,249,21.85,15.03,36.88,0,0,0,0,0,0,0,865,0,0,0,0,0,0,0,0,0,0,0,0.0,0.0,0.0,0.0,0.0,0.0,0.0,0.0,0.0,0.0,0,0,0,1,0,0,0,1,0,1,0.0,0.0,0.0,0.0,0.0,0.0,0.0,1.1561,0.0,1.1561
WBGene00004166,scc-2,"pqn-85 encodes an ortholog of budding yeast Scc2p, Drosophila NIPPED-B,and human NIPBL (OMIM:608667, mutated in Cornelia de Lange syndrome)that is required for resistance to double-stranded DNA breakage; PQN-85is also required, with MAU-2 and SCC-3, for normal chromosomesegregation and embryonic viability; pqn-85(RNAi) induceshypersensitivity to double-stranded breaks in DNA (manifested byabnormal sterility induced by ionizing radiation, cisplatin, orcamptothecin); pqn-85(RNAi) of early embryos produces lagging ofanaphase chromosomes and 100% embryonic lethality; pqn-85(RNAi) isphenotypically enhanced by joint RNAi with mau-2, and jointpqn-85/scc-3(RNAi) grossly deranges chromosomal segregation in earlyembryos; by orthology with NIPPED-B, PQN-85 might also enable regulatoryinteractions between promoters and distant enhancers by antagonizingSCC-3.",Armadillo-like helical; Armadillo-type fold; HEAT repeat associated with sister chromatid cohesion protein; SCC2/Nipped-B family; Sister chromatid cohesion C-terminal domain,II,-,protein_coding,240705,263663,22959,4123,4374,7091,7371,17.96,19.05,37.01,114,6531,15907,409,7054,0,0,22959,0,0,0,0,0,0,0,0,0,0,0,0.0,0.0,0.0,0.0,0.0,0.0,0.0,0.0,0.0,0.0,0,0,1,0,0,0,0,1,0,1,0.0,0.0,0.0629,0.0,0.0,0.0,0.0,0.0436,0.0,0.0436
WBGene00021129,W10D9.1,none available,,II,+,protein_coding,454946,456068,1123,218,204,342,359,19.41,18.17,37.58,200,195,676,52,447,0,0,1123,0,1,0,0,0,0,0,0,1,0,1,5.0,0.0,0.0,0.0,0.0,0.0,0.0,0.8905,0.0,0.8905,0,0,0,0,0,0,0,0,0,0,0.0,0.0,0.0,0.0,0.0,0.0,0.0,0.0,0.0,0.0
WBGene00020834,T27A1.2,none available,"F-box associated domain, type 2",II,-,protein_coding,530844,536875,6032,1061,1029,1907,2035,17.59,17.06,34.65,1391,1029,4318,53,2313,0,0,6032,0,0,0,0,0,0,0,0,0,0,0,0.0,0.0,0.0,0.0,0.0,0.0,0.0,0.0,0.0,0.0,0,0,1,0,0,0,0,1,0,1,0.0,0.0,0.2316,0.0,0.0,0.0,0.0,0.1658,0.0,0.1658
WBGene00020171,T02H6.1,none available,G-protein beta WD-40 repeat; WD40 repeat; WD40-repeat-containing domain; WD40/YVTN repeat-like-containing domain,II,+,protein_coding,709381,723702,14322,2511,2993,4480,4338,17.53,20.9,38.43,8,1675,12459,298,1863,0,0,14322,0,0,0,1,0,0,0,0,1,0,1,0.0,0.0,0.0803,0.0,0.0,0.0,0.0,0.0698,0.0,0.0698,0,0,0,0,0,0,0,0,0,0,0.0,0.0,0.0,0.0,0.0,0.0,0.0,0.0,0.0,0.0
WBGene00021456,rfip-2,none available,C2 domain,II,+,protein_coding,723788,732513,8726,1569,1599,2810,2748,17.98,18.32,36.31,101,1410,6868,448,1858,0,0,8726,0,0,1,0,0,0,0,0,1,0,1,0.0,0.7092,0.0,0.0,0.0,0.0,0.0,0.1146,0.0,0.1146,0,0,0,0,0,0,0,0,0,0,0.0,0.0,0.0,0.0,0.0,0.0,0.0,0.0,0.0,0.0
WBGene00044418,C08G5.7,none available,,II,-,protein_coding,756194,765319,9126,1669,1488,3200,2769,18.29,16.31,34.59,359,756,8159,209,974,0,0,9126,0,0,0,0,0,0,0,0,0,0,0,0.0,0.0,0.0,0.0,0.0,0.0,0.0,0.0,0.0,0.0,0,0,1,0,0,0,0,1,0,1,0.0,0.0,0.1226,0.0,0.0,0.0,0.0,0.1096,0.0,0.1096
WBGene00000106,alg-2,"alg-2 encodes a PAZ and PIWI-domain containing protein that is a member of the highly conserved eukaryotic RDE-1/AGO1/PIWI family of proteins that regulate posttranscriptional gene silencing (PTGS); ALG-2 functions with ALG-1 to control specific developmental timing events by positively regulating expression of small temporal RNAs (stRNAs) encoded by lin-4 and let-7; ALG-2 and ALG-1 are also required for RNAi in the germ line, although they are not required for RNAi in the soma; ALG-2 is expressed in nearly all cells from embryogenesis through adulthood and localizes to the cytoplasm.","Argonaute linker 2 domain; Argonaute, linker 1 domain; PAZ domain; Piwi domain; Protein argonaute, Mid domain; Protein argonaute, N-terminal; Ribonuclease H-like domain",II,+,protein_coding,873212,879885,6674,1383,1639,1715,1937,20.72,24.56,45.28,2,2733,2532,1409,4142,0,0,6674,0,0,1,0,0,0,0,0,1,0,1,0.0,0.3659,0.0,0.0,0.0,0.0,0.0,0.1498,0.0,0.1498,0,0,0,0,0,0,0,0,0,0,0.0,0.0,0.0,0.0,0.0,0.0,0.0,0.0,0.0,0.0
WBGene00020309,T07D3.6,none available,,II,+,pseudogene,880522,883994,3473,642,625,1084,1122,18.49,18.0,36.48,0,0,0,0,0,0,0,3473,0,0,0,0,0,0,0,0,0,0,0,0.0,0.0,0.0,0.0,0.0,0.0,0.0,0.0,0.0,0.0,0,0,1,0,0,0,0,1,0,1,0.0,0.0,0.0,0.0,0.0,0.0,0.0,0.2879,0.0,0.2879
WBGene00305498,K02E7.15,none available,,II,+,ncRNA,987505,1055492,67988,13341,12840,20924,20883,19.62,18.89,38.51,0,0,0,0,0,0,0,67988,0,0,0,0,0,0,0,0,0,0,0,0.0,0.0,0.0,0.0,0.0,0.0,0.0,0.0,0.0,0.0,0,0,1,0,0,0,0,1,0,1,0.0,0.0,0.0,0.0,0.0,0.0,0.0,0.0147,0.0,0.0147
WBGene00020476,T13B5.9,none available,"Peptidase M8, leishmanolysin",II,-,protein_coding,1101371,1104509,3139,537,609,1043,950,17.11,19.4,36.51,25,1137,1903,74,1236,0,0,3139,0,0,0,1,0,0,0,0,1,0,1,0.0,0.0,0.5255,0.0,0.0,0.0,0.0,0.3186,0.0,0.3186,0,0,0,0,0,0,0,0,0,0,0.0,0.0,0.0,0.0,0.0,0.0,0.0,0.0,0.0,0.0
WBGene00004076,pod-2,"pod-2 encodes an acetyl-CoA carboxylase; by sequence similarity, POD-2 is predicted to catalyze the first step in de novo fatty acid biosynthesis; pod-2 is required for proper embryonic polarity and for osmotic protection of the eggshell; pod-2 activity is also required for molting.","ATP-grasp fold, subdomain 1; Acetyl-CoA carboxylase, central domain; Biotin carboxylase, C-terminal; Biotin carboxylase-like, N-terminal domain; Biotin/lipoyl attachment; Carbamoyl-phosphate synthetase large subunit-like, ATP-binding domain; ClpP/crotonase-like domain; Pre-ATP-grasp domain; Rudiment single hybrid motif; Single hybrid motif",II,+,protein_coding,1136785,1152705,15921,3187,3194,4899,4641,20.02,20.06,40.08,360,6498,12830,330,6855,0,0,15921,0,0,0,1,0,0,0,0,1,0,1,0.0,0.0,0.0779,0.0,0.0,0.0,0.0,0.0628,0.0,0.0628,0,0,0,0,0,0,0,0,0,0,0.0,0.0,0.0,0.0,0.0,0.0,0.0,0.0,0.0,0.0
WBGene00002176,jip-1,"JIP-1 is partly similar to the human gene ISLET-BRAIN 1 (MAPK8IP1; OMIM:604641), which when mutated leads to type II diabetes.",PH domain-like; PTB/PI domain; SH3 domain,II,+,protein_coding,1326989,1350132,23144,3936,4117,7199,7892,17.01,17.79,34.8,12,3006,20044,97,3115,0,0,23144,0,0,1,0,0,0,0,0,1,0,1,0.0,0.3327,0.0,0.0,0.0,0.0,0.0,0.0432,0.0,0.0432,0,0,0,0,0,0,0,0,0,0,0.0,0.0,0.0,0.0,0.0,0.0,0.0,0.0,0.0,0.0
WBGene00044439,Y51H7C.15,none available,,II,-,pseudogene,1459138,1461307,2170,352,631,482,705,16.22,29.08,45.3,0,0,0,0,0,0,0,2170,0,0,1,0,0,0,0,0,1,0,1,0.0,0.0,0.0,0.0,0.0,0.0,0.0,0.4608,0.0,0.4608,0,0,0,0,0,0,0,0,0,0,0.0,0.0,0.0,0.0,0.0,0.0,0.0,0.0,0.0,0.0
WBGene00021776,Y51H7BR.4,none available,,II,+,protein_coding,1529357,1535208,5852,803,909,1962,2178,13.72,15.53,29.25,2,522,4990,338,862,0,0,5852,0,0,0,0,0,0,0,0,0,0,0,0.0,0.0,0.0,0.0,0.0,0.0,0.0,0.0,0.0,0.0,0,0,1,0,0,0,0,1,0,1,0.0,0.0,0.2004,0.0,0.0,0.0,0.0,0.1709,0.0,0.1709
WBGene00305397,F36H5.19,none available,,II,+,ncRNA,1768952,1772717,3766,775,530,1258,1203,20.58,14.07,34.65,0,0,0,0,0,0,0,3766,0,0,0,0,0,0,0,0,0,0,0,0.0,0.0,0.0,0.0,0.0,0.0,0.0,0.0,0.0,0.0,0,0,1,0,0,0,0,1,0,1,0.0,0.0,0.0,0.0,0.0,0.0,0.0,0.2655,0.0,0.2655
WBGene00015608,math-3,"The C08F1.4 gene encodes a protein closely similar to F36H5.2, which has a meprin-associated Traf homology (MATH) domain and may be involved in apoptosis.",MATH/TRAF domain; TRAF-like,II,+,protein_coding,1772085,1778542,6458,1350,922,2103,2083,20.9,14.28,35.18,530,1567,4259,1181,2389,0,0,6458,0,0,0,0,0,0,0,0,0,0,0,0.0,0.0,0.0,0.0,0.0,0.0,0.0,0.0,0.0,0.0,0,0,1,0,0,0,0,1,0,1,0.0,0.0,0.2348,0.0,0.0,0.0,0.0,0.1548,0.0,0.1548
WBGene00020536,T16A1.5,none available,,II,-,protein_coding,2083701,2083826,126,10,37,42,37,7.94,29.37,37.3,0,126,0,0,126,0,0,126,0,0,1,0,0,0,0,0,1,0,1,0.0,7.9365,0.0,0.0,0.0,0.0,0.0,7.9365,0.0,7.9365,0,0,0,0,0,0,0,0,0,0,0.0,0.0,0.0,0.0,0.0,0.0,0.0,0.0,0.0,0.0
WBGene00021985,Y59C2A.2,none available,Membralin,II,-,protein_coding,2192348,2204137,11790,2325,2112,3698,3655,19.72,17.91,37.63,31,1944,9287,534,2503,0,0,11790,0,0,0,0,0,0,0,0,0,0,0,0.0,0.0,0.0,0.0,0.0,0.0,0.0,0.0,0.0,0.0,0,1,0,0,0,0,0,1,0,1,0.0,0.5144,0.0,0.0,0.0,0.0,0.0,0.0848,0.0,0.0848
WBGene00006882,vab-19,"vab-19 encodes an ankyrin repeat-containing protein that is a member of a conserved family of proteins that includes human Kank, a predicted tumor suppressor; during embryonic morphogenesis, vab-19 activity is essential for epidermal elongation and proper attachment of muscle to the epidermis, specifically the localization of attachment structures to muscle-adjacent regions of epidermal cells and normal epidermal actin organization; a VAB-19::GFP fusion protein is expressed in dorsal and ventral epidermal cells where it organizes into circumferential bands and colocalizes with components of epidermal attachment structures; VAB-19::GFP is also detected in mechanosensory neuronal processes; recruitment of VAB-19 to epidermal attachment structures requires activity of VAB-10/Spectraplakin, while VAB-19 and LET-805/Myotactin are mutually required for localization into circumferential stripes.",Ankyrin repeat; Ankyrin repeat-containing domain,II,+,protein_coding,2443279,2450947,7669,1464,1608,2428,2169,19.09,20.97,40.06,13,3123,4498,35,3171,0,0,7669,0,0,0,0,1,0,0,0,1,0,1,0.0,0.0,0.0,28.5714,0.0,0.0,0.0,0.1304,0.0,0.1304,0,0,0,0,0,0,0,0,0,0,0.0,0.0,0.0,0.0,0.0,0.0,0.0,0.0,0.0,0.0
WBGene00005551,sri-39,none available,"7TM GPCR, serpentine chemoreceptor class i (Sri)",II,+,protein_coding,2587504,2589754,2251,404,398,710,739,17.95,17.68,35.63,0,984,1152,115,1099,0,0,2251,0,0,0,1,0,0,0,0,1,0,1,0.0,0.0,0.8681,0.0,0.0,0.0,0.0,0.4442,0.0,0.4442,0,0,0,0,0,0,0,0,0,0,0.0,0.0,0.0,0.0,0.0,0.0,0.0,0.0,0.0,0.0
WBGene00001546,gcy-21,gcy-21 is predicted to encode a guanylate cyclase.,"Adenylyl cyclase class-3/4/guanylyl cyclase; Nucleotide cyclase; Periplasmic binding protein-like I; Protein kinase-like domain; Serine-threonine/tyrosine-protein kinase, catalytic domain",II,+,protein_coding,2659664,2664686,5023,1231,1013,1395,1384,24.51,20.17,44.67,6,3492,1454,71,3569,0,0,5023,0,0,1,0,0,0,0,0,1,0,1,0.0,0.2864,0.0,0.0,0.0,0.0,0.0,0.1991,0.0,0.1991,0,0,0,0,0,0,0,0,0,0,0.0,0.0,0.0,0.0,0.0,0.0,0.0,0.0,0.0,0.0
WBGene00020229,T05A8.3,none available,,II,-,protein_coding,2714649,2717435,2787,546,521,898,822,19.59,18.69,38.28,83,231,2109,364,678,0,0,2787,0,0,0,1,0,0,0,0,1,0,1,0.0,0.0,0.4742,0.0,0.0,0.0,0.0,0.3588,0.0,0.3588,0,0,0,0,0,0,0,0,0,0,0.0,0.0,0.0,0.0,0.0,0.0,0.0,0.0,0.0,0.0
WBGene00020230,nep-2,"T05A8.4 encodes a neprilysin; neprilysins are thermolysin-like zinc metallopeptidases, found on the outer surface of animal cells, that negatively regulate small signalling peptides (e.g., enkephalin, tachykinin, insulin, and natriuretic peptides) by cleaving them; while T05A8.4 is an ortholog of mammalian neutral endopeptidase (NEP), expressed on the brush-border membranes of kidney; more generally, T05A8.4 falls into a group of proteins that includes the classical neprilysins found in mammals (e.g., PEX [OMIM:307800] and the enkephalin cleaving enzymes).","Metallopeptidase, catalytic domain; Neprilysin-2; Peptidase M13; Peptidase M13, C-terminal domain; Peptidase M13, N-terminal domain",II,-,protein_coding,2716555,2725752,9198,1846,1873,2639,2840,20.07,20.36,40.43,211,2211,5716,1060,3482,0,0,9198,0,0,0,0,0,0,0,0,0,0,0,0.0,0.0,0.0,0.0,0.0,0.0,0.0,0.0,0.0,0.0,0,0,1,0,0,0,0,1,0,1,0.0,0.0,0.1749,0.0,0.0,0.0,0.0,0.1087,0.0,0.1087
WBGene00019686,K12H6.6,none available,TRAM/LAG1/CLN8 homology domain,II,-,protein_coding,2828577,2831233,2657,708,457,753,739,26.65,17.2,43.85,13,930,1528,186,1129,0,0,2657,0,0,0,0,0,0,0,0,0,0,0,0.0,0.0,0.0,0.0,0.0,0.0,0.0,0.0,0.0,0.0,0,0,1,0,0,0,0,1,0,1,0.0,0.0,0.6545,0.0,0.0,0.0,0.0,0.3764,0.0,0.3764
WBGene00022713,ZK355.3,none available,,II,-,protein_coding,2927017,2927633,617,145,109,187,176,23.5,17.67,41.17,0,531,43,43,574,0,0,617,0,0,0,0,0,0,0,0,0,0,0,0.0,0.0,0.0,0.0,0.0,0.0,0.0,0.0,0.0,0.0,0,1,0,0,0,0,0,1,0,1,0.0,1.8832,0.0,0.0,0.0,0.0,0.0,1.6207,0.0,1.6207
WBGene00005826,srw-79,none available,"7TM GPCR, serpentine receptor class w (Srw)",II,+,protein_coding,2946738,2948434,1697,345,345,471,536,20.33,20.33,40.66,443,1050,204,0,1493,0,0,1697,0,0,0,1,0,0,0,0,1,0,1,0.0,0.0,4.902,0.0,0.0,0.0,0.0,0.5893,0.0,0.5893,0,0,0,0,0,0,0,0,0,0,0.0,0.0,0.0,0.0,0.0,0.0,0.0,0.0,0.0,0.0
WBGene00019513,lido-7,none available,Protein LIN-8,II,+,protein_coding,2988300,2991297,2998,745,586,811,856,24.85,19.55,44.4,12,1122,1767,97,1231,0,0,2998,0,0,0,1,0,0,0,0,1,0,1,0.0,0.0,0.5659,0.0,0.0,0.0,0.0,0.3336,0.0,0.3336,0,0,0,0,0,0,0,0,0,0,0.0,0.0,0.0,0.0,0.0,0.0,0.0,0.0,0.0,0.0
WBGene00016576,lido-9,none available,Protein LIN-8,II,+,protein_coding,3000768,3002411,1644,359,403,433,449,21.84,24.51,46.35,96,966,434,148,1210,0,0,1644,0,0,0,1,0,0,0,0,1,0,1,0.0,0.0,2.3041,0.0,0.0,0.0,0.0,0.6083,0.0,0.6083,0,0,0,0,0,0,0,0,0,0,0.0,0.0,0.0,0.0,0.0,0.0,0.0,0.0,0.0,0.0
WBGene00021298,Y27F2A.6,none available,Protein of unknown function DUF1647,II,-,protein_coding,3180479,3183400,2922,527,541,919,935,18.04,18.51,36.55,65,1464,1332,61,1590,0,0,2922,0,0,0,1,0,0,0,0,1,0,1,0.0,0.0,0.7508,0.0,0.0,0.0,0.0,0.3422,0.0,0.3422,0,0,0,0,0,0,0,0,0,0,0.0,0.0,0.0,0.0,0.0,0.0,0.0,0.0,0.0,0.0
WBGene00001541,gcy-15,gcy-15 encodes a membrane guanylyl cyclase.,"Adenylyl cyclase class-3/4/guanylyl cyclase; Nucleotide cyclase; Periplasmic binding protein-like I; Protein kinase-like domain; Receptor, ligand binding region; Serine-threonine/tyrosine-protein kinase, catalytic domain",II,-,protein_coding,3192349,3197066,4718,1051,1169,1247,1251,22.28,24.78,47.05,0,3315,1332,71,3386,0,0,4718,0,0,0,0,0,0,0,0,0,0,0,0.0,0.0,0.0,0.0,0.0,0.0,0.0,0.0,0.0,0.0,0,1,0,0,0,0,0,1,0,1,0.0,0.3017,0.0,0.0,0.0,0.0,0.0,0.212,0.0,0.212
WBGene00021726,bath-10,none available,BTB/POZ domain; MATH/TRAF domain; SKP1/BTB/POZ domain; TRAF-like,II,+,protein_coding,3375079,3376721,1643,299,280,544,520,18.2,17.04,35.24,74,954,542,73,1101,0,0,1643,0,0,0,0,0,0,0,0,0,0,0,0.0,0.0,0.0,0.0,0.0,0.0,0.0,0.0,0.0,0.0,0,0,1,0,0,0,0,1,0,1,0.0,0.0,1.845,0.0,0.0,0.0,0.0,0.6086,0.0,0.6086
WBGene00018810,F54D10.9,none available,"Protein of unknown function DUF282, Caenorhabditis species",II,-,protein_coding,3829584,3832483,2900,578,581,840,901,19.93,20.03,39.97,0,1536,1364,0,1536,0,0,2900,0,0,0,0,0,0,0,0,0,0,0,0.0,0.0,0.0,0.0,0.0,0.0,0.0,0.0,0.0,0.0,0,0,1,0,0,0,0,1,0,1,0.0,0.0,0.7331,0.0,0.0,0.0,0.0,0.3448,0.0,0.3448
WBGene00003017,lin-31,"lin-31 encodes a winged helix (WH)-like transcription factor that is a member of the HNF3/Forkhead family of DNA-binding proteins; LIN-31 acts as a tissue-specific effector of MAP kinase-mediated signaling in the vulva; when MAP kinase is inactive, LIN-31 forms a complex with LIN-1/Ets that inhibits vulval cell fates; upon MAP kinase activation (vulval induction), LIN-31 becomes phosphorylated, dissociates from LIN-1, and goes on to promote primary and secondary vulval cell fates; LIN-31 is expressed in the vulval precursor cells.",Fork head domain; Winged helix-turn-helix DNA-binding domain,II,+,protein_coding,3982549,3987029,4481,834,860,1345,1442,18.61,19.19,37.8,105,714,3100,562,1381,0,0,4481,0,0,0,1,0,0,0,0,1,0,1,0.0,0.0,0.3226,0.0,0.0,0.0,0.0,0.2232,0.0,0.2232,0,0,0,0,0,0,0,0,0,0,0.0,0.0,0.0,0.0,0.0,0.0,0.0,0.0,0.0,0.0
WBGene00006476,rhgf-2,"rhgf-2 encodes a Rho guanyl-nucleotide exchange factor (RhoGEF) with similarity to the mammalian PLEKHG5/Tech/Syx RhoGEFs; rhgf-2 is required for embryonic morphogenesis, larval development, and regulation of locomotion; when expressed in mammalian neuronal tissue culture cells, RHGF-2 induces cell rounding inhibits neurite outgrowth; RHGF-2 functions as a RhoGEF for the RHO-1 GTPase; RHGF-2 physically interacts with the multi-PDZ domain scaffold protein MPZ-1; RHGF-2 is expressed in many, but not all, C. elegans neurons from the 1.5-fold stage of embryogenesis through adulthood; in nerve ring axons, RHGF-2 expression overlaps with that of MPZ-1.",Dbl homology (DH) domain; PH domain-like; Pleckstrin homology domain,II,+,protein_coding,4100785,4127853,27069,4688,5271,8116,8994,17.32,19.47,36.79,1129,3450,23561,324,4042,0,0,27069,0,0,0,1,0,0,0,0,1,0,1,0.0,0.0,0.0424,0.0,0.0,0.0,0.0,0.0369,0.0,0.0369,0,0,0,0,0,0,0,0,0,0,0.0,0.0,0.0,0.0,0.0,0.0,0.0,0.0,0.0,0.0
WBGene00020368,ast-1,"ast-1 encodes one of ten C. elegans ETS-box transcription factors; AST-1 is required cell autonomously for proper initiation and maintenance of dopamine (DA) neuron fate; AST-1 acts to specify DA neuron fate by positively regulating expression of a number of DA neuron-specific genes such as dat-1 and cat-2, which encodes a dopamine transporter and tyrosine hydroxylase, respectively; AST-1 is also required for proper navigation of some interneuron axons to their targets, for differentiation of the ventral cord pioneer neuron AVG, and for pharyngeal morphogenesis; AST-1 is transiently expressed in many head neurons late in their differentiation and axon outgrowth, and in a few pharyngeal cells; AST-1 is at first nuclear, but then relocates to spots in cell bodies and even neuronal processes; hypomorphic ast-1 mutants have axons extending laterally, and crossing over from the right axon tract to the left axon bundle; null ast-1(hd92) mutants are inviable, failing to attach a working pharynx to their cuticle during development and then starving as L1 larvae; behaviorally, hypomorphic ast-1 animals are at least superficially normal, indicating that the ventral nerve cord can tolerate at least some miswiring; AST-1 also regulates odr-2 expression, while ast-1 expression is itself regulated by LIN-11.",Ets domain; Winged helix-turn-helix DNA-binding domain,II,-,protein_coding,4127837,4135359,7523,1720,1313,2247,2243,22.86,17.45,40.32,520,1134,5602,267,1921,0,0,7523,0,0,0,1,0,0,0,0,1,0,1,0.0,0.0,0.1785,0.0,0.0,0.0,0.0,0.1329,0.0,0.1329,0,0,0,0,0,0,0,0,0,0,0.0,0.0,0.0,0.0,0.0,0.0,0.0,0.0,0.0,0.0
WBGene00019855,R03H10.2,none available,,II,+,protein_coding,4155773,4167371,11599,2139,2134,3714,3612,18.44,18.4,36.84,2,1149,10214,234,1385,0,0,11599,0,0,0,0,0,0,0,0,0,0,0,0.0,0.0,0.0,0.0,0.0,0.0,0.0,0.0,0.0,0.0,0,0,1,0,0,0,0,1,0,1,0.0,0.0,0.0979,0.0,0.0,0.0,0.0,0.0862,0.0,0.0862
WBGene00015301,C01F1.6,none available,Ankyrin repeat; Ankyrin repeat domain-containing protein 13; Ankyrin repeat-containing domain,II,-,protein_coding,4282182,4288211,6030,928,901,2053,2148,15.39,14.94,30.33,41,1371,4210,408,1820,0,0,6030,0,0,0,0,0,0,0,0,0,0,0,0.0,0.0,0.0,0.0,0.0,0.0,0.0,0.0,0.0,0.0,0,0,0,1,0,0,0,1,0,1,0.0,0.0,0.0,2.451,0.0,0.0,0.0,0.1658,0.0,0.1658
WBGene00019217,athp-2,none available,"Bromodomain; DDT domain; WHIM1 domain; WHIM2 domain; WSTF/Acf1/Cbp146; Zinc finger, FYVE/PHD-type; Zinc finger, PHD-finger; Zinc finger, PHD-type; Zinc finger, RING/FYVE/PHD-type",II,+,protein_coding,4340182,4350987,10806,1679,1617,4024,3486,15.54,14.96,30.5,14,4239,6119,434,4687,0,0,10806,0,0,0,1,0,0,0,0,1,0,1,0.0,0.0,0.1634,0.0,0.0,0.0,0.0,0.0925,0.0,0.0925,0,0,0,0,0,0,0,0,0,0,0.0,0.0,0.0,0.0,0.0,0.0,0.0,0.0,0.0,0.0
WBGene00019222,H20J04.7,none available,,II,-,protein_coding,4353221,4355317,2097,325,451,697,624,15.5,21.51,37.01,0,1014,1083,0,1014,0,0,2097,0,0,0,1,0,0,0,0,1,0,1,0.0,0.0,0.9234,0.0,0.0,0.0,0.0,0.4769,0.0,0.4769,0,0,0,0,0,0,0,0,0,0,0.0,0.0,0.0,0.0,0.0,0.0,0.0,0.0,0.0,0.0
WBGene00022743,mlt-7,"mlt-7 encodes an animal heme peroxidase; MLT-7 is required for formation of the C. elegans cuticle and normal molting; specifically, MLT-7 functions in combination with BLI-3/DUOX for proper cross-linking of cuticular collagens; when expressed in vitro, MLT-7 exhibits peroxidase activity; MLT-7 is expressed in the hypodermis, which synthesizes the cuticle, at each larval molt.","Haem peroxidase; Haem peroxidase, animal type; ShKT domain",II,+,protein_coding,4393007,4404850,11844,1974,2159,3872,3839,16.67,18.23,34.9,23,2175,9329,317,2515,0,0,11844,0,0,0,0,0,0,0,0,0,0,0,0.0,0.0,0.0,0.0,0.0,0.0,0.0,0.0,0.0,0.0,0,0,1,0,0,0,0,1,0,1,0.0,0.0,0.1072,0.0,0.0,0.0,0.0,0.0844,0.0,0.0844
WBGene00006868,vab-1,"vab-1 encodes an ephrin receptor; during development, vab-1 activity is required for neural and epithelial morphogenesis as well as for proper axon targeting and neuronal cell migration; in addition, VAB-1 functions as a major sperm protein receptor in a sperm-sensing control mechanism that regulates oocyte meiotic maturation; VAB-1::GFP reporters are expressed in neuronal cells and in oocytes and sheath cells of the proximal gonad.","Ephrin receptor ligand binding domain; Ephrin receptor, transmembrane domain; Fibronectin type III; Galactose-binding domain-like; Growth factor receptor cysteine-rich domain; Immunoglobulin-like fold; Protein kinase-like domain; Serine-threonine/tyrosine-protein kinase, catalytic domain; Tyrosine-protein kinase ephrin type A/B receptor-like; Tyrosine-protein kinase, catalytic domain",II,+,protein_coding,4572000,4590970,18971,3786,3600,5882,5703,19.96,18.98,38.93,89,3354,15070,458,3901,0,0,18971,0,0,0,1,0,0,0,0,1,0,1,0.0,0.0,0.0664,0.0,0.0,0.0,0.0,0.0527,0.0,0.0527,0,0,0,0,0,0,0,0,0,0,0.0,0.0,0.0,0.0,0.0,0.0,0.0,0.0,0.0,0.0
WBGene00020222,fut-6,none available,"Fucosyltransferase, N-terminal; Glycosyl transferase family 10",II,-,protein_coding,4653176,4655934,2759,409,501,928,921,14.82,18.16,32.98,2,1179,1366,212,1393,0,0,2759,0,0,0,1,0,0,0,0,1,0,1,0.0,0.0,0.7321,0.0,0.0,0.0,0.0,0.3625,0.0,0.3625,0,0,0,0,0,0,0,0,0,0,0.0,0.0,0.0,0.0,0.0,0.0,0.0,0.0,0.0,0.0
WBGene00020867,shc-2,"T27F7.2 encodes three proteins by multiple splicing, two of which (T27F7.2A-B) are fully orthologous to vertebrate Shc proteins (e.g., p52/p46SHC and p66SHC); like their orthologs, T27F7.2A-B have a PTB and an SH2 domain in N- to C-terminal order; T27F7.2 is expressed in gastrulating embryos (probably in neural precursors); T27F7.2 might be involved in RAS signal transduction or regulation of apoptosis.",PH domain-like; PTB/PI domain; SH2 domain,II,+,protein_coding,4969163,4988940,19778,3289,3861,6091,6537,16.63,19.52,36.15,452,2019,17567,802,3014,0,0,19778,0,0,0,1,0,0,0,0,1,0,1,0.0,0.0,0.0569,0.0,0.0,0.0,0.0,0.0506,0.0,0.0506,0,0,0,0,0,0,0,0,0,0,0.0,0.0,0.0,0.0,0.0,0.0,0.0,0.0,0.0,0.0
WBGene00015942,osta-2,none available,Organic solute transporter subunit alpha/Transmembrane protein 184,II,+,protein_coding,5707691,5712351,4661,777,912,1334,1638,16.67,19.57,36.24,170,1029,3218,245,1444,0,0,4661,0,0,0,1,0,0,0,0,1,0,1,0.0,0.0,0.3108,0.0,0.0,0.0,0.0,0.2145,0.0,0.2145,0,0,0,0,0,0,0,0,0,0,0.0,0.0,0.0,0.0,0.0,0.0,0.0,0.0,0.0,0.0
WBGene00019128,F59G1.4,none available,,II,+,protein_coding,5896170,5904594,8425,1463,1513,2744,2705,17.36,17.96,35.32,4,1743,6555,123,1870,0,0,8425,0,0,0,1,0,0,0,0,1,0,1,0.0,0.0,0.1526,0.0,0.0,0.0,0.0,0.1187,0.0,0.1187,0,0,0,0,0,0,0,0,0,0,0.0,0.0,0.0,0.0,0.0,0.0,0.0,0.0,0.0,0.0
WBGene00018252,F40H3.6,none available,,II,-,ncRNA,6186719,6187947,1229,184,299,360,386,14.97,24.33,39.3,0,0,0,0,1142,0,0,1229,0,0,1,0,0,0,0,0,1,0,1,0.0,0.0,0.0,0.0,0.0,0.0,0.0,0.8137,0.0,0.8137,0,0,0,0,0,0,0,0,0,0,0.0,0.0,0.0,0.0,0.0,0.0,0.0,0.0,0.0,0.0
WBGene00000651,col-75,none available,"Collagen triple helix repeat; Nematode cuticle collagen, N-terminal",II,+,protein_coding,6426293,6427513,1221,266,209,376,370,21.79,17.12,38.9,0,858,273,90,948,0,0,1221,0,0,0,0,0,0,0,0,0,0,0,0.0,0.0,0.0,0.0,0.0,0.0,0.0,0.0,0.0,0.0,0,1,0,0,0,0,0,1,0,1,0.0,1.1655,0.0,0.0,0.0,0.0,0.0,0.819,0.0,0.819
WBGene00020170,T02G5.14,none available,"F-box associated domain, type 2",II,+,protein_coding,7084321,7093123,8803,1513,1513,2841,2936,17.19,17.19,34.37,1209,1032,6624,21,2262,0,0,8803,0,0,0,0,0,0,0,0,0,0,0,0.0,0.0,0.0,0.0,0.0,0.0,0.0,0.0,0.0,0.0,0,0,0,0,0,0,1,0,0,1,0.0,0.0,0.0,0.0,0.0,0.0,0.0,0.0,0.0,0.1136
WBGene00016172,C27H5.2,none available,,II,+,protein_coding,7155581,7160961,5381,940,897,1818,1726,17.47,16.67,34.14,102,1676,3596,577,2333,0,0,5381,0,0,0,1,0,0,0,0,1,0,1,0.0,0.0,0.2781,0.0,0.0,0.0,0.0,0.1858,0.0,0.1858,0,0,0,0,0,0,0,0,0,0,0.0,0.0,0.0,0.0,0.0,0.0,0.0,0.0,0.0,0.0
WBGene00000530,clh-3,"clh-3 encodes a chloride channel homologous to the mammalian channel ClC-2; CLH-3 is expressed in oocytes; CLH-3 carries a hyperpolarization- and swelling-activated Cl(-) current, with biophysical characteristics strongly resembling those of mammalian ClC-2; the CLH-3 current is inactive in immature oocytes, but can be triggered by cell swelling,  however, CLH-3 has no obvious role in oocyte volume homeostasis; instead, CLH-3 appears to function as a negative regulator of the gap junction-coupled gonadal sheath cells; the normal physiological time for CLH-3 channel activation is at the onset of oocyte meiotic maturation; inactivation of CLH-3 expression by RNAi causes the gonadal sheath cells, which normally begin contracting during meiotic maturation, to instead begin contractions abnormally early.","Aldolase-type TIM barrel; CBS domain; Chloride channel, core; Chloride channel, voltage gated",II,-,protein_coding,7217943,7225914,7972,1468,1390,2733,2381,18.41,17.44,35.85,387,3310,4172,469,3919,0,0,7972,0,0,0,0,0,0,0,0,0,0,0,0.0,0.0,0.0,0.0,0.0,0.0,0.0,0.0,0.0,0.0,0,0,1,0,0,0,0,1,0,1,0.0,0.0,0.2397,0.0,0.0,0.0,0.0,0.1254,0.0,0.1254
WBGene00305090,C07D10.7,none available,,II,-,lincRNA,7379312,7381285,1974,340,339,688,607,17.22,17.17,34.4,0,0,0,0,380,0,0,1974,0,0,0,0,0,0,0,0,0,0,0,0.0,0.0,0.0,0.0,0.0,0.0,0.0,0.0,0.0,0.0,0,0,1,0,0,0,0,1,0,1,0.0,0.0,0.0,0.0,0.0,0.0,0.0,0.5066,0.0,0.5066
WBGene00016183,C28F5.1,none available,,II,+,protein_coding,7505305,7506922,1618,340,285,517,476,21.01,17.61,38.63,46,525,720,327,898,0,0,1618,0,0,0,0,0,0,0,0,0,0,0,0.0,0.0,0.0,0.0,0.0,0.0,0.0,0.0,0.0,0.0,0,1,0,0,0,0,0,1,0,1,0.0,1.9048,0.0,0.0,0.0,0.0,0.0,0.618,0.0,0.618
WBGene00006363,syd-1,"syd-1 encodes a protein that contains a Rho-GTPase-like activating domain as well as PDZ and C2 domains; during neuronal development, SYD-1 is required cell autonomously to positively regulate synaptogenesis; in regulating synapse development, SYD-1 functions as a positive regulator of SYD-2/liprin through direct interaction with ELKS-1, a pre-synaptic protein also required for synapse development; in turn, SYD-1 activity is regulated by RSY-1, a negative regulator of synaptogenesis, with which it also interacts physically; SYD-1 is expressed in neurons and localizes to presynaptic regions.",C2 domain; PDZ domain; Rho GTPase activation protein; Rho GTPase-activating protein domain,II,-,protein_coding,7585695,7594912,9218,1835,1642,3004,2737,19.91,17.81,37.72,580,2964,5865,385,3354,0,0,9218,0,0,0,1,0,0,0,0,1,0,1,0.0,0.0,0.1705,0.0,0.0,0.0,0.0,0.1085,0.0,0.1085,0,0,0,0,0,0,0,0,0,0,0.0,0.0,0.0,0.0,0.0,0.0,0.0,0.0,0.0,0.0
WBGene00015061,cpna-2,"cpna-2 encodes proteins with similarity to several InterPro domains including those of polycystin cation channels, von Willebrand factor, the DNA recombination repair protein BRCA2, protein-tyrosine phosphatase, non-receptor type-13, glyoxylate carboligase, and copines, Ca2+-dependent phosphatidylserine binding proteins; cpna-2::gfp reporter fusions are expressed in body wall muscle.","Copine; von Willebrand factor, type A",II,+,protein_coding,7724903,7752731,27829,5626,5006,9613,7584,20.22,17.99,38.2,0,23222,22624,666,23888,0,0,27829,0,0,1,0,0,0,0,0,1,0,1,0.0,0.0431,0.0,0.0,0.0,0.0,0.0,0.0359,0.0,0.0359,0,0,0,0,0,0,0,0,0,0,0.0,0.0,0.0,0.0,0.0,0.0,0.0,0.0,0.0,0.0
WBGene00014051,spv-1,none available,"FCH domain; Protein kinase C-like, phorbol ester/diacylglycerol-binding domain; Rho GTPase activation protein; Rho GTPase-activating protein domain",II,-,protein_coding,7912090,7928700,16611,3067,2644,5767,5133,18.46,15.92,34.38,357,2960,12679,1197,4346,0,0,16611,0,0,0,0,0,0,0,0,0,0,0,0.0,0.0,0.0,0.0,0.0,0.0,0.0,0.0,0.0,0.0,0,1,0,0,0,0,0,1,0,1,0.0,0.3378,0.0,0.0,0.0,0.0,0.0,0.0602,0.0,0.0602
WBGene00002066,ifg-1,"ifg-1 encodes, by alternative splicing, two orthologs of the translation initiation factor 4F, ribosome/mRNA-bridging subunit (eIF-4G); by homology, IFG-1 is predicted to function in poly(A) tail-dependent translation initiation; loss of ifg-1 activity in adult animals extends lifespan.","Armadillo-type fold; MIF4G-like, type 3",II,+,protein_coding,8217222,8222396,5175,1019,1081,1609,1466,19.69,20.89,40.58,386,3483,521,1154,4669,0,0,5175,0,0,1,0,0,0,0,0,1,0,1,0.0,0.2871,0.0,0.0,0.0,0.0,0.0,0.1932,0.0,0.1932,0,0,0,0,0,0,0,0,0,0,0.0,0.0,0.0,0.0,0.0,0.0,0.0,0.0,0.0,0.0
WBGene00000894,dab-1,"dab-1 encodes an ortholog of the cytoplasmic adaptor protein DISABLED,required for normal molting and meiotic arrest; DAB-1 is also required forEGL-17 secretion from vulval cells, and thus indirectly for normal sexmyoblast (SM) migration and egg-laying; DAB-1 contains a conserved PTBdomain and signals that confer localization to Golgi-proximal vesicles,and DAB-1 localizes to vesicular structures in vivo; dab-1 is expressed inventral precursor cells, and DAB-1 prevents EGL-17 protein accumulation inthem; dab-1 is also expressed in other cells (anchor cell, sheath cells,etc.) but has no obvious function in them; DAB-1 binds the cytoplasmicdomains of either LRP-1 or LRP-2 in yeast two-hybrid experiments;dab-1(gk291) and dab-1(RNAi) animals have similar defects in molting,EGL-17 secretion from VPCs, SM migration, and egg-laying; dab-1(RNAi) doesnot enhance the SM phenotypes of lrp-1(RNAi) or lrp-2(RNAi), suggestingthat these genes act in concert to promote normal EGL-17 secretion and SMmigration; in vitro, DAB-1 binds to the ear domains of APT-4 (strongly)and of APT-1 and APT-9 (weakly); genetically, dab-1(RNAi) functions aspart of the vab-1 pathway in oocytes inhibiting meiotic maturation, andDAB-1 is found in oocyte cytoplasm.",PH domain-like; PTB/PI domain; Protein disabled,II,+,protein_coding,8222386,8229153,6768,1167,1330,1946,2325,17.24,19.65,36.89,227,1546,4663,528,2301,0,0,6768,0,0,1,0,0,0,0,0,1,0,1,0.0,0.6468,0.0,0.0,0.0,0.0,0.0,0.1478,0.0,0.1478,0,0,0,0,0,0,0,0,0,0,0.0,0.0,0.0,0.0,0.0,0.0,0.0,0.0,0.0,0.0
WBGene00011923,chhy-1,"chhy-1 encodes a chondroitin hydrolase orthologous to human HYAL1 (OMIM:607071, mutated in mucopolysaccharidosis type IX) and other hyaluronidases; in COS-7 cells, heterologously expressed CHHY-1 preferentially cleaves chondroitin as an endo-ss-galactosaminidase, with lesser activity on chondroitin sulfate A (CS-A) and CS-C, but almost no activity on hyaluronic acid; the optimum pH for CHHY-1 cleavage is 6.0.",Aldolase-type TIM barrel; Glycoside hydrolase superfamily; Hyaluronidase,II,-,protein_coding,8614546,8617616,3071,549,547,975,1000,17.88,17.81,35.69,263,1377,1446,84,1724,0,0,3071,0,0,0,0,0,0,0,0,0,0,0,0.0,0.0,0.0,0.0,0.0,0.0,0.0,0.0,0.0,0.0,1,0,0,0,0,0,0,1,0,1,3.8023,0.0,0.0,0.0,0.0,0.0,0.0,0.3256,0.0,0.3256
WBGene00009717,dep-1,"dep-1 encodes a class III receptor protein tyrosine phosphatase (R-PTP)orthologous to human R-PTPs such as PTPRJ/Dep-1 (mutated in epithelialcancers; OMIM:600925); DEP-1 is required, redundantly with LIP-1 andLET-60, and downstream of LIN-12, to promote secondary over primary vulvalfate in the P5.p and P7.p lineages; DEP-1 is expressed in P5.p and P7.plineages, and dep-1 acts cell-autonomously in these lineages; DEP-1colocalizes with LET-23 in punctae, and binds LET-23 in vitro; DEP-1, withLIP-1, is also required for normal duct cell and excretory poredevelopment; dep-1 mutations are wild-type in isolation, but have vulvalphenotypes with added mutations in lin-15, lip-1, or let-60; DEP-1laterally inhibits secondary vulval fates in parallel with LIN-12/Notchsignalling; in primary (P5.p) vulval cells, LET-60/RAS-activated SUR-2inhibits dep-1 and lin-12 expression; since RNAi of 125 out of 165predicted C. elegans protein phosphatase genes fails to enhance lip-1mutations, the LIP-1/DEP-1 interaction is likely to be highly specific.","Fibronectin type III; Immunoglobulin-like fold; PTP type protein phosphatase; Protein-tyrosine phosphatase, catalytic; Protein-tyrosine phosphatase-like",II,-,protein_coding,9005796,9019798,14003,2668,2343,4752,4240,19.05,16.73,35.79,31,4104,9493,375,4510,0,0,14003,0,0,0,0,0,0,0,0,0,0,0,0.0,0.0,0.0,0.0,0.0,0.0,0.0,0.0,0.0,0.0,0,0,1,0,0,0,0,1,0,1,0.0,0.0,0.1053,0.0,0.0,0.0,0.0,0.0714,0.0,0.0714
WBGene00014208,znfx-1,none available,"P-loop containing nucleoside triphosphate hydrolase; Zinc finger, NF-X1-type",II,+,protein_coding,9213658,9223153,9496,1955,1807,2990,2744,20.59,19.03,39.62,737,7332,1701,419,7795,0,0,9496,0,0,1,0,0,0,0,0,1,0,1,0.0,0.1364,0.0,0.0,0.0,0.0,0.0,0.1053,0.0,0.1053,0,0,0,0,0,0,0,0,0,0,0.0,0.0,0.0,0.0,0.0,0.0,0.0,0.0,0.0,0.0
WBGene00003058,lov-1,"lov-1 encodes a transmembrane protein orthologous to human PKD1; lov-1 is required for two aspects of male mating behavior: response to hermaphrodite contact and vulva location and acts with PKD-2, a TRPP cation channel; LOV-1 is expressed in three types of male-specific neurons and localizes to the cell bodies and cilia; EGL-44 and EGL-46 regulate cell-specific expression of lov-1 and pkd-2 to specify the behavioral function of the HOB hook sensillum neuron; in vitro, LOV-1 interacts, via its conserved PLAT domain, with the N-terminus of ATP-2, the beta subunit of ATP synthase that also localizes to cilia, suggesting that ATP synthase may play a role in C. elegans polycystin signaling.","GPS motif; PLAT/LH2 domain; Polycystin cation channel, PKD1/PKD2",II,-,protein_coding,10109100,10121825,12726,2551,2489,3712,3974,20.05,19.56,39.6,0,9855,2692,179,10034,0,0,12726,0,0,1,0,0,0,0,0,1,0,1,0.0,0.1015,0.0,0.0,0.0,0.0,0.0,0.0786,0.0,0.0786,0,0,0,0,0,0,0,0,0,0,0.0,0.0,0.0,0.0,0.0,0.0,0.0,0.0,0.0,0.0
WBGene00003939,pax-3,"pax-3 encodes a divergent paired-like homeodomain protein that does not belong to the Q50, K50, or S50 classes; PAX-3 is required for locomotion and vulval development; pax-3(RNAi) animals have consistent Pvl and Unc phenotypes (as well as less consistent Bmd, Rup, and Stp phenotypes).",Homeobox domain; Homeobox domain-like; Paired domain; Winged helix-turn-helix DNA-binding domain,II,+,protein_coding,10146570,10152865,6296,1179,1266,1896,1955,18.73,20.11,38.83,278,927,4671,420,1625,0,0,6296,0,0,0,1,0,0,0,0,1,0,1,0.0,0.0,0.2141,0.0,0.0,0.0,0.0,0.1588,0.0,0.1588,0,0,0,0,0,0,0,0,0,0,0.0,0.0,0.0,0.0,0.0,0.0,0.0,0.0,0.0,0.0
WBGene00004185,pro-1,"pro-1 encodes a WD-repeat-containing protein that is orthologous to Saccharomyces cerevisiae IPI3; pro-1 activity is required for ribosome biogenesis and specifically, for efficient processing of intervening sequence 2 (ITS2) from rRNA intermediates during 26S rRNA maturation; during development, pro-1 is essential for larval growth, fertility, and normal cell division patterns; in addition, pro-1 is required cell autonomously in the somatic gonad for proper spatial and temporal regulation of germline development and proliferation; a pro-1 promoter::gfp fusion construct reveals that pro-1 is widely expressed in the embryo as well as in every major post-embryonic lineage including the somatic gonad.",WD40 repeat; WD40-repeat-containing domain; WD40/YVTN repeat-like-containing domain,II,-,protein_coding,10539438,10541996,2559,450,508,805,796,17.58,19.85,37.44,11,1590,847,111,1712,0,0,2559,0,0,0,0,0,0,0,0,0,0,0,0.0,0.0,0.0,0.0,0.0,0.0,0.0,0.0,0.0,0.0,0,1,0,0,0,0,0,1,0,1,0.0,0.6289,0.0,0.0,0.0,0.0,0.0,0.3908,0.0,0.3908
WBGene00010893,cutl-9,none available,Zona pellucida domain,II,+,protein_coding,10622265,10625946,3682,630,658,1208,1186,17.11,17.87,34.98,40,1689,1866,87,1816,0,0,3682,0,0,1,0,0,0,0,0,1,0,1,0.0,0.5921,0.0,0.0,0.0,0.0,0.0,0.2716,0.0,0.2716,0,0,0,0,0,0,0,0,0,0,0.0,0.0,0.0,0.0,0.0,0.0,0.0,0.0,0.0,0.0
WBGene00010910,M106.2,none available,,II,-,protein_coding,10844313,10850003,5691,999,957,1721,2014,17.55,16.82,34.37,4,1452,4018,217,1673,0,0,5691,0,0,0,0,0,0,0,0,0,0,0,0.0,0.0,0.0,0.0,0.0,0.0,0.0,0.0,0.0,0.0,0,0,0,1,0,0,0,1,0,1,0.0,0.0,0.0,4.6083,0.0,0.0,0.0,0.1757,0.0,0.1757
WBGene00003882,orc-2,"orc-2 encodes the C. elegans ortholog of the Orc2 subunit of the origin recognition complex (ORC); by homology, ORC-2 is predicted to function as part of a multi-protein scaffolding complex that regulates initiation of DNA replication; consistent with its predicted role, orc-2 activity is required for proper execution of a number of biological processes including germ cell proliferation and reproduction, embryonic development, vulval development, and locomotion.","Origin recognition complex, subunit 2",II,+,protein_coding,10873931,10877683,3753,585,612,1325,1231,15.59,16.31,31.89,3,1293,2088,369,1665,0,0,3753,0,0,0,1,0,0,0,0,1,0,1,0.0,0.0,0.4789,0.0,0.0,0.0,0.0,0.2665,0.0,0.2665,0,0,0,0,0,0,0,0,0,0,0.0,0.0,0.0,0.0,0.0,0.0,0.0,0.0,0.0,0.0
WBGene00006788,unc-53,"unc-53 encodes at least five large (~1200-1600 residue) proteins, orthologous to human NAV1, NAV2/RAINB1 (OMIM:607026), and NAV3, and homologous to Drosophila CG10662; UNC-53 proteins are required for anteroposterior guidance of migrating cells, axons, and excretory cell canals; unc-53 mutations affect egg laying, backward locomotion, body size, and male mating; UNC-53 proteins vary in their N-terminal regions but share common C-terminal sequences with a AAA-ATPase domain; the UNC-53 N-terminus physically interacts with ABI-1, suggesting that UNC-53 may function as a scaffold to link the ARP2/3 complex to ABI-1; UNC-53 also interacts both physically and genetically with SEM-5; unc-53 is expressed in those cells requiring it, suggesting that its function is cell-autonomous; overexpression of unc-53 induces excess cellular outgrowth.",Calponin homology domain; P-loop containing nucleoside triphosphate hydrolase,II,-,protein_coding,11058047,11089456,31410,6361,5313,10356,9380,20.25,16.91,37.17,238,4986,26455,285,5314,0,0,31410,0,0,0,0,0,0,0,0,0,0,0,0.0,0.0,0.0,0.0,0.0,0.0,0.0,0.0,0.0,0.0,0,1,0,0,0,0,0,1,0,1,0.0,0.2006,0.0,0.0,0.0,0.0,0.0,0.0318,0.0,0.0318
WBGene00007041,tag-180,tag-180 encodes an alpha2/delta subunit of a voltage-gated calcium channel; a tag-180::gfp promoter fusion is expressed in the gut and in a small number of head and tail neurons.,"VWA N-terminal; von Willebrand factor, type A",II,-,protein_coding,11323047,11329429,6383,1278,1201,1982,1922,20.02,18.82,38.84,356,3233,2989,135,3724,0,0,6383,0,0,0,0,0,0,0,0,0,0,0,0.0,0.0,0.0,0.0,0.0,0.0,0.0,0.0,0.0,0.0,0,0,1,0,0,0,0,1,0,1,0.0,0.0,0.3346,0.0,0.0,0.0,0.0,0.1567,0.0,0.1567
WBGene00010787,K12D12.5,none available,Ribonuclease H-like domain,II,+,protein_coding,11861029,11863517,2489,528,493,779,689,21.21,19.81,41.02,9,1947,318,215,2171,0,0,2489,0,0,0,0,0,0,0,1,0,0,1,0.0,0.0,0.0,0.0,0.0,0.0,0.0,0.0,0.0,0.4018,0,0,0,0,0,0,0,0,0,0,0.0,0.0,0.0,0.0,0.0,0.0,0.0,0.0,0.0,0.0
WBGene00003015,lin-29,"lin-29 encodes a zinc finger transcription factor of the C2H2 type that affects the heterochronic development of the vulva, egg laying system, male gonad, cuticle, molting cycle and vitellogenesis; expressed in uterine and vulval muscle cells, seam cells, pharynx, head neurons, ventral cord neurons, preanal ganglion, distal tip cells, anchor cell, vulval cells, male-specific linker cell, and cells in the tail.",Zinc finger C2H2-type,II,-,protein_coding,11917643,11935340,17698,3456,3166,5736,5340,19.53,17.89,37.42,224,1383,15422,696,2303,0,0,17698,0,0,0,1,0,0,0,0,1,0,1,0.0,0.0,0.0648,0.0,0.0,0.0,0.0,0.0565,0.0,0.0565,0,0,0,0,0,0,0,0,0,0,0.0,0.0,0.0,0.0,0.0,0.0,0.0,0.0,0.0,0.0
WBGene00012461,glb-29,"glb-29 encodes a globin with no obvious function in mass RNAi assays; glb-29 expression is induced by anoxia in a HIF-1 dependent manner, although it is also paradoxically upregulated in a hif-1 mutant background.",Globin-like,II,+,protein_coding,12009072,12023832,14761,2122,2285,5183,5171,14.38,15.48,29.86,86,1142,13462,165,1356,0,0,14761,0,0,0,0,0,0,0,0,0,0,0,0.0,0.0,0.0,0.0,0.0,0.0,0.0,0.0,0.0,0.0,0,0,1,0,0,0,0,1,0,1,0.0,0.0,0.0743,0.0,0.0,0.0,0.0,0.0677,0.0,0.0677
WBGene00000565,cnt-1,"cnt-1 encodes a homolog of centaurin beta, an Arf GTPase activating protein (Arf GAP) that also contains a pleckstrin homology domain and C-terminal ankyrin repeats; by homology, CNT-1 is predicted to function as an Arf GAP that stimulates Arf GTPase activity and links cell signaling with cytoskeletal rearrangements and membrane trafficking; however, as loss of cnt-1 activity via large-scale RNAi screens does not result in any obvious abnormalities, the precise role of cnt-1 in C. elegans development and/or behavior is not yet known; cnt-1 is broadly expressed, being detected in the pharynx, excretory cell, spermatheca, distal tip cells of the gonad, neurons of the head and nerve ring, and anal epithelial cells; CNT-1 is able to bind the phosphoinositides PIP2 and PIP3 and upon production of PIP3, can translocate from the cytoplasm to the membrane.",Ankyrin repeat; Ankyrin repeat-containing domain; Arf GTPase activating protein; PH domain-like; Pleckstrin homology domain,II,-,protein_coding,12072170,12088868,16699,2611,2355,5769,5964,15.64,14.1,29.74,10,3012,14079,132,3154,0,0,16699,0,0,0,0,0,0,0,0,0,0,0,0.0,0.0,0.0,0.0,0.0,0.0,0.0,0.0,0.0,0.0,0,1,0,0,0,0,0,1,0,1,0.0,0.332,0.0,0.0,0.0,0.0,0.0,0.0599,0.0,0.0599
WBGene00004394,rol-1,"rol-1 encodes a nematode cuticular collagen required for normal body morphology at the adult stage of development; rol-1 expression is under the control of the heterochronic pathway, as heterochronic mutants that synthesize adult cuticle early produce animals that roll as larvae, while heterochronic mutants that fail to execute normal adult development never display the roller phenotype.","Collagen triple helix repeat; Nematode cuticle collagen, N-terminal",II,+,protein_coding,12172573,12176069,3497,651,655,1164,1027,18.62,18.73,37.35,27,1377,2030,63,1467,0,0,3497,0,0,0,0,0,0,0,0,0,0,0,0.0,0.0,0.0,0.0,0.0,0.0,0.0,0.0,0.0,0.0,0,1,0,0,0,0,0,1,0,1,0.0,0.7262,0.0,0.0,0.0,0.0,0.0,0.286,0.0,0.286
WBGene00013266,Y57A10A.26,none available,"Failed axon connections; Glutathione S-transferase, C-terminal-like; Metaxin, glutathione S-transferase domain; Thioredoxin-like fold",II,+,protein_coding,12264192,12266105,1914,454,422,543,495,23.72,22.05,45.77,6,810,989,109,925,0,0,1914,0,0,0,0,0,0,0,0,0,0,0,0.0,0.0,0.0,0.0,0.0,0.0,0.0,0.0,0.0,0.0,0,0,1,0,0,0,0,1,0,1,0.0,0.0,1.0111,0.0,0.0,0.0,0.0,0.5225,0.0,0.5225
WBGene00016826,C50E10.2,none available,Protein of unknown function DUF1265,II,-,protein_coding,12305454,12309714,4261,774,856,1318,1313,18.16,20.09,38.25,495,1147,3035,89,1452,0,0,4261,0,0,0,1,0,0,0,0,1,0,1,0.0,0.0,0.3295,0.0,0.0,0.0,0.0,0.2347,0.0,0.2347,0,0,0,0,0,0,0,0,0,0,0.0,0.0,0.0,0.0,0.0,0.0,0.0,0.0,0.0,0.0
WBGene00016832,sre-49,none available,"7TM GPCR, serpentine receptor class e (Sre)",II,+,protein_coding,12318841,12321070,2230,333,437,709,751,14.93,19.6,34.53,0,1074,1156,0,1074,0,0,2230,0,0,1,0,0,0,0,0,1,0,1,0.0,0.9311,0.0,0.0,0.0,0.0,0.0,0.4484,0.0,0.4484,0,0,0,0,0,0,0,0,0,0,0.0,0.0,0.0,0.0,0.0,0.0,0.0,0.0,0.0,0.0
WBGene00004310,ras-1,"ras-1 is orthologous to the human oncogene, Related Ras Viral Oncogene Homolog 2 (RRAS2).","P-loop containing nucleoside triphosphate hydrolase; Small GTP-binding protein domain; Small GTPase superfamily; Small GTPase superfamily, Ras type",II,-,protein_coding,12345285,12352243,6959,1336,1423,2083,2117,19.2,20.45,39.65,93,639,5802,425,1157,0,0,6959,0,0,0,0,0,0,0,0,0,0,0,0.0,0.0,0.0,0.0,0.0,0.0,0.0,0.0,0.0,0.0,0,0,0,1,0,0,0,1,0,1,0.0,0.0,0.0,2.3529,0.0,0.0,0.0,0.1437,0.0,0.1437
WBGene00004347,rgs-4,"rgs-4 encodes a regulator of G protein signaling; by homology, RGS-4 is predicted to function as a GTPase-activating protein that binds G protein alpha subunits and negatively regulates heterotrimeric G protein signaling; loss of rgs-4 activity via RNAi or a deletion mutation results in no obvious defects, and likewise, rgs-4 overexpression has no measurable effect on egg-laying behavior, locomotion, or viability; the RGS-4 expression pattern has not yet been reported.","RGS domain; RGS, subdomain 1",II,+,protein_coding,12654747,12672415,17669,3301,3556,5321,5491,18.68,20.13,38.81,112,1091,15945,792,1995,0,0,17669,0,0,1,0,0,0,0,0,1,0,1,0.0,0.9166,0.0,0.0,0.0,0.0,0.0,0.0566,0.0,0.0566,0,0,0,0,0,0,0,0,0,0,0.0,0.0,0.0,0.0,0.0,0.0,0.0,0.0,0.0,0.0
WBGene00012904,tiar-2,none available,"RNA recognition motif domain; RNA recognition motif domain, eukaryote",II,+,protein_coding,12768686,12774414,5729,996,954,1884,1895,17.39,16.65,34.04,56,1305,3176,1192,2553,0,0,5729,0,0,0,1,0,0,0,0,1,0,1,0.0,0.0,0.3149,0.0,0.0,0.0,0.0,0.1746,0.0,0.1746,0,0,0,0,0,0,0,0,0,0,0.0,0.0,0.0,0.0,0.0,0.0,0.0,0.0,0.0,0.0
WBGene00012908,Y46G5A.18,none available,R3H domain; R3H-associated N-terminal domain,II,-,protein_coding,12800420,12805261,4842,833,835,1495,1679,17.2,17.24,34.45,46,1193,3454,214,1453,0,0,4842,0,0,0,0,0,0,0,0,0,0,0,0.0,0.0,0.0,0.0,0.0,0.0,0.0,0.0,0.0,0.0,0,0,0,1,0,0,0,1,0,1,0.0,0.0,0.0,4.6729,0.0,0.0,0.0,0.2065,0.0,0.2065
WBGene00008929,F18A11.2,none available,CRAL-TRIO lipid binding domain,II,+,protein_coding,13031699,13036606,4908,922,915,1616,1455,18.79,18.64,37.43,1155,1167,3482,183,2505,0,0,4908,0,0,1,0,0,0,0,0,1,0,1,0.0,0.8569,0.0,0.0,0.0,0.0,0.0,0.2037,0.0,0.2037,0,0,0,0,0,0,0,0,0,0,0.0,0.0,0.0,0.0,0.0,0.0,0.0,0.0,0.0,0.0
WBGene00006999,zyx-1,"zyx-1 encodes a LIM domain protein and is most similar to vertebrate Zyxin; the vertebrate zyxin sub-family also includes  migfilin, TRIP6 and LPP; the ZYX-1 protein is expressed in striated body wall muscle and localizes at dense bodies/Z-discs and in the nucleus; ZYX-1 physically interacts with P granule components (GLH proteins) and several dense body and M-line proteins, including DEB-1 (Vinculin) and ATN-1 (alpha-actinin), indicating that zyx-1 may play a role in anchoring actin filaments to dense bodies via its interaction with these proteins.","Zinc finger, LIM-type",II,+,protein_coding,13057152,13071513,14362,2716,3048,4205,4393,18.91,21.22,40.13,370,2050,12418,327,2747,0,0,14362,0,0,0,0,0,0,0,0,0,0,0,0.0,0.0,0.0,0.0,0.0,0.0,0.0,0.0,0.0,0.0,0,0,1,0,0,0,0,1,0,1,0.0,0.0,0.0805,0.0,0.0,0.0,0.0,0.0696,0.0,0.0696
WBGene00002264,lec-1,lec-1 encodes a tandem repeat-type galectin in which each galectin domain is homologous to typical vertebrate 14-kDa-type galectins; the two sugar binding sites have distinct sugar binding properties in vitro and lec-1 is expressed most abundantly in the adult cuticle.,"Concanavalin A-like lectin/glucanase domain; Galectin, carbohydrate recognition domain",II,+,protein_coding,13195549,13199713,4165,838,1007,1159,1161,20.12,24.18,44.3,193,885,3060,235,1313,0,0,4165,0,0,1,0,0,0,0,0,1,0,1,0.0,1.1299,0.0,0.0,0.0,0.0,0.0,0.2401,0.0,0.2401,0,0,0,0,0,0,0,0,0,0,0.0,0.0,0.0,0.0,0.0,0.0,0.0,0.0,0.0,0.0
WBGene00000274,btf-1,"btf-1 encodes a member of the TBP-associated family (TAF), with weak similarity to human TBP-associated factor 172.","Armadillo-like helical; Armadillo-type fold; Domain of unknown function DUF3535; Helicase superfamily 1/2, ATP-binding domain; Helicase, C-terminal; P-loop containing nucleoside triphosphate hydrolase; SNF2-related, N-terminal domain",II,+,protein_coding,13200165,13215706,15542,2892,2642,5299,4709,18.61,17.0,35.61,6,4950,10313,273,5229,0,0,15542,0,0,0,0,0,0,0,0,0,0,0,0.0,0.0,0.0,0.0,0.0,0.0,0.0,0.0,0.0,0.0,0,0,1,0,0,0,0,1,0,1,0.0,0.0,0.097,0.0,0.0,0.0,0.0,0.0643,0.0,0.0643
WBGene00012988,ztf-22,none available,,II,-,protein_coding,13279767,13285829,6063,1284,1154,1764,1861,21.18,19.03,40.21,47,1356,4303,372,1766,0,0,6063,0,0,0,0,0,0,0,0,0,0,0,0.0,0.0,0.0,0.0,0.0,0.0,0.0,0.0,0.0,0.0,0,1,0,0,0,0,0,1,0,1,0.0,0.7375,0.0,0.0,0.0,0.0,0.0,0.1649,0.0,0.1649
WBGene00012995,Y48C3A.14,none available,"DNA topoisomerase, type IA; DNA topoisomerase, type IA, DNA-binding domain; DNA topoisomerase, type IA, central; DNA topoisomerase, type IA, central region, subdomain 2; DNA topoisomerase, type IA, core domain; DNA topoisomerase, type IA, domain 2; TOPRIM  domain",II,+,protein_coding,13389761,13402016,12256,2149,2035,4163,3909,17.53,16.6,34.14,0,2610,9444,202,2812,0,0,12256,0,0,0,1,0,0,0,0,1,0,1,0.0,0.0,0.1059,0.0,0.0,0.0,0.0,0.0816,0.0,0.0816,0,0,0,0,0,0,0,0,0,0,0.0,0.0,0.0,0.0,0.0,0.0,0.0,0.0,0.0,0.0
WBGene00001162,efl-2,The efl-2 gene encodes an E2F/DP1-like protein of as yet unknown function; comparative genomic analysis suggests that EFL-2 may be involved in apoptosis.,"E2F Family; E2F/DP family, winged-helix DNA-binding domain; Winged helix-turn-helix DNA-binding domain",II,+,protein_coding,13406140,13411895,5756,976,902,2104,1774,16.96,15.67,32.63,20,1112,4044,672,1804,0,0,5756,0,0,0,0,1,0,0,0,1,0,1,0.0,0.0,0.0,1.4881,0.0,0.0,0.0,0.1737,0.0,0.1737,0,0,0,0,0,0,0,0,0,0,0.0,0.0,0.0,0.0,0.0,0.0,0.0,0.0,0.0,0.0
WBGene00010071,sre-45,none available,"7TM GPCR, serpentine receptor class e (Sre)",II,+,protein_coding,13517900,13522989,5090,876,1005,1642,1567,17.21,19.74,36.95,12,1110,3904,64,1186,0,0,5090,0,0,0,1,0,0,0,0,1,0,1,0.0,0.0,0.2561,0.0,0.0,0.0,0.0,0.1965,0.0,0.1965,0,0,0,0,0,0,0,0,0,0,0.0,0.0,0.0,0.0,0.0,0.0,0.0,0.0,0.0,0.0
WBGene00013008,clec-146,none available,C-type lectin fold; C-type lectin-like; C-type lectin-like/link domain,II,-,protein_coding,13590641,13593774,3134,820,475,816,1023,26.16,15.16,41.32,41,570,2462,61,672,0,0,3134,0,0,0,0,0,0,0,0,0,0,0,0.0,0.0,0.0,0.0,0.0,0.0,0.0,0.0,0.0,0.0,0,0,1,0,0,0,0,1,0,1,0.0,0.0,0.4062,0.0,0.0,0.0,0.0,0.3191,0.0,0.3191
WBGene00002235,kqt-3,"kqt-3 encodes one of three C. elegans KCNQ-like potassium channel subunits and, with respect to humans, is most similar to the KCNQ1 channel protein which when mutated leads to inherited long QT syndrome (OMIM:607542); although loss of KQT-3 activity via large-scale RNAi screens results in no obvious abnormalities, KQT-3 likely functions to regulate cellular excitability as expression of KQT-3 in Xenopus oocytes can produce K+ channel currents that functionally resemble vertebrate M-currents; activity of these KQT-3 channels can be suppressed by coexpression with the human M1 muscarinic receptor and treatment with diacylglycerol analogs, although KQT-3 is less sensitive to each of these treatments than KQT-1; a KQT-3::GFP fusion protein is expressed in the anterior- and posterior-most intestinal cells, the anterior and posterior mechanosensory neurons ALM and PLM, amphid and phasmid neurons, and in some additional head neurons.","Ion transport domain; Potassium channel, voltage dependent, KCNQ; Potassium channel, voltage dependent, KCNQ, C-terminal; Voltage-gated potassium channel",II,+,protein_coding,13696282,13712931,16650,2567,2676,5716,5691,15.42,16.07,31.49,163,1977,14509,186,2272,0,0,16650,0,0,0,1,0,0,0,0,1,0,1,0.0,0.0,0.0689,0.0,0.0,0.0,0.0,0.0601,0.0,0.0601,0,0,0,0,0,0,0,0,0,0,0.0,0.0,0.0,0.0,0.0,0.0,0.0,0.0,0.0,0.0
WBGene00013209,bub-3,none available,G-protein beta WD-40 repeat; WD40 repeat; WD40-repeat-containing domain; WD40/YVTN repeat-like-containing domain,II,+,protein_coding,13726062,13729610,3549,670,652,1109,1118,18.88,18.37,37.25,20,1032,2351,146,1198,0,0,3549,0,0,0,0,0,0,0,0,0,0,0,0.0,0.0,0.0,0.0,0.0,0.0,0.0,0.0,0.0,0.0,0,0,1,0,0,0,0,1,0,1,0.0,0.0,0.4254,0.0,0.0,0.0,0.0,0.2818,0.0,0.2818
WBGene00013934,ZK131.11,none available,,II,+,protein_coding,13792229,13817664,25436,4112,4851,7823,8650,16.17,19.07,35.24,194,1435,23523,512,2141,0,0,25436,0,0,0,1,0,0,0,0,1,0,1,0.0,0.0,0.0425,0.0,0.0,0.0,0.0,0.0393,0.0,0.0393,0,0,0,0,0,0,0,0,0,0,0.0,0.0,0.0,0.0,0.0,0.0,0.0,0.0,0.0,0.0
WBGene00002120,ins-37,ins-37 encodes an insulin-like peptide.,"Insulin-like; Nematode insulin-related peptide, beta type",II,-,protein_coding,13835101,13836107,1007,219,223,265,300,21.75,22.14,43.89,446,498,52,11,955,0,0,1007,0,0,0,0,0,0,0,0,0,0,0,0.0,0.0,0.0,0.0,0.0,0.0,0.0,0.0,0.0,0.0,1,0,0,0,0,0,0,1,0,1,2.2422,0.0,0.0,0.0,0.0,0.0,0.0,0.993,0.0,0.993
WBGene00198550,F08G2.16,none available,,II,-,ncRNA,13847490,13847578,89,18,31,24,16,20.22,34.83,55.06,0,0,0,0,89,0,0,89,0,0,0,1,0,0,0,0,1,0,1,0.0,0.0,0.0,0.0,0.0,0.0,0.0,11.236,0.0,11.236,0,0,0,0,0,0,0,0,0,0,0.0,0.0,0.0,0.0,0.0,0.0,0.0,0.0,0.0,0.0
WBGene00013093,cup-14,none available,Putative zinc-RING and/or ribbon; RUN domain,II,-,protein_coding,13855785,13872241,16457,2861,2835,4874,5887,17.38,17.23,34.61,207,3213,13392,197,3617,0,0,16457,0,0,0,0,0,0,0,0,0,0,0,0.0,0.0,0.0,0.0,0.0,0.0,0.0,0.0,0.0,0.0,0,0,1,0,0,0,0,1,0,1,0.0,0.0,0.0747,0.0,0.0,0.0,0.0,0.0608,0.0,0.0608
WBGene00012199,mltn-3,none available,Moulting cycle MLT-10-like protein,II,+,protein_coding,13916340,13919677,3338,651,690,1089,908,19.5,20.67,40.17,15,2232,1091,0,2247,0,0,3338,0,0,0,1,0,0,0,0,1,0,1,0.0,0.0,0.9166,0.0,0.0,0.0,0.0,0.2996,0.0,0.2996,0,0,0,0,0,0,0,0,0,0,0.0,0.0,0.0,0.0,0.0,0.0,0.0,0.0,0.0,0.0
WBGene00008499,cyp-37A1,none available,"Cytochrome P450; Cytochrome P450, E-class, group I",II,-,protein_coding,14013819,14016965,3147,700,625,844,978,22.24,19.86,42.1,6,1527,1579,35,1568,0,0,3147,0,0,0,0,0,0,0,0,0,0,0,0.0,0.0,0.0,0.0,0.0,0.0,0.0,0.0,0.0,0.0,0,0,1,0,0,0,0,1,0,1,0.0,0.0,0.6333,0.0,0.0,0.0,0.0,0.3178,0.0,0.3178
WBGene00002275,lem-2,"lem-2 encodes the ortholog of the vertebrate LEM2 and MAN1 proteins and contains a LEM domain which is a defining 40 amino acid motif shared by a family of nuclear envelope proteins; LEM family proteins bind to lamins and to the small inner nuclear membrane associated protein BAF; LEM-2 provides an anchor by which chromosomes are attached to the nuclear membrane; lem-2 together with the LEM domain protein emr-1/emerin, bind lmn-1/lamin and are required for viability and proper chromosome segregation; LEM-2 localizes to the nuclear membrane; lem-2 mutations also exhibit moderate hypersensitivity to DNA damage.",LEM domain; LEM/LEM-like domain; Man1-Src1p-C-terminal domain,II,+,protein_coding,14063450,14066646,3197,657,680,950,910,20.55,21.27,41.82,5,1503,901,788,2296,0,0,3197,0,0,0,0,1,0,0,0,1,0,1,0.0,0.0,0.0,1.269,0.0,0.0,0.0,0.3128,0.0,0.3128,0,0,0,0,0,0,0,0,0,0,0.0,0.0,0.0,0.0,0.0,0.0,0.0,0.0,0.0,0.0
WBGene00012730,xrn-1,"xrn-1 encodes a 5'-3' exoribonuclease that is orthologous to Saccharomyces cerevisiae Xrnp1, a key component of the yeast 5'-3' mRNA degradation pathway; in C. elegans, XRN-1 activity is required during embryogenesis for completion of ventral enclosure, the morphogenetic process whereby the ventral epithelial cells cover and seal the interior cells of the embryo; in addition, XRN-1 also plays a role in facilitating RNA interference (RNAi), likely acting in the same pathway as the DCR-1/Dicer ribonuclease; to date, XRN-1 expression has been reported in adult hypodermal and rectal cells.",5'-3' exoribonuclease; 5'-3' exoribonuclease 1; Putative 5-3 exonuclease,II,+,protein_coding,14068907,14089877,20971,3688,3553,7232,6498,17.59,16.94,34.53,90,4776,15120,985,5851,0,0,20971,0,0,1,0,0,0,0,0,1,0,1,0.0,0.2094,0.0,0.0,0.0,0.0,0.0,0.0477,0.0,0.0477,0,0,0,0,0,0,0,0,0,0,0.0,0.0,0.0,0.0,0.0,0.0,0.0,0.0,0.0,0.0
WBGene00000038,ace-4,ace-4 encodes an divergent acetylcholinesterase homolog with biochemically undetectable activity.,"Alpha/Beta hydrolase fold; Carboxylesterase, type B; Cholinesterase",II,+,protein_coding,14198046,14205460,7415,1374,1502,2204,2335,18.53,20.26,38.79,121,1809,5350,135,2065,0,0,7415,0,0,0,0,0,0,0,0,0,0,0,0.0,0.0,0.0,0.0,0.0,0.0,0.0,0.0,0.0,0.0,0,0,0,0,0,0,1,0,0,1,0.0,0.0,0.0,0.0,0.0,0.0,0.0,0.0,0.0,0.1349
WBGene00013212,Y54G11A.1,none available,,II,-,protein_coding,14257860,14269192,11333,1881,1791,3720,3941,16.6,15.8,32.4,39,1656,9638,0,1695,0,0,11333,0,0,0,1,0,0,0,0,1,0,1,0.0,0.0,0.1038,0.0,0.0,0.0,0.0,0.0882,0.0,0.0882,0,0,0,0,0,0,0,0,0,0,0.0,0.0,0.0,0.0,0.0,0.0,0.0,0.0,0.0,0.0
WBGene00009182,F26H11.4,none available,,II,+,protein_coding,14408612,14410842,2231,515,430,765,521,23.08,19.27,42.36,139,1494,565,33,1666,0,0,2231,0,1,0,0,0,0,0,0,1,0,1,7.1942,0.0,0.0,0.0,0.0,0.0,0.0,0.4482,0.0,0.4482,0,0,0,0,0,0,0,0,0,0,0.0,0.0,0.0,0.0,0.0,0.0,0.0,0.0,0.0,0.0
WBGene00011044,R05H10.3,none available,,II,+,protein_coding,14869944,14883054,13111,2137,2594,4182,4198,16.3,19.78,36.08,5,1776,11293,298,2079,0,0,13111,0,0,0,1,0,0,0,0,1,0,1,0.0,0.0,0.0886,0.0,0.0,0.0,0.0,0.0763,0.0,0.0763,0,0,0,0,0,0,0,0,0,0,0.0,0.0,0.0,0.0,0.0,0.0,0.0,0.0,0.0,0.0
WBGene00000584,cog-1,"cog-1 encodes the C. elegans ortholog of the vertebrate Nkx6 homeodomain proteins; cog-1 activity is required for multiple aspects of reproductive system development, including connection of uterus to the vulva and vulval cell specification, as well as for specification of left/right asymmetry in the ASE taste receptor sensory neurons where cog-1 acts in ASER to suppress the ASEL cell fate; cog-1 expression in ASEL is negatively regulated by the lsy-6 miRNA; a cog-1::gfp reporter fusion is expressed in neurons and in the hermaphrodite vulva and uterus; in males, cog-1::gfp expression is seen in proctodeal cells and occasionally in the rectal Rep cells and P11.pp progeny.","Helix-turn-helix motif; Homeobox domain; Homeobox domain, metazoa; Homeobox domain-like",II,+,protein_coding,14902493,14907533,5041,919,990,1582,1550,18.23,19.64,37.87,165,771,3850,394,1192,0,0,5041,0,0,0,0,0,0,0,0,0,0,0,0.0,0.0,0.0,0.0,0.0,0.0,0.0,0.0,0.0,0.0,0,0,1,0,0,0,0,1,0,1,0.0,0.0,0.2597,0.0,0.0,0.0,0.0,0.1984,0.0,0.1984
WBGene00008443,pde-3,none available,"3'5'-cyclic nucleotide phosphodiesterase; 3'5'-cyclic nucleotide phosphodiesterase, catalytic domain; HD/PDEase domain",II,+,protein_coding,14919705,14953353,33649,5310,6377,10301,11661,15.78,18.95,34.73,571,2563,31150,741,3466,0,0,33649,0,0,0,1,0,0,0,0,1,0,1,0.0,0.0,0.0321,0.0,0.0,0.0,0.0,0.0297,0.0,0.0297,0,0,0,0,0,0,0,0,0,0,0.0,0.0,0.0,0.0,0.0,0.0,0.0,0.0,0.0,0.0
WBGene00013163,Y53F4B.17,none available,,II,+,protein_coding,15058656,15064966,6311,1095,833,2088,2295,17.35,13.2,30.55,0,861,5450,0,861,0,0,6311,0,0,0,0,0,0,0,0,0,0,0,0.0,0.0,0.0,0.0,0.0,0.0,0.0,0.0,0.0,0.0,0,0,1,0,0,0,0,1,0,1,0.0,0.0,0.1835,0.0,0.0,0.0,0.0,0.1585,0.0,0.1585
WBGene00013166,Y53F4B.20,none available,"Peptidase M1, alanine aminopeptidase/leukotriene A4 hydrolase; Peptidase M1, membrane alanine aminopeptidase, N-terminal",II,+,protein_coding,15084470,15089549,5080,983,1069,1487,1541,19.35,21.04,40.39,6,2085,2938,51,2142,0,0,5080,0,0,1,0,0,0,0,0,1,0,1,0.0,0.4796,0.0,0.0,0.0,0.0,0.0,0.1969,0.0,0.1969,0,0,0,0,0,0,0,0,0,0,0.0,0.0,0.0,0.0,0.0,0.0,0.0,0.0,0.0,0.0
WBGene00021597,spsb-1,none available,Concanavalin A-like lectin/glucanase domain; SOCS box domain; SPRY domain,II,+,protein_coding,15196733,15229725,32993,5460,6335,10382,10816,16.55,19.2,35.75,16,2350,30499,1306,3672,0,0,32993,0,0,0,0,0,0,0,0,0,0,0,0.0,0.0,0.0,0.0,0.0,0.0,0.0,0.0,0.0,0.0,0,0,1,0,0,0,0,1,0,1,0.0,0.0,0.0328,0.0,0.0,0.0,0.0,0.0303,0.0,0.0303
WBGene00019183,npr-30,none available,"G protein-coupled receptor, rhodopsin-like",III,+,protein_coding,3321,11955,8635,1324,1438,2765,3108,15.33,16.65,31.99,460,1191,6910,74,1725,0,0,8635,0,0,1,0,0,0,0,0,1,0,1,0.0,0.8396,0.0,0.0,0.0,0.0,0.0,0.1158,0.0,0.1158,0,0,0,0,0,0,0,0,0,0,0.0,0.0,0.0,0.0,0.0,0.0,0.0,0.0,0.0,0.0
WBGene00016221,C29F9.6,none available,"Coactivator CBP, KIX domain; Zinc finger, TAZ-type",III,+,protein_coding,114903,116630,1728,407,412,462,447,23.55,23.84,47.4,219,723,702,136,1078,0,0,1728,0,0,0,1,0,0,0,0,1,0,1,0.0,0.0,1.4245,0.0,0.0,0.0,0.0,0.5787,0.0,0.5787,0,0,0,0,0,0,0,0,0,0,0.0,0.0,0.0,0.0,0.0,0.0,0.0,0.0,0.0,0.0
WBGene00016216,pals-22,none available,Amyotrophic lateral sclerosis 2 chromosomal region candidate gene 12 protein,III,+,protein_coding,132418,134401,1984,362,401,630,591,18.25,20.21,38.46,7,855,1091,31,893,0,0,1984,0,0,0,1,0,0,0,0,1,0,1,0.0,0.0,0.9166,0.0,0.0,0.0,0.0,0.504,0.0,0.504,0,0,0,0,0,0,0,0,0,0,0.0,0.0,0.0,0.0,0.0,0.0,0.0,0.0,0.0,0.0
WBGene00004045,pll-1,none available,"C2 domain; EF-hand domain pair; PH domain-like; PLC-like phosphodiesterase, TIM beta/alpha-barrel domain; Phosphatidylinositol-specific phospholipase C, X domain; Phosphoinositide phospholipase C family; Phosphoinositide-specific phospholipase C, EF-hand-like domain; Phospholipase C, phosphatidylinositol-specific, Y domain; Pleckstrin homology domain",III,+,protein_coding,365949,377570,11622,2445,2234,3488,3455,21.04,19.22,40.26,17,3308,8298,112,3437,0,0,11622,0,0,0,0,0,0,0,0,0,0,0,0.0,0.0,0.0,0.0,0.0,0.0,0.0,0.0,0.0,0.0,0,1,0,0,0,0,0,1,0,1,0.0,0.3023,0.0,0.0,0.0,0.0,0.0,0.086,0.0,0.086
WBGene00006781,unc-45,"unc-45 encodes a conserved, muscle-specific protein that contains an N-terminal TRP (tetratricopeptide repeat) and a C-terminal UCS (UNC-45-CRO1-She4p) domain; during body wall muscle development, UNC-45 activity is essential for proper thick filament formation and sarcomere organization; in addition, maternally provided UNC-45 is required for embryonic polarity, cytokinesis, and germline cellularization; in regulating muscle development, UNC-45 acts, as both a chaperone and an HSP-90 cochaperone, to control type II myosin folding and assembly into thick filaments; in regulating polarity, cytokinesis and germline cellularization, maternal UNC-45 is essential for normal functioning of the NMY-2 non-muscle myosin II; UNC-45 can physically interact with myosin, Hsp90, and NMY-2; UNC-45 levels, and hence activity, are controlled by a novel E3/E4-multiubiquitylation complex containing CDC-48, UFD-2, and CHN-1; in muscle cells, UNC-45 colocalizes with myosin heavy chain B to thick filaments; in the embryo, UNC-45 colocalizes with NMY-2 at the cell cortex and the cleavage furrow; UNC-45 localization at the cell cortex and cleavage furrow is dependent upon NMY-2.","Armadillo-like helical; Armadillo-type fold; Tetratricopeptide repeat; Tetratricopeptide-like helical domain; UNC-45/Cro1/She4, central domain",III,+,protein_coding,491547,502625,11079,1919,1746,4000,3414,17.32,15.76,33.08,2,2886,7629,562,3450,0,0,11079,0,0,0,0,0,0,0,0,0,0,0,0.0,0.0,0.0,0.0,0.0,0.0,0.0,0.0,0.0,0.0,0,0,1,0,0,0,0,1,0,1,0.0,0.0,0.1311,0.0,0.0,0.0,0.0,0.0903,0.0,0.0903
WBGene00017937,F30H5.3,none available,"Cysteine-rich repeat; EB domain; Lustrin, cysteine-rich repeated; Pancreatic trypsin inhibitor Kunitz domain",III,-,protein_coding,505241,512217,6977,1774,1492,1801,1910,25.43,21.38,46.81,300,4800,1615,262,5362,0,0,6977,0,0,0,0,0,0,0,0,0,0,0,0.0,0.0,0.0,0.0,0.0,0.0,0.0,0.0,0.0,0.0,0,0,0,0,0,0,1,0,0,1,0.0,0.0,0.0,0.0,0.0,0.0,0.0,0.0,0.0,0.1433
WBGene00015155,B0353.1,none available,,III,+,protein_coding,555950,576448,20499,3079,3564,6600,7256,15.02,17.39,32.41,624,1335,19018,204,1701,0,0,20499,0,0,1,0,0,0,0,0,1,0,1,0.0,0.7491,0.0,0.0,0.0,0.0,0.0,0.0488,0.0,0.0488,0,0,0,0,0,0,0,0,0,0,0.0,0.0,0.0,0.0,0.0,0.0,0.0,0.0,0.0,0.0
WBGene00020561,T19C3.3,none available,,III,-,protein_coding,610881,614547,3667,718,641,1129,1179,19.58,17.48,37.06,21,279,3242,125,425,0,0,3667,0,0,0,1,0,0,0,0,1,0,1,0.0,0.0,0.3085,0.0,0.0,0.0,0.0,0.2727,0.0,0.2727,0,0,0,0,0,0,0,0,0,0,0.0,0.0,0.0,0.0,0.0,0.0,0.0,0.0,0.0,0.0
WBGene00016029,elf-1,none available,Ets domain; Winged helix-turn-helix DNA-binding domain,III,+,protein_coding,689169,715822,26654,4882,4926,8350,8496,18.32,18.48,36.8,95,1425,25099,295,1815,0,0,26654,0,0,0,1,0,0,0,0,1,0,1,0.0,0.0,0.0398,0.0,0.0,0.0,0.0,0.0375,0.0,0.0375,0,0,0,0,0,0,0,0,0,0,0.0,0.0,0.0,0.0,0.0,0.0,0.0,0.0,0.0,0.0
WBGene00000895,dac-1,"dac-1 encodes the C. elegans ortholog of Dachshund, a transcriptional regulator first described in Drosophila that is a member of the SKI/SNO/DAC family of proteins; dac-1 is expressed at higher levels in the AFD thermosensory neurons as compared to the AWB olfactory neurons and likely plays a role in thermosensory behavior as on thermal gradients dac-1 mutants fail to suppress cryophilic drive but continue to track isotherms at the cultivation temperature; a DAC-1::GFP fusion protein is nuclear and expressed strongly in the AFD thermosensory neurons, but weakly in the AWC, ASE, and ASK chemosensory neurons; expression is also seen in alae and additional, unidentified tail cells; dac-1 expression in AFD is positively regulated by the TTX-1 OTX-like homeodomain protein.",Putative DNA-binding domain; Transforming protein Ski,III,+,protein_coding,816145,821730,5586,1027,963,1805,1791,18.39,17.24,35.62,478,1263,4107,90,1571,0,0,5586,0,0,0,0,0,0,0,0,0,0,0,0.0,0.0,0.0,0.0,0.0,0.0,0.0,0.0,0.0,0.0,0,0,1,0,0,0,0,1,0,1,0.0,0.0,0.2435,0.0,0.0,0.0,0.0,0.179,0.0,0.179
WBGene00019326,K02F3.2,"The K02F3.2 gene encodes a homolog of human SLC25A13, which when mutated leads to adult onset type II citrullinaemia (OMIM:603471).",EF-hand domain; EF-hand domain pair; Mitochondrial carrier domain; Mitochondrial carrier protein; Mitochondrial substrate/solute carrier,III,+,protein_coding,845841,851344,5504,981,992,1713,1818,17.82,18.02,35.85,20,2151,2289,1068,3239,0,0,5504,0,0,0,0,1,0,0,0,1,0,1,0.0,0.0,0.0,0.9363,0.0,0.0,0.0,0.1817,0.0,0.1817,0,0,0,0,0,0,0,0,0,0,0.0,0.0,0.0,0.0,0.0,0.0,0.0,0.0,0.0,0.0
WBGene00006615,trp-2,"trp-2 encodes a transient receptor potential (TRP) channel that, along with trp-1 and spe-41, constitutes one of three C. elegans TRPC family members; trp-2, along with trp-1, controls nicotine-dependent behavior.","Ankyrin repeat; Ankyrin repeat-containing domain; Ion transport domain; Transient receptor ion channel domain; Transient receptor potential channel; Transient receptor potential channel, canonical",III,+,protein_coding,991881,1001931,10051,1731,1723,3223,3374,17.22,17.14,34.36,0,2661,7542,58,2697,0,0,10051,0,0,0,1,0,0,0,0,1,0,1,0.0,0.0,0.1326,0.0,0.0,0.0,0.0,0.0995,0.0,0.0995,0,0,0,0,0,0,0,0,0,0,0.0,0.0,0.0,0.0,0.0,0.0,0.0,0.0,0.0,0.0
WBGene00022103,cdh-12,"cdh-12 encodes a cadherin; by sequence similarity, CDH-12 is predicted to function in cellular adhesion.",Cadherin; Cadherin-like,III,+,protein_coding,1152044,1181147,29104,5868,6063,8671,8502,20.16,20.83,40.99,0,8739,20184,238,8977,0,0,29104,0,0,0,1,0,0,0,0,1,0,1,0.0,0.0,0.0495,0.0,0.0,0.0,0.0,0.0344,0.0,0.0344,0,0,0,0,0,0,0,0,0,0,0.0,0.0,0.0,0.0,0.0,0.0,0.0,0.0,0.0,0.0
WBGene00022493,mrpl-45,none available,NTF2-like domain; Tim44-like domain,III,-,protein_coding,1196389,1202008,5620,950,940,1793,1937,16.9,16.73,33.63,9,1074,3480,1057,2140,0,0,5620,0,0,0,0,0,0,0,0,0,0,0,0.0,0.0,0.0,0.0,0.0,0.0,0.0,0.0,0.0,0.0,0,1,0,0,0,0,0,1,0,1,0.0,0.9311,0.0,0.0,0.0,0.0,0.0,0.1779,0.0,0.1779
WBGene00003978,pes-4,"pes-4 encodes a protein that contains two type 1 KH domains, RNA-binding domains that are present in a diverse group of nucleic acid-binding proteins; pes-4 was identified in promoter-trapping screens and by homology, is predicted to function as an RNA-binding protein; however, the precise role of PES-4 in C. elegans development and/or behavior is not yet known; a pes-4 reporter is expressed in three rectal epithelial cells from the L1 larval stage through adulthood and is also seen dispersed throughout the pharynx in all postembryonic stages.","K Homology domain; K Homology domain, type 1",III,-,protein_coding,1215995,1230274,14280,2753,2519,4742,4266,19.28,17.64,36.92,53,1299,12236,692,2044,0,0,14280,0,0,0,1,0,0,0,0,1,0,1,0.0,0.0,0.0817,0.0,0.0,0.0,0.0,0.07,0.0,0.07,0,0,0,0,0,0,0,0,0,0,0.0,0.0,0.0,0.0,0.0,0.0,0.0,0.0,0.0,0.0
WBGene00004894,sms-3,none available,Sphingomyelin synthase-like domain,III,-,protein_coding,1583155,1601144,17990,2775,2846,6420,5949,15.43,15.82,31.25,613,1338,16324,314,1950,0,0,17990,0,0,0,0,0,0,0,0,0,0,0,0.0,0.0,0.0,0.0,0.0,0.0,0.0,0.0,0.0,0.0,0,0,1,0,0,0,0,1,0,1,0.0,0.0,0.0613,0.0,0.0,0.0,0.0,0.0556,0.0,0.0556
WBGene00021245,Y22D7AL.6,none available,,III,+,protein_coding,1604926,1606851,1926,334,342,619,631,17.34,17.76,35.1,75,563,1265,37,675,0,0,1926,0,0,0,0,0,0,0,0,0,0,0,0.0,0.0,0.0,0.0,0.0,0.0,0.0,0.0,0.0,0.0,0,1,0,0,0,0,0,1,0,1,0.0,1.7762,0.0,0.0,0.0,0.0,0.0,0.5192,0.0,0.5192
WBGene00002025,hsp-60,"hsp-60 encodes a nuclear-encoded mitochondrion-specific chaperone that is a member of the GroE/Hsp10/60 superfamily of molecular chaperones; hsp-60 is involved in the mitochondrial unfolded protein response, as hsp-60 expression, normally broadly detected during development, is greatly increased in response to treatments that disrupt mitochondrial protein handling; loss of hsp-60 activity via RNAi results in severe growth defects with arrest at embryonic and early larval stages of development.",Chaperone tailless complex polypeptide 1 (TCP-1); Chaperonin Cpn60; Chaperonin Cpn60/TCP-1 family; GroEL-like apical domain; GroEL-like equatorial domain,III,+,protein_coding,1619742,1625803,6062,1093,1141,1926,1902,18.03,18.82,36.85,17,1707,4499,397,2121,0,0,6062,0,0,0,0,0,0,0,0,0,0,0,0.0,0.0,0.0,0.0,0.0,0.0,0.0,0.0,0.0,0.0,0,1,0,0,0,0,0,1,0,1,0.0,0.5858,0.0,0.0,0.0,0.0,0.0,0.165,0.0,0.165
WBGene00021249,Y22D7AL.11,none available,Fukutin-related,III,-,protein_coding,1630781,1634370,3590,870,574,1119,1027,24.23,15.99,40.22,80,1271,2268,37,1388,0,0,3590,0,0,0,0,0,0,0,0,0,0,0,0.0,0.0,0.0,0.0,0.0,0.0,0.0,0.0,0.0,0.0,0,0,1,0,0,0,0,1,0,1,0.0,0.0,0.4409,0.0,0.0,0.0,0.0,0.2786,0.0,0.2786
WBGene00021260,Y22D7AR.6,none available,Inositol polyphosphate kinase,III,-,protein_coding,1672453,1676721,4269,708,698,1496,1367,16.58,16.35,32.94,29,972,2929,339,1340,0,0,4269,0,0,0,0,0,0,0,0,0,0,0,0.0,0.0,0.0,0.0,0.0,0.0,0.0,0.0,0.0,0.0,0,0,1,0,0,0,0,1,0,1,0.0,0.0,0.3414,0.0,0.0,0.0,0.0,0.2342,0.0,0.2342
WBGene00044798,tbx-43,none available,"Transcription factor, T-box; p53-like transcription factor, DNA-binding",III,-,protein_coding,1765407,1770093,4687,794,781,1511,1601,16.94,16.66,33.6,2,918,3716,51,971,0,0,4687,0,0,0,1,0,0,0,0,1,0,1,0.0,0.0,0.2691,0.0,0.0,0.0,0.0,0.2134,0.0,0.2134,0,0,0,0,0,0,0,0,0,0,0.0,0.0,0.0,0.0,0.0,0.0,0.0,0.0,0.0,0.0
WBGene00006513,rimb-1,rimb-1 encodes the C. elegans ortholog of the vertebrate RIM-BP2 RIM (Rab3-interacting protein) binding proteins; rimb-1 is expressed pan-neuronally.,Fibronectin type III; Immunoglobulin-like fold; SH3 domain; Variant SH3 domain,III,+,protein_coding,1788333,1807147,18815,3224,3306,6193,6092,17.14,17.57,34.71,121,3831,14447,417,4369,0,0,18815,0,0,0,1,0,0,0,0,1,0,1,0.0,0.0,0.0692,0.0,0.0,0.0,0.0,0.0531,0.0,0.0531,0,0,0,0,0,0,0,0,0,0,0.0,0.0,0.0,0.0,0.0,0.0,0.0,0.0,0.0,0.0
WBGene00021446,hlh-33,none available,"Myc-type, basic helix-loop-helix (bHLH) domain",III,+,protein_coding,1855392,1859602,4211,724,724,1380,1383,17.19,17.19,34.39,1,1224,2953,33,1258,0,0,4211,0,0,0,0,0,0,0,0,0,0,0,0.0,0.0,0.0,0.0,0.0,0.0,0.0,0.0,0.0,0.0,0,0,1,0,0,0,0,1,0,1,0.0,0.0,0.3386,0.0,0.0,0.0,0.0,0.2375,0.0,0.2375
WBGene00021444,ttc-7,none available,Tetratricopeptide repeat; Tetratricopeptide-like helical domain,III,+,protein_coding,1860429,1877886,17458,2996,3176,5731,5555,17.16,18.19,35.35,9,2916,13647,886,3811,0,0,17458,0,0,0,0,0,0,0,0,0,0,0,0.0,0.0,0.0,0.0,0.0,0.0,0.0,0.0,0.0,0.0,0,0,1,0,0,0,0,1,0,1,0.0,0.0,0.0733,0.0,0.0,0.0,0.0,0.0573,0.0,0.0573
WBGene00021439,ckr-2,none available,"Cholecystokinin receptor; G protein-coupled receptor, rhodopsin-like; Neuropeptide Y receptor family",III,-,protein_coding,2009299,2021595,12297,2190,2024,4169,3914,17.81,16.46,34.27,142,1812,10646,309,2010,0,0,12297,0,0,0,0,0,0,0,0,0,0,0,0.0,0.0,0.0,0.0,0.0,0.0,0.0,0.0,0.0,0.0,0,0,1,0,0,0,0,1,0,1,0.0,0.0,0.0939,0.0,0.0,0.0,0.0,0.0813,0.0,0.0813
WBGene00004088,ppk-2,"ppk-2 encodes a Type II phosphatidylinositol-4-phosphate kinase (PIP4K) that is one of three C. elegans PIP kinase homologs; PPK-2 is predicted to catalyze the phosphorylation of phosphatidylinositol-5-phosphate (PIP) on the 4-OH position to generate PI(4,5)P2; a deletion allele of ppk-2 is viable and does not affect PIP2 levels, suggesting that PPK-2 is not essential for PIP2 production.","Phosphatidylinositol-4-phosphate 5-kinase; Phosphatidylinositol-4-phosphate 5-kinase, C-terminal; Phosphatidylinositol-4-phosphate 5-kinase, N-terminal domain; Phosphatidylinositol-4-phosphate 5-kinase, core",III,+,protein_coding,2102295,2107497,5203,953,988,1715,1547,18.32,18.99,37.31,22,1206,3643,332,1560,0,0,5203,0,0,1,0,0,0,0,0,1,0,1,0.0,0.8292,0.0,0.0,0.0,0.0,0.0,0.1922,0.0,0.1922,0,0,0,0,0,0,0,0,0,0,0.0,0.0,0.0,0.0,0.0,0.0,0.0,0.0,0.0,0.0
WBGene00016524,C39B5.6,none available,"Asn/Gln amidotransferase; Aspartyl/Glutamyl-tRNA(Gln) amidotransferase, subunit B/E, catalytic; Aspartyl/glutamyl-tRNA(Asn/Gln) amidotransferase, B subunit; Aspartyl/glutamyl-tRNA(Asn/Gln) amidotransferase, subunit B /E",III,+,protein_coding,2198006,2206822,8817,1547,1761,2784,2725,17.55,19.97,37.52,13,1521,7223,60,1594,0,0,8817,0,0,0,1,0,0,0,0,1,0,1,0.0,0.0,0.1384,0.0,0.0,0.0,0.0,0.1134,0.0,0.1134,0,0,0,0,0,0,0,0,0,0,0.0,0.0,0.0,0.0,0.0,0.0,0.0,0.0,0.0,0.0
WBGene00021857,iffb-1,none available,"P-loop containing nucleoside triphosphate hydrolase; Small GTP-binding protein domain; Transcription factor, GTP-binding domain; Translation elongation factor EFTu-like, domain 2; Translation initiation factor IF- 2, domain 3; Translation protein, beta-barrel domain",III,+,protein_coding,2314436,2326901,12466,2172,2062,4477,3755,17.42,16.54,33.96,39,3225,8811,391,3655,0,0,12466,0,0,0,0,1,0,0,0,1,0,1,0.0,0.0,0.0,2.5575,0.0,0.0,0.0,0.0802,0.0,0.0802,0,0,0,0,0,0,0,0,0,0,0.0,0.0,0.0,0.0,0.0,0.0,0.0,0.0,0.0,0.0
WBGene00000506,cic-1,none available,"Cyclin, N-terminal; Cyclin-like",III,-,protein_coding,2394325,2401221,6897,1117,816,2362,2602,16.2,11.83,28.03,13,909,5897,78,1000,0,0,6897,0,0,0,0,0,0,0,0,0,0,0,0.0,0.0,0.0,0.0,0.0,0.0,0.0,0.0,0.0,0.0,0,1,0,0,0,0,0,1,0,1,0.0,1.1001,0.0,0.0,0.0,0.0,0.0,0.145,0.0,0.145
WBGene00305818,Y54F10AL.7,none available,,III,+,ncRNA,2479960,2482098,2139,321,401,693,724,15.01,18.75,33.75,0,0,0,0,0,0,0,2139,0,0,0,1,0,0,0,0,1,0,1,0.0,0.0,0.0,0.0,0.0,0.0,0.0,0.4675,0.0,0.4675,0,0,0,0,0,0,0,0,0,0,0.0,0.0,0.0,0.0,0.0,0.0,0.0,0.0,0.0,0.0
WBGene00003941,pbo-1,"pbo-1 encodes a calcium binding protein with homology to calcineurin; pbo-1 was identified in screens for mutations that disrupt the normal defecation cycle; a pbo-1 mutation results in weak or absent posterior body contractions, the first step in the defecation cycle; pbo-1 mutant animals are also slow growing and constipated.",EF-hand domain; EF-hand domain pair,III,-,protein_coding,2681451,2686463,5013,904,991,1436,1682,18.03,19.77,37.8,3,591,4316,103,697,0,0,5013,0,0,0,1,0,0,0,0,1,0,1,0.0,0.0,0.2317,0.0,0.0,0.0,0.0,0.1995,0.0,0.1995,0,0,0,0,0,0,0,0,0,0,0.0,0.0,0.0,0.0,0.0,0.0,0.0,0.0,0.0,0.0
WBGene00022170,cox-6B,none available,"Cytochrome c oxidase, subunit VIb",III,+,protein_coding,2699663,2786859,87197,15116,15159,28238,28684,17.34,17.38,34.72,26,366,86625,180,572,0,0,87197,0,1,0,0,0,0,0,0,1,0,1,38.4615,0.0,0.0,0.0,0.0,0.0,0.0,0.0115,0.0,0.0115,0,0,0,0,0,0,0,0,0,0,0.0,0.0,0.0,0.0,0.0,0.0,0.0,0.0,0.0,0.0
WBGene00002244,laf-1,"laf-1 encodes a DEAD-box RNA helicase; laf-1 is required for embryonic development and sex determination; laf-1 was identified in screens for dominant suppressors of the sterility produced by gain-of-function fem-3 mutations; when homozygous, laf-1 mutations result in embryonic and larval lethality and when heterozygous, feminization of XX and XO animals; reporter gene analyses indicate that wild-type laf-1 activity is required for proper translational repression of tra-2 mRNA via its 3'UTR; when expressed in embryos, LAF-1 localizes predominantly to the cytoplasm with additional localization seen in P granules.","DEAD/DEAH box helicase domain; Helicase superfamily 1/2, ATP-binding domain; Helicase, C-terminal; P-loop containing nucleoside triphosphate hydrolase",III,-,protein_coding,2769356,2779053,9698,1652,1728,3233,3085,17.03,17.82,34.85,35,2127,6041,1495,3657,0,0,9698,0,0,0,0,0,0,0,0,0,0,0,0.0,0.0,0.0,0.0,0.0,0.0,0.0,0.0,0.0,0.0,0,0,0,1,0,0,0,1,0,1,0.0,0.0,0.0,0.6689,0.0,0.0,0.0,0.1031,0.0,0.1031
WBGene00044760,Y71H2AM.25,none available,"Peptidase C1A; Peptidase C1A, papain C-terminal",III,+,protein_coding,2802465,2803681,1217,242,213,419,343,19.88,17.5,37.39,0,900,317,0,900,0,0,1217,0,0,0,0,0,0,0,0,0,0,0,0.0,0.0,0.0,0.0,0.0,0.0,0.0,0.0,0.0,0.0,0,1,0,0,0,0,0,1,0,1,0.0,1.1111,0.0,0.0,0.0,0.0,0.0,0.8217,0.0,0.8217
WBGene00022189,Y71H2AR.2,none available,"Peptidase C1A; Peptidase C1A, papain C-terminal",III,-,protein_coding,2839120,2840927,1808,300,350,554,604,16.59,19.36,35.95,0,900,873,35,935,0,0,1808,0,0,1,0,0,0,0,0,1,0,1,0.0,1.1111,0.0,0.0,0.0,0.0,0.0,0.5531,0.0,0.5531,0,0,0,0,0,0,0,0,0,0,0.0,0.0,0.0,0.0,0.0,0.0,0.0,0.0,0.0,0.0
WBGene00019994,cdh-1,"cdh-1 encodes a cadherin that is similar, in the extracellular domain, to the Drosophila cadherin Dachsous (Ds); although the precise role of cdh-1 in C. elegans development and/or behavior is not yet known, loss of cdh-1 activity via RNAi using the hypersensitive rrf-3 strain can result in locomotion and growth defects, as well as larval lethality.",Cadherin; Cadherin-like,III,+,protein_coding,2910906,2935961,25056,5243,4705,7671,7437,20.93,18.78,39.7,64,8340,16248,404,8808,0,0,25056,0,0,0,0,0,0,0,0,0,0,0,0.0,0.0,0.0,0.0,0.0,0.0,0.0,0.0,0.0,0.0,0,0,1,0,0,0,0,1,0,1,0.0,0.0,0.0615,0.0,0.0,0.0,0.0,0.0399,0.0,0.0399
WBGene00020100,mks-1,"mks-1 encodes, by alternative splicing, two isoforms of an ortholog of  human MKS1, and is paralogous to  MKRS-1 and MKRS-2; MKS-1 is redundantly required with NPH-4 for roughly  normal foraging, and with both NPH-1 and NPH-4 for cilia formation;  MKS-1 is expressed in a subset of amphid and inner labial neurons, in a  DAF-19-dependent manner; MKS-1 forms a complex with MKRS-1 and MKRS-2 at  the base of cilia, requires MKRS-1 and MKRS-2 for localization to the  transistion zone, and is coexpressed with these proteins in ciliated  sensory neurons; mks-1(RNAi) suppresses the normal egg-laying defect of  egl-9 mutants.",B9 domain,III,+,protein_coding,3186280,3191307,5028,931,847,1618,1632,18.52,16.85,35.36,420,1377,3143,88,1885,0,0,5028,0,0,0,0,0,0,0,1,0,0,1,0.0,0.0,0.0,0.0,0.0,0.0,0.0,0.0,0.0,0.1989,0,0,0,0,0,0,0,0,0,0,0.0,0.0,0.0,0.0,0.0,0.0,0.0,0.0,0.0,0.0
WBGene00021816,Y53G8AR.9,none available,"Zinc finger, CCCH-type",III,-,protein_coding,3317725,3321245,3521,644,620,1113,1144,18.29,17.61,35.9,0,948,1513,1060,2008,0,0,3521,0,0,0,0,0,0,0,0,0,0,0,0.0,0.0,0.0,0.0,0.0,0.0,0.0,0.0,0.0,0.0,0,1,0,0,0,0,0,1,0,1,0.0,1.0549,0.0,0.0,0.0,0.0,0.0,0.284,0.0,0.284
WBGene00010450,metl-18,none available,Lysine methyltransferase; S-adenosyl-L-methionine-dependent methyltransferase,III,+,protein_coding,3425738,3428094,2357,423,359,782,793,17.95,15.23,33.18,3,690,1578,86,779,0,0,2357,0,0,0,0,0,0,0,0,0,0,0,0.0,0.0,0.0,0.0,0.0,0.0,0.0,0.0,0.0,0.0,0,0,1,0,0,0,0,1,0,1,0.0,0.0,0.6337,0.0,0.0,0.0,0.0,0.4243,0.0,0.4243
WBGene00004213,ptp-1,"ptp-1 encodes a non-receptor tyrosine phosphatase containing Band 4.1 and PDZ domains that may function in linking cytoplasmic proteins and signaling molecules to sites on the plasma membrane; by homology, PTP-1 is predicted to function in cell signaling.","Band 4.1 domain; FERM adjacent (FA); FERM central domain; FERM, C-terminal PH-like domain; FERM, N-terminal; FERM/acyl-CoA-binding protein, 3-helical bundle; PDZ domain; PH domain-like; PTP type protein phosphatase; Protein-tyrosine phosphatase, catalytic; Protein-tyrosine phosphatase, non-receptor type-3, -4; Protein-tyrosine phosphatase-like; Ubiquitin-related domain",III,+,protein_coding,3590722,3611971,21250,3698,4155,6415,6982,17.4,19.55,36.96,116,3244,17714,407,3767,0,0,21250,0,0,0,1,0,0,0,0,1,0,1,0.0,0.0,0.0565,0.0,0.0,0.0,0.0,0.0471,0.0,0.0471,0,0,0,0,0,0,0,0,0,0,0.0,0.0,0.0,0.0,0.0,0.0,0.0,0.0,0.0,0.0
WBGene00004765,sel-8,"sel-8 encodes a nuclear protein required for GLP-1 and LIN-12 signalling, that is analogous to (and may be homologous to) Drosophila MASTERMIND and its mammalian orthologs; SEL-8 (also known as LAG-3) forms a ternary complex with LAG-1/Su(H) and the intracellular domain of either GLP-1 or LIN-12; like MAM, SEL-8 is glutamine- and proline-rich; SEL-8 contains a novel motif shared with W09C5.1 and orthologs of W09C5.1 in S. cerevisiae (YER126c), Drosophila (DMIP259), and also has two prominent glutamine-rich domains.",Transcription activator LAG-3,III,-,protein_coding,3612951,3627142,14192,2743,2344,4697,4408,19.33,16.52,35.84,32,1473,12345,352,1847,0,0,14192,0,0,0,0,0,0,0,0,0,0,0,0.0,0.0,0.0,0.0,0.0,0.0,0.0,0.0,0.0,0.0,0,0,1,0,0,0,0,1,0,1,0.0,0.0,0.081,0.0,0.0,0.0,0.0,0.0705,0.0,0.0705
WBGene00219563,linc-95,none available,,III,-,lincRNA,3633005,3635788,2784,466,567,768,983,16.74,20.37,37.1,0,0,0,0,866,0,0,2784,0,0,0,1,0,0,0,0,1,0,1,0.0,0.0,0.0,0.0,0.0,0.0,0.0,0.3592,0.0,0.3592,0,0,0,0,0,0,0,0,0,0,0.0,0.0,0.0,0.0,0.0,0.0,0.0,0.0,0.0,0.0
WBGene00007860,rilp-1,none available,"JNK/Rab-associated protein-1, N-terminal; Rab interacting lysosomal protein, dimerization domain",III,+,protein_coding,3636144,3643679,7536,1146,1106,2727,2557,15.21,14.68,29.88,252,1281,5871,332,1865,0,0,7536,0,0,0,0,0,0,0,0,0,0,0,0.0,0.0,0.0,0.0,0.0,0.0,0.0,0.0,0.0,0.0,0,0,1,0,0,0,0,1,0,1,0.0,0.0,0.1703,0.0,0.0,0.0,0.0,0.1327,0.0,0.1327
WBGene00007966,maph-1.3,none available,,III,+,protein_coding,3844893,3848556,3664,828,909,991,936,22.6,24.81,47.41,0,2625,745,294,2919,0,0,3664,0,0,0,0,0,0,0,1,0,0,1,0.0,0.0,0.0,0.0,0.0,0.0,0.0,0.0,0.0,0.2729,0,0,0,0,0,0,0,0,0,0,0.0,0.0,0.0,0.0,0.0,0.0,0.0,0.0,0.0,0.0
WBGene00006575,tir-1,"tir-1 encodes a Toll-Interleukin 1 Receptor (TIR) domain adaptor protein that is the C. elegans ortholog of human SARM (sterile alpha and armadillo repeats); tir-1 is required for innate immunity, as loss of tir-1 activity results in increased susceptibility to infection; tir-1 also functions in a lateral signaling pathway that specifies neuronal identity and is required for proper localization of NSY-1/MAPKKK to post-synaptic regions; TIR-1 physically interacts with a number of proteins, including UNC-43/CaMKII, the RAB-1 GTPase, and the ATP synthase f subunit encoded by R53.4; TIR-1 is expressed in neurons and localizes to post-synaptic regions of axons.",Armadillo-like helical; Armadillo-type fold; Sterile alpha motif domain; Sterile alpha motif/pointed domain; Toll/interleukin-1 receptor homology (TIR) domain,III,-,protein_coding,3869590,3901642,32053,6471,5371,10374,9837,20.19,16.76,36.95,4402,3563,28350,593,6061,0,0,32053,0,0,0,0,0,0,0,0,0,0,0,0.0,0.0,0.0,0.0,0.0,0.0,0.0,0.0,0.0,0.0,0,0,1,0,0,0,0,1,0,1,0.0,0.0,0.0353,0.0,0.0,0.0,0.0,0.0312,0.0,0.0312
WBGene00003423,msi-1,none available,RNA recognition motif domain,III,-,protein_coding,3964648,3976391,11744,2240,1984,3907,3613,19.07,16.89,35.97,253,963,9481,1048,2264,0,0,11744,0,0,0,1,0,0,0,0,1,0,1,0.0,0.0,0.1055,0.0,0.0,0.0,0.0,0.0851,0.0,0.0851,0,0,0,0,0,0,0,0,0,0,0.0,0.0,0.0,0.0,0.0,0.0,0.0,0.0,0.0,0.0
WBGene00002202,kin-19,"kin-19 encodes a serine/threonine kinase orthologous to Casein Kinase I (CKI); in the early embryo, kin-19 is a component of both the non-canonical Wnt signaling pathway that regulates endoderm formation in the early embryo as well as the Wnt spindle orientation pathway; during larval development, kin-19 functions in a non-canonical Wnt signaling pathway to control asymmetric division and fate specification in epidermal seam cells; kin-19 also functions with, or in parallel to, the heterochronic pathway to regulate loss of self-renewal and terminal differentiation of epidermal seam cells;  KIN-19 localizes to centrosomes, the cytoplasm, and the nucleus.",Protein kinase domain; Protein kinase-like domain,III,-,protein_coding,4083994,4086636,2643,564,456,860,763,21.34,17.25,38.59,86,1026,741,796,1908,0,0,2643,0,0,0,0,0,0,0,0,0,0,0,0.0,0.0,0.0,0.0,0.0,0.0,0.0,0.0,0.0,0.0,0,1,0,0,0,0,0,1,0,1,0.0,0.9747,0.0,0.0,0.0,0.0,0.0,0.3784,0.0,0.3784
WBGene00006830,unc-103,"unc-103 encodes an ether-a-go-go-related (ERG) K+ channel homolog, orthologous to human KCNH6 (OMIM:608168); UNC-103 regulates muscle activation in motility, egg-laying and male spicule protraction; UNC-103 is expressed highly in many neurons; gain-of-function unc-103 alleles can be uncoordinated, while loss-of-function alleles have a more subtle defect in copulatory spicule protraction.","Cyclic nucleotide-binding domain; Cyclic nucleotide-binding-like; Ion transport domain; Potassium channel, voltage-dependent, EAG/ELK/ERG; Potassium channel, voltage-dependent, ERG; Potassium voltage-gated channel subfamily H member 6; RmlC-like jelly roll fold",III,+,protein_coding,4115385,4147278,31894,5466,6195,9409,10824,17.14,19.42,36.56,225,3788,29065,1030,4786,0,0,31894,0,0,0,1,0,0,0,0,1,0,1,0.0,0.0,0.0344,0.0,0.0,0.0,0.0,0.0314,0.0,0.0314,0,0,0,0,0,0,0,0,0,0,0.0,0.0,0.0,0.0,0.0,0.0,0.0,0.0,0.0,0.0
WBGene00011206,R10E4.11,none available,,III,-,protein_coding,4296517,4301039,4523,765,752,1454,1552,16.91,16.63,33.54,15,1172,2378,969,2156,0,0,4523,0,0,0,0,0,0,0,0,0,0,0,0.0,0.0,0.0,0.0,0.0,0.0,0.0,0.0,0.0,0.0,0,1,0,0,0,0,0,1,0,1,0.0,0.8532,0.0,0.0,0.0,0.0,0.0,0.2211,0.0,0.2211
WBGene00017805,F26A1.7,none available,,III,-,protein_coding,4815820,4819943,4124,743,755,1418,1208,18.02,18.31,36.32,150,1171,2746,220,1541,0,0,4124,0,0,0,0,0,0,0,0,0,0,0,0.0,0.0,0.0,0.0,0.0,0.0,0.0,0.0,0.0,0.0,0,0,1,0,0,0,0,1,0,1,0.0,0.0,0.3642,0.0,0.0,0.0,0.0,0.2425,0.0,0.2425
WBGene00006736,ulp-1,"ulp-1 encodes a SUMO protease; by homology, ULP-1 is predicted to function in removal of SUMO ubiquitin-like molecules from tagged proteins; expression of a chimeric SOP-2::GFP::ULP-1 protein results in aberrant localization of SOP-2, suggesting that: 1) ULP-1 functions in vivo to remove SUMO moieties from SOP-2 and 2) sumoylation is important for SOP-2 localization to nuclear bodies.","Ulp1 protease family, C-terminal catalytic domain",III,-,protein_coding,5165659,5169799,4141,718,736,1291,1396,17.34,17.77,35.11,60,2094,1367,620,2774,0,0,4141,0,0,0,0,0,0,0,0,0,0,0,0.0,0.0,0.0,0.0,0.0,0.0,0.0,0.0,0.0,0.0,0,0,1,0,0,0,0,1,0,1,0.0,0.0,0.7315,0.0,0.0,0.0,0.0,0.2415,0.0,0.2415
WBGene00019628,pup-2,"pup-2 encodes a template-independent poly(U) polymerase with 3'' end RNAsubstrates, orthologous to human ZCCHC6 and ZCCHC11, and paralogous toCID-1; like its paralog CID-1, PUP-2 is required for normally rapidgrowth and normally short lifespan; pup-2(RNAi) animals are slow-growingand abnormally long-lived; PUP-2 is paralogous to the GLD-2 family ofpoly(A) polymerases.",PAP/25A-associated,III,+,protein_coding,5185920,5188587,2668,475,555,789,849,17.8,20.8,38.61,96,1527,343,702,2325,0,0,2668,0,0,1,0,0,0,0,0,1,0,1,0.0,0.6549,0.0,0.0,0.0,0.0,0.0,0.3748,0.0,0.3748,0,0,0,0,0,0,0,0,0,0,0.0,0.0,0.0,0.0,0.0,0.0,0.0,0.0,0.0,0.0
WBGene00022664,ZK121.2,none available,R3H domain,III,+,protein_coding,5341682,5344259,2578,547,539,823,669,21.22,20.91,42.13,8,1677,880,13,1698,0,0,2578,0,0,0,0,1,0,0,0,1,0,1,0.0,0.0,0.0,76.9231,0.0,0.0,0.0,0.3879,0.0,0.3879,0,0,0,0,0,0,0,0,0,0,0.0,0.0,0.0,0.0,0.0,0.0,0.0,0.0,0.0,0.0
WBGene00001042,dnj-24,This gene encodes a protein containing a DnaJ ('J') domain.,DnaJ domain,III,-,protein_coding,5415583,5424083,8501,1508,1316,2968,2709,17.74,15.48,33.22,239,750,6960,552,1541,0,0,8501,0,0,0,0,0,0,0,0,0,0,0,0.0,0.0,0.0,0.0,0.0,0.0,0.0,0.0,0.0,0.0,0,1,0,0,0,0,0,1,0,1,0.0,1.3333,0.0,0.0,0.0,0.0,0.0,0.1176,0.0,0.1176
WBGene00017031,D1044.6,none available,,III,-,protein_coding,5535660,5543177,7518,1391,1457,2336,2334,18.5,19.38,37.88,42,3021,3912,543,3606,0,0,7518,0,0,0,0,0,0,0,0,0,0,0,0.0,0.0,0.0,0.0,0.0,0.0,0.0,0.0,0.0,0.0,0,1,0,0,0,0,0,1,0,1,0.0,0.331,0.0,0.0,0.0,0.0,0.0,0.133,0.0,0.133
WBGene00044411,R12B2.8,none available,,III,+,protein_coding,5823917,5828651,4735,871,885,1427,1552,18.39,18.69,37.09,40,243,4237,215,498,0,0,4735,0,0,0,0,0,0,0,0,0,0,0,0.0,0.0,0.0,0.0,0.0,0.0,0.0,0.0,0.0,0.0,0,0,1,0,0,0,0,1,0,1,0.0,0.0,0.236,0.0,0.0,0.0,0.0,0.2112,0.0,0.2112
WBGene00017773,dct-6,none available,WD40-repeat-containing domain; WD40/YVTN repeat-like-containing domain,III,+,protein_coding,5966413,5971511,5099,940,824,1672,1663,18.43,16.16,34.6,3,2772,2141,207,2982,0,0,5099,0,0,0,0,0,0,0,0,0,0,0,0.0,0.0,0.0,0.0,0.0,0.0,0.0,0.0,0.0,0.0,0,1,0,0,0,0,0,1,0,1,0.0,0.3608,0.0,0.0,0.0,0.0,0.0,0.1961,0.0,0.1961
WBGene00004102,pqn-10,"PQN-10 encodes an unfamiliar protein, with limited similarity to F27B3.6, that has a glutamine/asparagine-rich domain.",,III,+,protein_coding,6528202,6530517,2316,398,345,826,747,17.18,14.9,32.08,23,672,1470,151,846,0,0,2316,0,0,0,0,0,0,0,0,0,0,0,0.0,0.0,0.0,0.0,0.0,0.0,0.0,0.0,0.0,0.0,0,1,0,0,0,0,0,1,0,1,0.0,1.4881,0.0,0.0,0.0,0.0,0.0,0.4318,0.0,0.4318
WBGene00006498,ten-1,"ten-1 encodes a type II transmembrane protein containing EGF-like repeats that is the C. elegans ortholog of Drosophila Ten-m/Odz and vertebrate teneurins (OMIM:300588); in C. elegans, TEN-1 is required for proper development of the gonadal and pharyngeal basement membranes and for proper axonal placement and hypodermal morphogenesis; ten-1 and phy-1 act in parallel influencing the connection between epidermis and muscle during embryonic development; TEN-1 acts as an epidermal receptor for the BM collagens modified by PHY-1 and secreted by the muscle cells; loss of P4H function in ten-1 null mutants results in embryonic lethality due to arrest during late elongation with morphological defects; ten-1; phy-1 embryos have defects in epidermal development and body wall muscles due to basement membrane defects in arrested embryos; TEN-1 is expressed in the embryo and in multiple tissues during postembryonic development including the somatic gonad founder cells Z1 and Z4 and their descendants, as well as in six marginal cells and the M2 neurons in the pharynx; in the embryo, ten-1 expression overlaps with that of lat-1 in the dorsal left epidermoblasts; as ten-1 and lat-1 also display genetic interactions during embryonic development, the overlapping expression patterns suggest that these two genes have overlapping functions during embryogenesis.","EGF-like domain; Quinoprotein amine dehydrogenase, beta chain-like; Six-bladed beta-propeller, TolB-like; Tox-GHH domain",III,+,protein_coding,6820935,6847397,26463,4874,5242,7791,8556,18.42,19.81,38.23,881,8539,17335,614,9423,0,0,26463,0,0,0,1,0,0,0,0,1,0,1,0.0,0.0,0.0577,0.0,0.0,0.0,0.0,0.0378,0.0,0.0378,0,0,0,0,0,0,0,0,0,0,0.0,0.0,0.0,0.0,0.0,0.0,0.0,0.0,0.0,0.0
WBGene00015156,cwf-19L2,none available,"Cwf19-like protein, C-terminal domain-2; Cwf19-like, C-terminal domain-1",III,+,protein_coding,7293634,7308355,14722,2572,2463,5047,4640,17.47,16.73,34.2,2,1383,13248,89,1474,0,0,14722,0,0,0,0,0,0,0,0,0,0,0,0.0,0.0,0.0,0.0,0.0,0.0,0.0,0.0,0.0,0.0,0,1,0,0,0,0,0,1,0,1,0.0,0.7231,0.0,0.0,0.0,0.0,0.0,0.0679,0.0,0.0679
WBGene00018953,F56C9.10,none available,WD40-repeat-containing domain; WD40/YVTN repeat-like-containing domain,III,-,protein_coding,7329705,7335316,5612,1159,996,1695,1762,20.65,17.75,38.4,199,3108,1806,520,3827,0,0,5612,0,0,0,0,0,0,0,0,0,0,0,0.0,0.0,0.0,0.0,0.0,0.0,0.0,0.0,0.0,0.0,0,0,1,0,0,0,0,1,0,1,0.0,0.0,0.5537,0.0,0.0,0.0,0.0,0.1782,0.0,0.1782
WBGene00017274,F08F8.9,none available,,III,-,protein_coding,7349291,7353971,4681,839,749,1462,1631,17.92,16.0,33.92,18,1881,2874,241,2016,0,0,4681,0,0,0,0,0,0,0,0,0,0,0,0.0,0.0,0.0,0.0,0.0,0.0,0.0,0.0,0.0,0.0,0,0,1,0,0,0,0,1,0,1,0.0,0.0,0.3479,0.0,0.0,0.0,0.0,0.2136,0.0,0.2136
WBGene00020605,lgc-50,none available,Gamma-aminobutyric acid A receptor/Glycine receptor alpha; Neurotransmitter-gated ion-channel; Neurotransmitter-gated ion-channel ligand-binding domain; Neurotransmitter-gated ion-channel transmembrane domain,III,-,protein_coding,7391090,7395454,4365,751,715,1535,1364,17.21,16.38,33.59,70,1476,2151,668,2214,0,0,4365,0,0,0,0,0,0,0,0,0,0,0,0.0,0.0,0.0,0.0,0.0,0.0,0.0,0.0,0.0,0.0,0,1,0,0,0,0,0,1,0,1,0.0,0.6775,0.0,0.0,0.0,0.0,0.0,0.2291,0.0,0.2291
WBGene00001503,fum-1,"fum-1 is orthologous to human FUMARASE (FH; OMIM:136850), which when mutated leads to fumarase deficiency; FUM-1A and FUM-1B are predicted to be mitochondrial.","Fumarase C, C-terminal; Fumarase/histidase, N-terminal; Fumarate hydratase, class II; Fumarate lyase family; Fumarate lyase, N-terminal; L-Aspartase-like",III,+,protein_coding,7465605,7467640,2036,424,468,584,560,20.83,22.99,43.81,0,1506,357,173,1679,0,0,2036,0,0,1,0,0,0,0,0,1,0,1,0.0,0.664,0.0,0.0,0.0,0.0,0.0,0.4912,0.0,0.4912,0,0,0,0,0,0,0,0,0,0,0.0,0.0,0.0,0.0,0.0,0.0,0.0,0.0,0.0,0.0
WBGene00020049,ttr-8,R13A5.6 encodes a protein containing a predicted signal sequence followed by a transthyretin-like domain; the product of R13A5.6 belongs to a family of apparently nematode-specific proteins whose function is not yet known; an R13A5.6::GFP promoter fusion directs expression outside of the nervous system.,Transthyretin-like,III,-,protein_coding,7564500,7565347,848,137,161,258,292,16.16,18.99,35.14,2,417,374,55,474,0,0,848,0,0,0,1,0,0,0,0,1,0,1,0.0,0.0,2.6738,0.0,0.0,0.0,0.0,1.1792,0.0,1.1792,0,0,0,0,0,0,0,0,0,0,0.0,0.0,0.0,0.0,0.0,0.0,0.0,0.0,0.0,0.0
WBGene00003559,ncl-1,"ncl-1 encodes a cytoplasmic B-box zinc finger protein that negatively regulates rRNA and 5S RNA transcription, nucleolus size, and body size; NCL-1 is orthologous to Drosophila BRAIN TUMOR (BRAT), and ncl-1 mutants can be rescued by brat transgenes; NCL-1 is required for the normally small size of neuronal, muscle, and hypodermal nucleoli, and is already active in 4-cell embryos; NCL-1 may be a repressor of RNA polymerase I and III transcription and an inhibitor of cell growth, based on mutant analysis; ncl-1 animals have much larger neuronal nucleoli than normal, somewhat larger muscle and hypodermal nucleoli, but essentially normal intestinal and germline nucleoli (the last of which are large even in wild-type animals); conversely, intestinal and germline cells have the lowest amounts of NCL-1 protein; ncl-1 animals are 9% larger, have 22% more protein and twice as much rRNA, and transcribe rRNA twice as much as wild-type worms; ncl-1 functions cell autonomously, and ncl-1 mutations suppress the tumorous germline phenotype of pro-1(na48) mutants.","B-box, C-terminal; B-box-type zinc finger; NHL repeat; Six-bladed beta-propeller, TolB-like; Zinc finger, C3HC4 RING-type; Zinc finger, RING-type; Zinc finger, RING/FYVE/PHD-type",III,+,protein_coding,7719729,7738105,18377,3392,3750,5059,6176,18.46,20.41,38.86,460,2949,13621,1754,4805,0,0,18377,0,0,0,1,0,0,0,0,1,0,1,0.0,0.0,0.0734,0.0,0.0,0.0,0.0,0.0544,0.0,0.0544,0,0,0,0,0,0,0,0,0,0,0.0,0.0,0.0,0.0,0.0,0.0,0.0,0.0,0.0,0.0
WBGene00017321,F09G8.7,none available,,III,-,protein_coding,8267921,8268355,435,98,64,116,157,22.53,14.71,37.24,1,303,105,26,330,0,0,435,0,0,0,0,0,0,0,0,0,0,0,0.0,0.0,0.0,0.0,0.0,0.0,0.0,0.0,0.0,0.0,0,1,0,0,0,0,0,1,0,1,0.0,3.3003,0.0,0.0,0.0,0.0,0.0,2.2989,0.0,2.2989
WBGene00003243,mig-10,"mig-10 encodes proteins that contain, from N- to C-terminus, an RA-like (Ras association) domain, a PH (pleckstrin homology) domain, and a proline-rich motif, and that are homologous to the vertebrate RIAM, lamellopodin, and Grb7, Grb10, and Grb14 cytoplasmic adaptor proteins; during development, mig-10 activity is required for cell migration and for outgrowth of axons and excretory cell canals; in regulating axon outgrowth, MIG-10 likely functions downstream of UNC-6/Netrin and SLT-1/Slit and in concert with UNC-34, with which it interacts in vitro; MIG-10 also physically interacts with ABI-1 (Abelson interactor-1); mig-10::gfp reporter fusions are expressed in neurons as well as in pharyngeal and intestinal tissue; when expressed in tissue culture cells, a MIG-10::GFP fusion protein colocalizes with F-actin and promotes lamellipodia formation.",PH domain-like; Pleckstrin homology domain; Ras-associating (RA) domain; Ubiquitin-related domain,III,+,protein_coding,8279101,8305837,26737,4242,5126,8076,9293,15.87,19.17,35.04,366,2401,24124,266,2697,0,0,26737,0,0,0,0,0,0,0,0,0,0,0,0.0,0.0,0.0,0.0,0.0,0.0,0.0,0.0,0.0,0.0,0,0,1,0,0,0,0,1,0,1,0.0,0.0,0.0415,0.0,0.0,0.0,0.0,0.0374,0.0,0.0374
WBGene00044588,ZK1236.9,"ZK1236.9 encodes a protein with no obvious non-nematode homologs; eitherZK1236.9, or ZK1236.5, or both proteins weakly inhibit DHC-1 in vivo;   likewise, either ZK1236.9, or ZK1236.5, or both proteins are required inmass RNAi assays for normal osmoregulation and normally rapid growth.",,III,-,protein_coding,8432449,8435174,2726,455,446,896,929,16.69,16.36,33.05,13,633,1906,179,820,0,0,2726,0,0,0,1,0,0,0,0,1,0,1,0.0,0.0,0.5247,0.0,0.0,0.0,0.0,0.3668,0.0,0.3668,0,0,0,0,0,0,0,0,0,0,0.0,0.0,0.0,0.0,0.0,0.0,0.0,0.0,0.0,0.0
WBGene00195371,C30C11.5,none available,,III,-,ncRNA,8457401,8457592,192,41,51,51,49,21.35,26.56,47.92,0,0,0,0,192,0,0,192,0,0,0,1,0,0,0,0,1,0,1,0.0,0.0,0.0,0.0,0.0,0.0,0.0,5.2083,0.0,5.2083,0,0,0,0,0,0,0,0,0,0,0.0,0.0,0.0,0.0,0.0,0.0,0.0,0.0,0.0,0.0
WBGene00198456,C30C11.10,none available,,III,-,ncRNA,8465861,8466124,264,73,59,58,74,27.65,22.35,50.0,0,0,0,0,264,0,0,264,0,0,0,1,0,0,0,0,1,0,1,0.0,0.0,0.0,0.0,0.0,0.0,0.0,3.7879,0.0,3.7879,0,0,0,0,0,0,0,0,0,0,0.0,0.0,0.0,0.0,0.0,0.0,0.0,0.0,0.0,0.0
WBGene00015418,pac-1,"pac-1 encodes a RhoGAP (Rho guanosine triphosphatase (GTPase) activating protein); in the embryo, PAC-1 is essential for establishment of radial (inner-outer) asymmetry and specifically, for differential localization of PAR-6, PAR-3, and PKC-3 to outer somatic cell surfaces devoid of cell-cell contacts; in regulating PAR protein localization, PAC-1 appears to act by spatially regulating activity of the CDC-42 Rho GTPase which can bind PAR-6 and is required, genetically, for PAR-6 localization to the outer cell surface; a PAC-1::GFP fusion protein expressed in the early embryo and in cultured embryos localizes to points of cell-cell contact.",PH domain-like; Pleckstrin homology domain; Rho GTPase activation protein; Rho GTPase-activating protein domain,III,+,protein_coding,8495008,8518916,23909,4011,4610,7377,7911,16.78,19.28,36.06,247,4914,18481,642,5672,0,0,23909,0,0,0,0,0,0,0,1,0,0,1,0.0,0.0,0.0,0.0,0.0,0.0,0.0,0.0,0.0,0.0418,0,0,0,0,0,0,0,0,0,0,0.0,0.0,0.0,0.0,0.0,0.0,0.0,0.0,0.0,0.0
WBGene00014033,arrd-15,none available,"Arrestin C-terminal-like domain; Arrestin-like, N-terminal; Immunoglobulin E-set",III,+,protein_coding,8930023,8936746,6724,1187,1171,2214,2152,17.65,17.42,35.07,277,1254,5548,89,1620,0,0,6724,0,0,0,0,0,0,0,1,0,0,1,0.0,0.0,0.0,0.0,0.0,0.0,0.0,0.0,0.0,0.1487,0,0,0,0,0,0,0,0,0,0,0.0,0.0,0.0,0.0,0.0,0.0,0.0,0.0,0.0,0.0
WBGene00014035,seb-2,"ZK643.3 encodes a transmembrane protein with similarity to the secretin family of G-protein-coupled receptors; unlike other members of this family, however, the product of ZK643.3 contains six, rather than seven, predicted transmembrane domains; expression pattern screens using lacZ reporter fusions reveal ZK643.3 expression in head muscles, the vm1 vulval muscles, and an unidentified cell(s) in the anal region.","GPCR, family 2, extracellular hormone receptor domain; GPCR, family 2, secretin-like",III,+,protein_coding,8944686,8952953,8268,1443,1484,2608,2733,17.45,17.95,35.4,129,1569,6413,157,1855,0,0,8268,0,0,1,0,0,0,0,0,1,0,1,0.0,0.6373,0.0,0.0,0.0,0.0,0.0,0.1209,0.0,0.1209,0,0,0,0,0,0,0,0,0,0,0.0,0.0,0.0,0.0,0.0,0.0,0.0,0.0,0.0,0.0
WBGene00014036,ZK643.5,none available,,III,-,protein_coding,8952886,8956196,3311,596,625,965,1125,18.0,18.88,36.88,12,1464,1762,73,1549,0,0,3311,0,0,0,0,0,0,0,0,0,0,0,0.0,0.0,0.0,0.0,0.0,0.0,0.0,0.0,0.0,0.0,0,0,1,0,0,0,0,1,0,1,0.0,0.0,0.5675,0.0,0.0,0.0,0.0,0.302,0.0,0.302
WBGene00000549,cls-2,"cls-2 encodes one of three predicted orthologs of mammalian CLASPs and of Drosophila ORBIT/MAST, microtubule-binding proteins required for fibroblast polarization and mitosis; cls-2 is required in mass RNAi assays for embryonic development and normal mitotic spindles; it has been claimed that, in an RNAi screen of potential microtubule tip-binding proteins, only cls-2(RNAi) yielded embryonic lethality and meiotic defects.",Armadillo-like helical; Armadillo-type fold; CLASP N-terminal domain,III,+,protein_coding,9055048,9058895,3848,833,899,1056,1060,21.65,23.36,45.01,4,3072,512,269,3345,0,0,3848,0,0,0,1,0,0,0,0,1,0,1,0.0,0.0,1.9531,0.0,0.0,0.0,0.0,0.2599,0.0,0.2599,0,0,0,0,0,0,0,0,0,0,0.0,0.0,0.0,0.0,0.0,0.0,0.0,0.0,0.0,0.0
WBGene00013985,sec-16A.1,"sec-16 encodes a scaffolding protein homologous to human SEC-16A (OMIM: 612854); SEC-16 directly interacts with TFG-1; SEC-16 localizes to endoplasmic reticulum exit sites with both TFG-1 and COPII machinery; levels of SEC-16 correlates with those of TFG-1, regardless of whether they were high or low SEC-16 requires TFG-1 to accumulate normally and TFG-1 requires SEC-16 for its localization on endoplasmic reticulum exit sites; normal assembly of large complexes containing SEC-16 and COPII subunits is facilitated by TFG-1 hexamers; SEC-16 on endoplasmic reticulum exit sites can continue to recruit COPII components in the absence of TFG-1, although to lower levels; Sec16 interacts with the N terminus of TFG in an evolutionarily conserved manner. SEC-16 is detectable at the two-cell stage of embryogenesis and expression continues throughout embryogenesis, punctated pattern in cytoplasm colocalizing with mitochondrial COX1.","Ancestral coatomer element 1, Sec16/Sec31; COPII coat assembly protein, Sec16; Sec16, central conserved domain",III,+,protein_coding,9125839,9130807,4969,963,1091,1491,1424,19.38,21.96,41.34,0,3699,965,305,4004,0,0,4969,0,0,0,0,0,0,0,1,0,0,1,0.0,0.0,0.0,0.0,0.0,0.0,0.0,0.0,0.0,0.2012,0,0,0,0,0,0,0,0,0,0,0.0,0.0,0.0,0.0,0.0,0.0,0.0,0.0,0.0,0.0
WBGene00004343,rgr-1,none available,"Mediator complex, subunit Med14",III,+,protein_coding,9393730,9404541,10812,1912,1892,3543,3465,17.68,17.5,35.18,326,4167,6155,182,4675,0,0,10812,0,0,0,0,0,0,0,0,0,0,0,0.0,0.0,0.0,0.0,0.0,0.0,0.0,0.0,0.0,0.0,0,0,1,0,0,0,0,1,0,1,0.0,0.0,0.1625,0.0,0.0,0.0,0.0,0.0925,0.0,0.0925
WBGene00206420,T26G10.7,none available,,III,-,pseudogene,9408963,9409751,789,183,156,236,214,23.19,19.77,42.97,0,0,0,0,0,0,0,789,0,0,0,0,0,0,0,0,0,0,0,0.0,0.0,0.0,0.0,0.0,0.0,0.0,0.0,0.0,0.0,0,1,0,0,0,0,0,1,0,1,0.0,0.0,0.0,0.0,0.0,0.0,0.0,1.2674,0.0,1.2674
WBGene00006579,tlk-1,"tlk-1 encodes, through alternative splicing, two isoforms of a Tousled-class serine/threonine protein kinase; TLK-1A/B are orthologous to Tousled from A. thaliana; tlk-1(RNAi) embryos have, compared to normal embryos, reduced phosphorylation of the RNA polymerase II C-terminal domain at Serine-2 and methylation of histone H3 at Lysine-36 (posttranslational modifications associated with transcriptional elongation), along with a lethal phenotype consistent with general defects in zygotic transcription; TLK-1A/B have a glutamine/asparagine-rich domain and a putative coil domain.",Protein kinase domain; Protein kinase-like domain,III,+,protein_coding,9699876,9710268,10393,1996,2290,2735,3372,19.21,22.03,41.24,205,2958,6980,870,3883,0,0,10393,0,0,0,0,0,0,0,0,0,0,0,0.0,0.0,0.0,0.0,0.0,0.0,0.0,0.0,0.0,0.0,0,0,1,0,0,0,0,1,0,1,0.0,0.0,0.1433,0.0,0.0,0.0,0.0,0.0962,0.0,0.0962
WBGene00014232,ttll-4,"ttll-4 encodes, by alternative splicing, two isoforms of a putativetubulin polyglutamylase orthologous to human TTLL4; TTLL-4 has noobvious function in mass RNAi assays; by orthology, TTLL-4 is expected to initiate glutamyl chains rather than elongatingthem, to have broad substrate specificity, acting on both alpha- andbeta-tubulin, and to have multiple non-tubulin substrates such asnucleosome assembly proteins (NAPs).",Tubulin polyglutamylase TTLL-4; Tubulin-tyrosine ligase/Tubulin polyglutamylase,III,+,protein_coding,10124183,10132411,8229,1291,1363,2834,2741,15.69,16.56,32.25,2027,1806,6246,188,3920,0,0,8229,0,0,1,0,0,0,0,0,1,0,1,0.0,0.5537,0.0,0.0,0.0,0.0,0.0,0.1215,0.0,0.1215,0,0,0,0,0,0,0,0,0,0,0.0,0.0,0.0,0.0,0.0,0.0,0.0,0.0,0.0,0.0
WBGene00000423,ced-9,"ced-9 encodes the sole C. elegans homolog of the mammalian cell-death inhibitor Bcl-2; during development, ced-9 activity is essential for preventing cells from undergoing programmed cell death; ced-9 also appears to have proapoptotic activity; CED-9 functions by binding and repressing the activity of CED-4, a protein similar to human APAF-1 and positive regulator of CED-3 caspase activity; CED-9 localizes to the mitochondrial outer membrane, although this localization is not essential for CED-9 to regulate apoptosis.","Apoptosis regulator, Bcl-2 protein, BH4; Blc2 family",III,+,protein_coding,10335172,10337522,2351,478,448,722,703,20.33,19.06,39.39,0,843,1066,442,1285,0,0,2351,0,0,0,1,0,0,0,0,1,0,1,0.0,0.0,0.9381,0.0,0.0,0.0,0.0,0.4254,0.0,0.4254,0,0,0,0,0,0,0,0,0,0,0.0,0.0,0.0,0.0,0.0,0.0,0.0,0.0,0.0,0.0
WBGene00198127,M03C11.10,none available,,III,+,ncRNA,10397598,10397729,132,42,25,33,32,31.82,18.94,50.76,0,0,0,0,132,0,0,132,0,0,0,0,0,0,0,0,0,0,0,0.0,0.0,0.0,0.0,0.0,0.0,0.0,0.0,0.0,0.0,0,0,1,0,0,0,0,1,0,1,0.0,0.0,0.0,0.0,0.0,0.0,0.0,7.5758,0.0,7.5758
WBGene00009653,ptr-25,none available,Protein patched/dispatched,III,+,protein_coding,10488124,10500239,12116,2140,2365,3645,3966,17.66,19.52,37.18,4,3681,8167,264,3949,0,0,12116,0,0,0,1,0,0,0,0,1,0,1,0.0,0.0,0.1224,0.0,0.0,0.0,0.0,0.0825,0.0,0.0825,0,0,0,0,0,0,0,0,0,0,0.0,0.0,0.0,0.0,0.0,0.0,0.0,0.0,0.0,0.0
WBGene00006784,unc-49,"unc-49 encodes multiple subunits of a heteromeric GABA receptor; unc-49 activity is required for postsynaptic GABA responsiveness and thus for normal regulation of locomotion; UNC-49::GFP reporter fusions for at least two isoforms are expressed in dorsal and ventral head and body wall muscles, with isoform-specific expression also seen in the sphincter muscle; UNC-49::GFP subcellular localization is most prominent at neuromuscular junctions; in Xenopus oocytes and mammalian tissue culture cells, two UNC-49 subunits, UNC-49B and UNC-49C, are able to form a functional heteromeric GABA receptor.","Gamma-aminobutyric acid A receptor/Glycine receptor alpha; Gamma-aminobutyric-acid A receptor, beta subunit; Neurotransmitter-gated ion-channel; Neurotransmitter-gated ion-channel ligand-binding domain; Neurotransmitter-gated ion-channel transmembrane domain",III,+,protein_coding,10520762,10532705,11944,2216,2496,3562,3670,18.55,20.9,39.45,666,3221,10239,1007,4110,0,0,11944,0,0,1,0,0,0,0,0,1,0,1,0.0,0.3105,0.0,0.0,0.0,0.0,0.0,0.0837,0.0,0.0837,0,0,0,0,0,0,0,0,0,0,0.0,0.0,0.0,0.0,0.0,0.0,0.0,0.0,0.0,0.0
WBGene00012648,Y39A1A.9,none available,Meiosis-specific coiled-coil domain-containing protein MEIOC,III,-,protein_coding,10630070,10633501,3432,954,709,838,931,27.8,20.66,48.46,2,1398,1479,553,1953,0,0,3432,0,0,0,0,0,0,0,0,0,0,0,0.0,0.0,0.0,0.0,0.0,0.0,0.0,0.0,0.0,0.0,0,0,1,0,0,0,0,1,0,1,0.0,0.0,0.6761,0.0,0.0,0.0,0.0,0.2914,0.0,0.2914
WBGene00012659,Y39A1A.22,none available,"EXS, C-terminal; SPX domain",III,-,protein_coding,10702613,10707028,4416,905,867,1320,1324,20.49,19.63,40.13,73,2133,1014,1196,3402,0,0,4416,0,0,0,0,0,0,0,0,0,0,0,0.0,0.0,0.0,0.0,0.0,0.0,0.0,0.0,0.0,0.0,0,0,0,1,0,0,0,1,0,1,0.0,0.0,0.0,0.8361,0.0,0.0,0.0,0.2264,0.0,0.2264
WBGene00219615,linc-109,none available,,III,-,lincRNA,10732273,10736681,4409,833,719,1481,1376,18.89,16.31,35.2,0,0,0,0,3548,0,0,4409,0,0,0,0,0,0,0,0,0,0,0,0.0,0.0,0.0,0.0,0.0,0.0,0.0,0.0,0.0,0.0,0,0,1,0,0,0,0,1,0,1,0.0,0.0,0.0,0.0,0.0,0.0,0.0,0.2268,0.0,0.2268
WBGene00001087,dpy-28,"dpy-28 encodes a non-SMC condensin subunit homolog, similar to XCAP-D2 in Xenopus, CND1 in S. pombe, YCS4p in S. cerevisiae, and CNAP1 in humans; DPY-28 is required for negative, chromosome-wide regulation of X-chromosomal genes in XX but not XO animals (dosage compensation) and for regulation of meiotic crossover number and distribution; DPY-28 is also required for an undetermined aspect of body morphogenesis; DPY-28 is part of a multi-protein dosage compensation complex (DCC) with DPY-26, DPY-27 and MIX-1 that localizes to X chromosomes of XX embryos by the 40-cell stage of embryogenesis and to all condensed mitotic chromosomes during mitosis.","Armadillo-like helical; Armadillo-type fold; Condensin complex subunit 1, C-terminal; Condensin subunit 1; Condensin subunit 1/Condensin-2 complex subunit D3",III,+,protein_coding,10763131,10777076,13946,2160,2079,5026,4681,15.49,14.91,30.4,16,4500,9281,149,4665,0,0,13946,0,0,0,0,1,0,0,0,1,0,1,0.0,0.0,0.0,6.7114,0.0,0.0,0.0,0.0717,0.0,0.0717,0,0,0,0,0,0,0,0,0,0,0.0,0.0,0.0,0.0,0.0,0.0,0.0,0.0,0.0,0.0
WBGene00002219,klp-7,none available,Kinesin motor domain; P-loop containing nucleoside triphosphate hydrolase,III,+,protein_coding,10805925,10811001,5077,1033,1182,1332,1530,20.35,23.28,43.63,10,2244,2577,251,2500,0,0,5077,0,0,0,0,0,0,0,1,0,0,1,0.0,0.0,0.0,0.0,0.0,0.0,0.0,0.0,0.0,0.197,0,0,0,0,0,0,0,0,0,0,0.0,0.0,0.0,0.0,0.0,0.0,0.0,0.0,0.0,0.0
WBGene00011269,sbsp-1,R17.3 encodes an ortholog of human retinal pigment epithelium(RPE)-spondin (RPESP).,Somatomedin B domain; Thrombospondin type-1 (TSP1) repeat,III,+,protein_coding,10832936,10839451,6516,1022,1041,2155,2298,15.68,15.98,31.66,75,1323,4876,275,1673,0,0,6516,0,0,1,0,0,0,0,0,1,0,1,0.0,0.7559,0.0,0.0,0.0,0.0,0.0,0.1535,0.0,0.1535,0,0,0,0,0,0,0,0,0,0,0.0,0.0,0.0,0.0,0.0,0.0,0.0,0.0,0.0,0.0
WBGene00008079,C44B9.2,none available,,III,+,protein_coding,10875432,10878242,2811,557,565,887,802,19.82,20.1,39.91,27,1161,1395,228,1416,0,0,2811,0,0,0,0,1,0,0,0,1,0,1,0.0,0.0,0.0,4.386,0.0,0.0,0.0,0.3557,0.0,0.3557,0,0,0,0,0,0,0,0,0,0,0.0,0.0,0.0,0.0,0.0,0.0,0.0,0.0,0.0,0.0
WBGene00004284,rab-35,"rab-35 encodes a small, monomeric Rab GTPase that is most closely related to the human and Drosophila Rab35 GTPases; by homology, RAB-35 is predicted to function as a membrane-associated GTPase required for intracellular vesicular trafficking and for regulation of endo- and exocytosis; however, as loss of rab-35 function via RNA-mediated interference (RNAi) does not result in any obvious abnormalities, the precise role of RAB-35 in C. elegans development and/or behavior is not yet known.",P-loop containing nucleoside triphosphate hydrolase; Small GTPase superfamily,III,-,protein_coding,11306647,11311566,4920,755,777,1710,1678,15.35,15.79,31.14,20,630,4040,230,880,0,0,4920,0,0,0,0,0,0,0,0,0,0,0,0.0,0.0,0.0,0.0,0.0,0.0,0.0,0.0,0.0,0.0,0,1,0,0,0,0,0,1,0,1,0.0,1.5873,0.0,0.0,0.0,0.0,0.0,0.2033,0.0,0.2033
WBGene00202389,Y47D3B.24,none available,,III,+,ncRNA,11467449,11467620,172,43,41,51,37,25.0,23.84,48.84,0,0,0,0,172,0,0,172,0,0,0,0,0,0,0,0,0,0,0,0.0,0.0,0.0,0.0,0.0,0.0,0.0,0.0,0.0,0.0,0,0,1,0,0,0,0,1,0,1,0.0,0.0,0.0,0.0,0.0,0.0,0.0,5.814,0.0,5.814
WBGene00201051,Y47D3B.23,none available,,III,+,ncRNA,11467807,11467986,180,58,58,37,27,32.22,32.22,64.44,0,0,0,0,180,0,0,180,0,0,0,1,0,0,0,0,1,0,1,0.0,0.0,0.0,0.0,0.0,0.0,0.0,5.5556,0.0,5.5556,0,0,0,0,0,0,0,0,0,0,0.0,0.0,0.0,0.0,0.0,0.0,0.0,0.0,0.0,0.0
WBGene00196725,Y66A7AL.2,none available,,III,+,ncRNA,11471821,11471955,135,27,17,53,38,20.0,12.59,32.59,0,0,0,0,135,0,0,135,0,0,0,0,0,0,0,0,0,0,0,0.0,0.0,0.0,0.0,0.0,0.0,0.0,0.0,0.0,0.0,0,0,0,0,0,1,0,0,0,1,0.0,0.0,0.0,0.0,0.0,0.0,0.0,0.0,0.0,7.4074
WBGene00013232,faah-4,none available,Amidase; Amidase signature domain,III,-,protein_coding,11899337,11909878,10542,1847,2005,3264,3426,17.52,19.02,36.54,229,1944,8375,211,2384,0,0,10542,0,0,1,0,0,0,0,0,1,0,1,0.0,0.5144,0.0,0.0,0.0,0.0,0.0,0.0949,0.0,0.0949,0,0,0,0,0,0,0,0,0,0,0.0,0.0,0.0,0.0,0.0,0.0,0.0,0.0,0.0,0.0
WBGene00006993,zyg-8,none available,Calcium/calmodulin-dependent/calcium-dependent protein kinase; Doublecortin domain; Protein kinase domain; Protein kinase-like domain,III,+,protein_coding,12061713,12072070,10358,1862,1832,3448,3216,17.98,17.69,35.66,26,2409,7850,73,2508,0,0,10358,0,0,0,1,0,0,0,0,1,0,1,0.0,0.0,0.1274,0.0,0.0,0.0,0.0,0.0965,0.0,0.0965,0,0,0,0,0,0,0,0,0,0,0.0,0.0,0.0,0.0,0.0,0.0,0.0,0.0,0.0,0.0
WBGene00001636,gly-11,none available,"Galactosyltransferase, C-terminal; Glycosyltransferase 2-like; Nucleotide-diphospho-sugar transferases; Ricin B, lectin domain",III,-,protein_coding,12171354,12177245,5892,948,1125,1720,2099,16.09,19.09,35.18,2,1818,3968,196,1965,0,0,5892,0,0,0,1,0,0,0,0,1,0,1,0.0,0.0,0.252,0.0,0.0,0.0,0.0,0.1697,0.0,0.1697,0,0,0,0,0,0,0,0,0,0,0.0,0.0,0.0,0.0,0.0,0.0,0.0,0.0,0.0,0.0
WBGene00014904,Y49E10.26,none available,,III,+,pseudogene,12387891,12388985,1095,335,163,372,225,30.59,14.89,45.48,0,0,0,0,0,0,0,1095,0,0,0,0,0,0,0,0,0,0,0,0.0,0.0,0.0,0.0,0.0,0.0,0.0,0.0,0.0,0.0,0,1,0,0,0,0,0,1,0,1,0.0,0.0,0.0,0.0,0.0,0.0,0.0,0.9132,0.0,0.9132
WBGene00013043,arrd-16,none available,"Arrestin C-terminal-like domain; Arrestin-like, N-terminal; Immunoglobulin E-set",III,+,protein_coding,12484732,12488341,3610,872,526,1099,1113,24.16,14.57,38.73,62,1200,2269,79,1341,0,0,3610,0,0,0,0,0,0,0,0,0,0,0,0.0,0.0,0.0,0.0,0.0,0.0,0.0,0.0,0.0,0.0,0,0,1,0,0,0,0,1,0,1,0.0,0.0,0.4407,0.0,0.0,0.0,0.0,0.277,0.0,0.277
WBGene00013730,sql-1,none available,,III,+,protein_coding,12499557,12528052,28496,4669,4586,10160,9081,16.38,16.09,32.48,6,3987,24270,233,4226,0,0,28496,0,0,1,0,0,0,0,0,1,0,1,0.0,0.2508,0.0,0.0,0.0,0.0,0.0,0.0351,0.0,0.0351,0,0,0,0,0,0,0,0,0,0,0.0,0.0,0.0,0.0,0.0,0.0,0.0,0.0,0.0,0.0
WBGene00013734,gldi-8,none available,Zinc finger C2H2-type,III,-,protein_coding,12595994,12599729,3736,731,629,1125,1251,19.57,16.84,36.4,1862,1293,1091,151,2952,0,0,3736,0,0,0,0,0,0,0,0,0,0,0,0.0,0.0,0.0,0.0,0.0,0.0,0.0,0.0,0.0,0.0,0,1,0,0,0,0,0,1,0,1,0.0,0.7734,0.0,0.0,0.0,0.0,0.0,0.2677,0.0,0.2677
WBGene00013739,spin-4,none available,Major facilitator superfamily; Major facilitator superfamily domain,III,+,protein_coding,12688318,12698249,9932,1665,1528,3378,3361,16.76,15.38,32.15,9,1539,7454,930,2478,0,0,9932,0,0,0,0,0,0,0,0,0,0,0,0.0,0.0,0.0,0.0,0.0,0.0,0.0,0.0,0.0,0.0,0,1,0,0,0,0,0,1,0,1,0.0,0.6498,0.0,0.0,0.0,0.0,0.0,0.1007,0.0,0.1007
WBGene00013912,irld-19,none available,"Leucine-rich repeat domain, L domain-like; Receptor L-domain",III,-,protein_coding,12760684,12764341,3658,596,644,1185,1233,16.29,17.61,33.9,0,1581,2077,0,1581,0,0,3658,0,0,0,1,0,0,0,0,1,0,1,0.0,0.0,0.4815,0.0,0.0,0.0,0.0,0.2734,0.0,0.2734,0,0,0,0,0,0,0,0,0,0,0.0,0.0,0.0,0.0,0.0,0.0,0.0,0.0,0.0,0.0
WBGene00013914,lgc-37,"ZC482.5 is orthologous to the human gene GAMMA-AMINOBUTYRIC ACID A RECEPTOR GAMMA 2 (GABRG2; OMIM:137164), which when mutated leads to disease.",Gamma-aminobutyric acid A receptor/Glycine receptor alpha; Neurotransmitter-gated ion-channel; Neurotransmitter-gated ion-channel ligand-binding domain; Neurotransmitter-gated ion-channel transmembrane domain,III,+,protein_coding,12785154,12793176,8023,1605,1639,2346,2433,20.0,20.43,40.43,7,1452,6502,62,1521,0,0,8023,0,0,1,0,0,0,0,0,1,0,1,0.0,0.6887,0.0,0.0,0.0,0.0,0.0,0.1246,0.0,0.1246,0,0,0,0,0,0,0,0,0,0,0.0,0.0,0.0,0.0,0.0,0.0,0.0,0.0,0.0,0.0
WBGene00012548,Y37D8A.6,none available,LPS-induced tumour necrosis factor alpha factor,III,-,protein_coding,12856830,12870297,13468,2522,2432,4482,4032,18.73,18.06,36.78,317,399,12636,122,838,0,0,13468,0,0,0,0,0,0,0,0,0,0,0,0.0,0.0,0.0,0.0,0.0,0.0,0.0,0.0,0.0,0.0,0,0,1,0,0,0,0,1,0,1,0.0,0.0,0.0791,0.0,0.0,0.0,0.0,0.0743,0.0,0.0743
WBGene00012559,epg-3,none available,,III,+,protein_coding,12934717,12942288,7572,1154,1235,2699,2484,15.24,16.31,31.55,26,1386,4677,1745,3015,0,0,7572,0,0,0,0,1,0,0,0,1,0,1,0.0,0.0,0.0,0.5731,0.0,0.0,0.0,0.1321,0.0,0.1321,0,0,0,0,0,0,0,0,0,0,0.0,0.0,0.0,0.0,0.0,0.0,0.0,0.0,0.0,0.0
WBGene00012717,Y39E4B.6,"Y39E4B.6 is involved in cell migration; Y39E4B.6 is predicted to have cyclin-dependent protein serine/threonine kinase (cdk-9, cit-1.1 or cit-1.2) inhibitor activity and snRNA binding activity, based on protein domain information; physical interaction with cit-1.2 protein based on yeast 2-hybrid.",HEXIM,III,+,protein_coding,13070756,13074305,3550,762,773,1021,994,21.46,21.77,43.24,253,867,2305,558,1678,0,0,3550,0,0,0,0,1,0,0,0,1,0,1,0.0,0.0,0.0,1.7921,0.0,0.0,0.0,0.2817,0.0,0.2817,0,0,0,0,0,0,0,0,0,0,0.0,0.0,0.0,0.0,0.0,0.0,0.0,0.0,0.0,0.0
WBGene00013574,lron-13,none available,"Leucine-rich repeat domain, L domain-like",III,+,protein_coding,13527438,13539975,12538,2195,2199,4313,3831,17.51,17.54,35.05,66,2349,10100,23,2438,0,0,12538,0,0,0,0,0,0,0,0,0,0,0,0.0,0.0,0.0,0.0,0.0,0.0,0.0,0.0,0.0,0.0,0,0,1,0,0,0,0,1,0,1,0.0,0.0,0.099,0.0,0.0,0.0,0.0,0.0798,0.0,0.0798
WBGene00235257,T05C7.4,none available,,IV,-,protein_coding,52725,53639,915,202,129,306,278,22.08,14.1,36.17,8,174,577,421,603,0,0,915,0,0,0,0,0,0,0,0,0,0,0,0.0,0.0,0.0,0.0,0.0,0.0,0.0,0.0,0.0,0.0,0,0,1,0,0,0,0,1,0,1,0.0,0.0,1.7331,0.0,0.0,0.0,0.0,1.0929,0.0,1.0929
WBGene00015246,scl-23,none available,"CAP domain; Cysteine-rich  secretory protein, allergen V5/Tpx-1-related; Ves allergen",IV,-,protein_coding,86840,90091,3252,588,702,886,1076,18.08,21.59,39.67,74,993,2135,50,1117,0,0,3252,0,0,0,1,0,0,0,0,1,0,1,0.0,0.0,0.4684,0.0,0.0,0.0,0.0,0.3075,0.0,0.3075,0,0,0,0,0,0,0,0,0,0,0.0,0.0,0.0,0.0,0.0,0.0,0.0,0.0,0.0,0.0
WBGene00006599,tpa-1,"tpa-1 encodes two protein kinase C isoforms, TPA-1A and TPA-1B; analysis of tpa-1 mutations indicates that at least one TPA-1 isoform plays a role in nicotine-induced adaptation and that both isoforms appear to play a role in gpa-12/G protein-mediated signaling that modulates feeding and growth.","AGC-kinase, C-terminal; C2 domain; Diacylglycerol/phorbol-ester binding; Protein kinase C, delta/epsilon/eta/theta types; Protein kinase C-like, phorbol ester/diacylglycerol-binding domain; Protein kinase domain; Protein kinase, C-terminal; Protein kinase-like domain",IV,+,protein_coding,91980,110819,18840,3083,3334,6092,6331,16.36,17.7,34.06,521,2115,15985,668,2893,0,0,18840,0,0,0,1,0,0,0,0,1,0,1,0.0,0.0,0.0626,0.0,0.0,0.0,0.0,0.0531,0.0,0.0531,0,0,0,0,0,0,0,0,0,0,0.0,0.0,0.0,0.0,0.0,0.0,0.0,0.0,0.0,0.0
WBGene00017929,grld-1,"grld-1 is orthologous to human RBM15 (OMIM:606077, mutated in infantile acute megakaryoblastic leukemia) and Drosophila NITO; GRLD-1 encodes a paralog of DIN-1; like DIN-1, it has N-terminal RNA recognition motifs (RRMs) and a C-terminal SID/RD (SMRT interaction domain/repressor) domain.","RNA recognition motif domain; SPOC-like, C-terminal domain; Spen paralogue and orthologue SPOC, C-terminal",IV,-,protein_coding,121797,125931,4135,980,715,980,1460,23.7,17.29,40.99,8,1571,2433,430,1710,0,0,4135,0,0,0,0,0,0,0,0,0,0,0,0.0,0.0,0.0,0.0,0.0,0.0,0.0,0.0,0.0,0.0,0,0,1,0,0,0,0,1,0,1,0.0,0.0,0.411,0.0,0.0,0.0,0.0,0.2418,0.0,0.2418
WBGene00000674,col-99,none available,Collagen triple helix repeat,IV,-,protein_coding,137974,147919,9946,2057,1983,2976,2930,20.68,19.94,40.62,0,2235,7189,786,2960,0,0,9946,0,0,0,1,0,0,0,0,1,0,1,0.0,0.0,0.1391,0.0,0.0,0.0,0.0,0.1005,0.0,0.1005,0,0,0,0,0,0,0,0,0,0,0.0,0.0,0.0,0.0,0.0,0.0,0.0,0.0,0.0,0.0
WBGene00017576,cdh-8,"cdh-8 encodes a cadherin that may be nematode specific; CDH-8 is predicted to function as a membrane protein that plays a role in cell adhesion and/or morphogenesis, but as loss of cdh-8 activity via mutation or large-scale RNAi experiments results in no obvious abnormalities, the precise role of cdh-8 in C. elegans development and/or behavior is not yet known.",Cadherin; Cadherin-like,IV,+,protein_coding,339808,359293,19486,3504,3280,6401,6301,17.98,16.83,34.81,0,5055,14353,411,5466,0,0,19486,0,0,0,0,0,0,0,0,0,0,0,0.0,0.0,0.0,0.0,0.0,0.0,0.0,0.0,0.0,0.0,0,0,1,0,0,0,0,1,0,1,0.0,0.0,0.0697,0.0,0.0,0.0,0.0,0.0513,0.0,0.0513
WBGene00044789,T07A9.14,none available,Ribosomal protein S24e,IV,+,protein_coding,386699,387949,1251,232,289,373,357,18.55,23.1,41.65,0,615,293,343,958,0,0,1251,0,0,1,0,0,0,0,0,1,0,1,0.0,1.626,0.0,0.0,0.0,0.0,0.0,0.7994,0.0,0.7994,0,0,0,0,0,0,0,0,0,0,0.0,0.0,0.0,0.0,0.0,0.0,0.0,0.0,0.0,0.0
WBGene00019774,npr-37,none available,,IV,-,protein_coding,461199,481167,19969,3608,3242,7099,6020,18.07,16.24,34.3,21,1440,18198,317,1771,0,0,19969,0,0,0,1,0,0,0,0,1,0,1,0.0,0.0,0.055,0.0,0.0,0.0,0.0,0.0501,0.0,0.0501,0,0,0,0,0,0,0,0,0,0,0.0,0.0,0.0,0.0,0.0,0.0,0.0,0.0,0.0,0.0
WBGene00002140,inx-18,inx-18 encodes a predicted member of the innexin family.,Innexin,IV,+,protein_coding,606355,614062,7708,1337,1288,2479,2604,17.35,16.71,34.06,89,1341,6067,961,2289,0,0,7708,0,0,0,1,0,0,0,0,1,0,1,0.0,0.0,0.1648,0.0,0.0,0.0,0.0,0.1297,0.0,0.1297,0,0,0,0,0,0,0,0,0,0,0.0,0.0,0.0,0.0,0.0,0.0,0.0,0.0,0.0,0.0
WBGene00021950,cutl-26,none available,Zona pellucida domain,IV,-,protein_coding,698699,707735,9037,1698,1727,2866,2746,18.79,19.11,37.9,26,1509,7399,109,1644,0,0,9037,0,0,0,1,0,0,0,0,1,0,1,0.0,0.0,0.1352,0.0,0.0,0.0,0.0,0.1107,0.0,0.1107,0,0,0,0,0,0,0,0,0,0,0.0,0.0,0.0,0.0,0.0,0.0,0.0,0.0,0.0,0.0
WBGene00019069,lgc-30,none available,Neurotransmitter-gated ion-channel; Neurotransmitter-gated ion-channel ligand-binding domain; Neurotransmitter-gated ion-channel transmembrane domain,IV,+,protein_coding,924882,939736,14855,2561,2531,4831,4932,17.24,17.04,34.28,54,1590,13037,174,1818,0,0,14855,0,0,0,1,0,0,0,0,1,0,1,0.0,0.0,0.0767,0.0,0.0,0.0,0.0,0.0673,0.0,0.0673,0,0,0,0,0,0,0,0,0,0,0.0,0.0,0.0,0.0,0.0,0.0,0.0,0.0,0.0,0.0
WBGene00021921,rbm-39,none available,"RNA recognition motif domain; RNA recognition motif domain, eukaryote; Splicing factor RBM39, linker; Splicing factor, RBM39-like",IV,+,protein_coding,1012624,1019558,6935,1120,1231,2534,2050,16.15,17.75,33.9,1740,1743,4738,290,3338,0,0,6935,0,0,1,0,0,0,0,0,1,0,1,0.0,0.5737,0.0,0.0,0.0,0.0,0.0,0.1442,0.0,0.1442,0,0,0,0,0,0,0,0,0,0,0.0,0.0,0.0,0.0,0.0,0.0,0.0,0.0,0.0,0.0
WBGene00021931,znf-782,none available,Zinc finger C2H2-type,IV,-,protein_coding,1058076,1067525,9450,2038,1698,2977,2737,21.57,17.97,39.53,57,1989,6641,769,2815,0,0,9450,0,0,0,0,0,0,1,0,0,0,1,0.0,0.0,0.0,0.0,0.0,0.0,0.0,0.0,0.0,0.1058,0,0,0,0,0,0,0,0,0,0,0.0,0.0,0.0,0.0,0.0,0.0,0.0,0.0,0.0,0.0
WBGene00000816,csn-4,csn-4 encodes a protein with similarity to human COP9 proteasome subunit 4.,Proteasome component (PCI) domain; Winged helix-turn-helix DNA-binding domain,IV,-,protein_coding,1077463,1087013,9551,1465,1492,3137,3457,15.34,15.62,30.96,6,1239,7854,452,1697,0,0,9551,0,0,0,0,0,0,0,0,0,0,0,0.0,0.0,0.0,0.0,0.0,0.0,0.0,0.0,0.0,0.0,0,0,1,0,0,0,0,1,0,1,0.0,0.0,0.1273,0.0,0.0,0.0,0.0,0.1047,0.0,0.1047
WBGene00005904,srx-13,none available,"7TM GPCR, serpentine receptor class x  (Srx)",IV,-,protein_coding,1114697,1118666,3970,602,707,1419,1242,15.16,17.81,32.97,0,978,2992,0,978,0,0,3970,0,0,0,1,0,0,0,0,1,0,1,0.0,0.0,0.3342,0.0,0.0,0.0,0.0,0.2519,0.0,0.2519,0,0,0,0,0,0,0,0,0,0,0.0,0.0,0.0,0.0,0.0,0.0,0.0,0.0,0.0,0.0
WBGene00009515,clec-170,none available,C-type lectin fold; C-type lectin-like; C-type lectin-like/link domain,IV,+,protein_coding,1266866,1274425,7560,1409,1508,2313,2330,18.64,19.95,38.58,10,1488,5926,136,1634,0,0,7560,0,0,1,0,0,0,0,0,1,0,1,0.0,0.672,0.0,0.0,0.0,0.0,0.0,0.1323,0.0,0.1323,0,0,0,0,0,0,0,0,0,0,0.0,0.0,0.0,0.0,0.0,0.0,0.0,0.0,0.0,0.0
WBGene00022310,Y77E11A.7,none available,,IV,-,protein_coding,1411014,1419849,8836,1618,1493,2663,3062,18.31,16.9,35.21,4,1869,6932,82,1955,0,0,8836,0,0,0,0,0,0,0,0,0,0,0,0.0,0.0,0.0,0.0,0.0,0.0,0.0,0.0,0.0,0.0,0,1,0,0,0,0,0,1,0,1,0.0,0.535,0.0,0.0,0.0,0.0,0.0,0.1132,0.0,0.1132
WBGene00022313,Y77E11A.12,none available,GRAM domain,IV,-,protein_coding,1461898,1475109,13212,2481,2367,4358,4006,18.78,17.92,36.69,17,1935,11118,143,2094,0,0,13212,0,0,0,0,0,0,0,0,0,0,0,0.0,0.0,0.0,0.0,0.0,0.0,0.0,0.0,0.0,0.0,0,0,1,0,0,0,0,1,0,1,0.0,0.0,0.0899,0.0,0.0,0.0,0.0,0.0757,0.0,0.0757
WBGene00021512,Y41D4B.4,none available,Tetratricopeptide-like helical domain,IV,+,protein_coding,1660110,1670294,10185,1626,1802,3580,3177,15.96,17.69,33.66,5,1971,7398,814,2790,0,0,10185,0,0,0,0,1,0,0,0,1,0,1,0.0,0.0,0.0,1.2285,0.0,0.0,0.0,0.0982,0.0,0.0982,0,0,0,0,0,0,0,0,0,0,0.0,0.0,0.0,0.0,0.0,0.0,0.0,0.0,0.0,0.0
WBGene00021507,ptpn-22,none available,"PTP type protein phosphatase; Protein-tyrosine phosphatase, catalytic; Protein-tyrosine phosphatase-like",IV,-,protein_coding,1727930,1740262,12333,2142,1922,4106,4163,17.37,15.58,32.95,99,1410,10141,1757,3266,0,0,12333,0,0,0,0,0,0,0,0,0,0,0,0.0,0.0,0.0,0.0,0.0,0.0,0.0,0.0,0.0,0.0,0,1,0,0,0,0,0,1,0,1,0.0,0.7092,0.0,0.0,0.0,0.0,0.0,0.0811,0.0,0.0811
WBGene00021506,Y41D4A.4,none available,Nonaspanin (TM9SF),IV,+,protein_coding,1746001,1751459,5459,874,953,1784,1848,16.01,17.46,33.47,2,1924,3572,276,2202,0,0,5459,0,0,0,0,0,0,0,1,0,0,1,0.0,0.0,0.0,0.0,0.0,0.0,0.0,0.0,0.0,0.1832,0,0,0,0,0,0,0,0,0,0,0.0,0.0,0.0,0.0,0.0,0.0,0.0,0.0,0.0,0.0
WBGene00001173,egl-4,"egl-4 encodes a cyclic GMP-dependent protein kinase that may act through the TGF-beta signaling pathway to relay sensory cues that modulate chemosensory behavior, dauer formation, foraging, egg laying, body size, and endoreduplication in response to dietary restriction; egl-4 is also required for lethargus, a sleep-like state that is induced before each of the four larval molts; in addition, genetic studies indicate that egl-4 may also act through daf-16 to regulate adult lifespan; an egl-4::gfp promoter fusion is expressed in body wall muscle, head neurons, hypodermis, and the intestine.","AGC-kinase, C-terminal; Cyclic nucleotide-binding domain; Cyclic nucleotide-binding-like; Protein kinase domain; Protein kinase-like domain; RmlC-like jelly roll fold; cGMP-dependent kinase",IV,+,protein_coding,1848071,1880596,32526,5841,5949,10046,10690,17.96,18.29,36.25,345,2765,30903,657,3767,0,0,32526,0,0,0,1,0,0,0,0,1,0,1,0.0,0.0,0.0324,0.0,0.0,0.0,0.0,0.0307,0.0,0.0307,0,0,0,0,0,0,0,0,0,0,0.0,0.0,0.0,0.0,0.0,0.0,0.0,0.0,0.0,0.0
WBGene00198086,F55A8.5,none available,,IV,-,ncRNA,1905347,1905405,59,5,19,12,23,8.47,32.2,40.68,0,0,0,0,59,0,0,59,0,0,0,1,0,0,0,0,1,0,1,0.0,0.0,0.0,0.0,0.0,0.0,0.0,16.9492,0.0,16.9492,0,0,0,0,0,0,0,0,0,0,0.0,0.0,0.0,0.0,0.0,0.0,0.0,0.0,0.0,0.0
WBGene00305452,F55A8.7,none available,,IV,+,ncRNA,1913453,1914930,1478,367,373,422,316,24.83,25.24,50.07,0,0,0,0,0,0,0,1478,0,0,0,0,0,0,0,0,0,0,0,0.0,0.0,0.0,0.0,0.0,0.0,0.0,0.0,0.0,0.0,0,0,1,0,0,0,0,1,0,1,0.0,0.0,0.0,0.0,0.0,0.0,0.0,0.6766,0.0,0.6766
WBGene00022300,Y76B12C.6,none available,,IV,+,protein_coding,1981396,1993064,11669,2145,2128,3682,3714,18.38,18.24,36.62,50,1665,9125,838,2553,0,0,11669,0,0,0,1,0,0,0,0,1,0,1,0.0,0.0,0.1096,0.0,0.0,0.0,0.0,0.0857,0.0,0.0857,0,0,0,0,0,0,0,0,0,0,0.0,0.0,0.0,0.0,0.0,0.0,0.0,0.0,0.0,0.0
WBGene00022296,xpc-1,none available,DNA repair protein Rad4; Rad4 beta-hairpin domain 1; Rad4 beta-hairpin domain 2; Rad4 beta-hairpin domain 3; Rad4/PNGase transglutaminase-like fold,IV,+,protein_coding,1993089,2009027,15939,2538,2466,5967,4968,15.92,15.47,31.39,2,3360,11442,1135,4497,0,0,15939,0,0,0,0,1,0,0,0,1,0,1,0.0,0.0,0.0,0.8811,0.0,0.0,0.0,0.0627,0.0,0.0627,0,0,0,0,0,0,0,0,0,0,0.0,0.0,0.0,0.0,0.0,0.0,0.0,0.0,0.0,0.0
WBGene00000487,che-6,none available,Cyclic nucleotide-binding domain; Cyclic nucleotide-binding-like; RmlC-like jelly roll fold,IV,-,protein_coding,2104056,2111408,7353,1242,1335,2394,2382,16.89,18.16,35.05,0,1968,5385,0,1968,0,0,7353,0,0,0,1,0,0,0,0,1,0,1,0.0,0.0,0.1857,0.0,0.0,0.0,0.0,0.136,0.0,0.136,0,0,0,0,0,0,0,0,0,0,0.0,0.0,0.0,0.0,0.0,0.0,0.0,0.0,0.0,0.0
WBGene00305880,Y71G10AR.6,none available,,IV,+,ncRNA,2179391,2192703,13313,2151,2113,4643,4406,16.16,15.87,32.03,0,0,0,0,0,0,0,13313,0,0,0,1,0,0,0,0,1,0,1,0.0,0.0,0.0,0.0,0.0,0.0,0.0,0.0751,0.0,0.0751,0,0,0,0,0,0,0,0,0,0,0.0,0.0,0.0,0.0,0.0,0.0,0.0,0.0,0.0,0.0
WBGene00002990,lin-1,"lin-1 encodes an Ets-domain-containing transcription factor that is a member of the ETS gene family that includes human ELK1, 3, and 4 (OMIM:600247); LIN-1 functions as a general effector of MAP kinase-mediated signaling; when MAP kinase is inactive, LIN-1 forms a complex with LIN-31/WH that inhibits vulval cell fate specification; upon MAP kinase activation (vulval induction), LIN-1 is phosphorylated, dissociates from LIN-31, and becomes inactive, thus allowing for vulval development.",Ets domain; Winged helix-turn-helix DNA-binding domain,IV,-,protein_coding,2275861,2300286,24426,4643,4012,8307,7464,19.01,16.43,35.43,8,1326,22687,413,1739,0,0,24426,0,0,0,0,0,0,0,0,0,0,0,0.0,0.0,0.0,0.0,0.0,0.0,0.0,0.0,0.0,0.0,0,0,1,0,0,0,0,1,0,1,0.0,0.0,0.0441,0.0,0.0,0.0,0.0,0.0409,0.0,0.0409
WBGene00022086,sprr-3,none available,"7TM GPCR, serpentine receptor class w (Srw)",IV,+,protein_coding,2542301,2549952,7652,1192,1153,2607,2700,15.58,15.07,30.65,25,1398,6046,183,1606,0,0,7652,0,0,0,0,0,0,0,0,0,0,0,0.0,0.0,0.0,0.0,0.0,0.0,0.0,0.0,0.0,0.0,0,1,0,0,0,0,0,1,0,1,0.0,0.7153,0.0,0.0,0.0,0.0,0.0,0.1307,0.0,0.1307
WBGene00022100,Y69A2AR.31,none available,GDNF/GAS1,IV,-,protein_coding,2650383,2664003,13621,2748,2641,4113,4119,20.17,19.39,39.56,37,3201,10274,109,3347,0,0,13621,0,0,0,1,0,0,0,0,1,0,1,0.0,0.0,0.0973,0.0,0.0,0.0,0.0,0.0734,0.0,0.0734,0,0,0,0,0,0,0,0,0,0,0.0,0.0,0.0,0.0,0.0,0.0,0.0,0.0,0.0,0.0
WBGene00022378,Y94H6A.5,Y94H6A.5 encodes a DEAD-box helicase; loss of Y94H6A.5 activity via RNAi indicates that Y94H6A.5 activity is required for positive regulation of growth rate and larval development.,"DBP10, C-terminal; DDX54/DBP10 family; DEAD/DEAH box helicase domain; Helicase superfamily 1/2, ATP-binding domain; Helicase, C-terminal; P-loop containing nucleoside triphosphate hydrolase",IV,-,protein_coding,2688913,2703977,15065,2223,2459,4745,5638,14.76,16.32,31.08,7,2607,12462,118,2662,0,0,15065,0,0,0,0,0,0,0,0,0,0,0,0.0,0.0,0.0,0.0,0.0,0.0,0.0,0.0,0.0,0.0,0,0,1,0,0,0,0,1,0,1,0.0,0.0,0.0802,0.0,0.0,0.0,0.0,0.0664,0.0,0.0664
WBGene00043061,Y54G2A.38,none available,"7TM GPCR, serpentine receptor class g (Srg)",IV,+,protein_coding,2759463,2762083,2621,455,456,810,900,17.36,17.4,34.76,0,921,1700,0,921,0,0,2621,0,0,0,1,0,0,0,0,1,0,1,0.0,0.0,0.5882,0.0,0.0,0.0,0.0,0.3815,0.0,0.3815,0,0,0,0,0,0,0,0,0,0,0.0,0.0,0.0,0.0,0.0,0.0,0.0,0.0,0.0,0.0
WBGene00021882,nprt-1,none available,"Nicotinate phosphoribosyltransferase family; Nicotinate phosphoribosyltransferase pncB-type; Quinolinate phosphoribosyl transferase, C-terminal",IV,-,protein_coding,2872023,2890451,18429,3341,3330,5894,5864,18.13,18.07,36.2,200,1749,16509,201,2090,0,0,18429,0,0,0,0,0,0,0,0,0,0,0,0.0,0.0,0.0,0.0,0.0,0.0,0.0,0.0,0.0,0.0,0,0,0,1,0,0,0,1,0,1,0.0,0.0,0.0,4.9751,0.0,0.0,0.0,0.0543,0.0,0.0543
WBGene00044493,Y54G2A.50,none available,,IV,+,protein_coding,2918029,2919784,1756,307,336,584,529,17.48,19.13,36.62,371,459,571,406,1236,0,0,1756,0,1,0,0,0,0,0,0,1,0,1,2.6954,0.0,0.0,0.0,0.0,0.0,0.0,0.5695,0.0,0.5695,0,0,0,0,0,0,0,0,0,0,0.0,0.0,0.0,0.0,0.0,0.0,0.0,0.0,0.0,0.0
WBGene00021897,ser-6,"ser-6 encodes a G protein-coupled receptor that is a member of the C. elegans biogenic amine (dopamine, serotonin, octopamine and tyramine) receptor family; in C. elegans, SER-6 functions as part of a signaling pathway that mediates serotonin-induced fat reduction via transcriptional regulation of lipid oxidation genes; a ser-6::GFP promoter fusion is expressed in a subset of head and tail neurons.","G protein-coupled receptor, rhodopsin-like",IV,+,protein_coding,2960098,2964401,4304,726,832,1411,1335,16.87,19.33,36.2,25,1206,2817,301,1532,0,0,4304,0,0,0,1,0,0,0,0,1,0,1,0.0,0.0,0.355,0.0,0.0,0.0,0.0,0.2323,0.0,0.2323,0,0,0,0,0,0,0,0,0,0,0.0,0.0,0.0,0.0,0.0,0.0,0.0,0.0,0.0,0.0
WBGene00021890,Y54G2A.26,none available,,IV,-,protein_coding,2986050,2995472,9423,1833,1834,2840,2916,19.45,19.46,38.92,0,1836,6918,669,2505,0,0,9423,0,0,0,1,0,0,0,0,1,0,1,0.0,0.0,0.1446,0.0,0.0,0.0,0.0,0.1061,0.0,0.1061,0,0,0,0,0,0,0,0,0,0,0.0,0.0,0.0,0.0,0.0,0.0,0.0,0.0,0.0,0.0
WBGene00305860,Y67D8C.24,none available,,IV,+,ncRNA,3061664,3144841,83178,15058,14144,27693,26283,18.1,17.0,35.11,0,0,0,0,0,0,0,83178,0,0,0,0,0,0,0,0,0,0,0,0.0,0.0,0.0,0.0,0.0,0.0,0.0,0.0,0.0,0.0,0,0,1,0,0,0,0,1,0,1,0.0,0.0,0.0,0.0,0.0,0.0,0.0,0.012,0.0,0.012
WBGene00022059,Y67D8A.2,"Y67D8A.2 encodes a protein orthologous to human Phosphorylase kinase, beta subunit,(PHKB); human phosphorylase kinase is a polymer of 16 subunits, and catalyses serine phosphorylation of substrates, including troponin I.",Glycoside hydrolase family 15/Phosphorylase b kinase regulatory chain family; Phosphorylase kinase alpha/beta subunit; Six-hairpin glycosidase-like,IV,+,protein_coding,3222440,3252604,30165,5298,5512,9870,9485,17.56,18.27,35.84,4,3728,26264,240,3972,0,0,30165,0,0,0,1,0,0,0,0,1,0,1,0.0,0.0,0.0381,0.0,0.0,0.0,0.0,0.0332,0.0,0.0332,0,0,0,0,0,0,0,0,0,0,0.0,0.0,0.0,0.0,0.0,0.0,0.0,0.0,0.0,0.0
WBGene00001548,gcy-23,"gcy-23 encodes a receptor-type guanylyl cyclase that, along with gcy-8 and gcy-18, constitutes a subfamily of guanylyl cyclase genes in C. elegans; gcy-23 functions redundantly with gcy-8 and gcy-18, and upstream of tax-4, to regulate thermotaxis via the AFD thermosensory neurons, although of the three guanylyl cyclases required, genetic analyses suggest that GCY-18 is the primary guanylyl cyclase required; in addition, loss of gcy-23 activity via RNAi results in lifespan extension; GCY-23 is expressed exclusively in the AFD thermosensory neurons, where it localizes to sensory endings.","Adenylyl cyclase class-3/4/guanylyl cyclase; Nucleotide cyclase; Periplasmic binding protein-like I; Protein kinase-like domain; Receptor, ligand binding region; Serine-threonine/tyrosine-protein kinase, catalytic domain",IV,-,protein_coding,3282885,3289337,6453,1348,1453,1758,1894,20.89,22.52,43.41,0,3222,3107,124,3346,0,0,6453,0,0,0,1,0,0,0,0,1,0,1,0.0,0.0,0.3219,0.0,0.0,0.0,0.0,0.155,0.0,0.155,0,0,0,0,0,0,0,0,0,0,0.0,0.0,0.0,0.0,0.0,0.0,0.0,0.0,0.0,0.0
WBGene00019049,F58E2.5,none available,"CAP domain; Cysteine-rich  secretory protein, allergen V5/Tpx-1-related",IV,+,protein_coding,3444914,3446578,1665,320,297,524,524,19.22,17.84,37.06,0,699,916,50,749,0,0,1665,0,0,0,0,0,0,0,0,0,0,0,0.0,0.0,0.0,0.0,0.0,0.0,0.0,0.0,0.0,0.0,0,0,1,0,0,0,0,1,0,1,0.0,0.0,1.0917,0.0,0.0,0.0,0.0,0.6006,0.0,0.6006
WBGene00023475,srz-69,none available,"7TM GPCR, serpentine receptor class z (Srz)",IV,-,protein_coding,3475646,3477224,1579,267,340,518,454,16.91,21.53,38.44,0,903,676,0,903,0,0,1579,0,0,0,1,0,0,0,0,1,0,1,0.0,0.0,1.4793,0.0,0.0,0.0,0.0,0.6333,0.0,0.6333,0,0,0,0,0,0,0,0,0,0,0.0,0.0,0.0,0.0,0.0,0.0,0.0,0.0,0.0,0.0
WBGene00220034,M57.3,none available,,IV,+,ncRNA,3521958,3522027,70,25,14,21,10,35.71,20.0,55.71,0,0,0,0,70,0,0,70,0,0,0,0,0,0,0,0,0,0,0,0.0,0.0,0.0,0.0,0.0,0.0,0.0,0.0,0.0,0.0,0,0,1,0,0,0,0,1,0,1,0.0,0.0,0.0,0.0,0.0,0.0,0.0,14.2857,0.0,14.2857
WBGene00015035,otpl-1,"otpl-1 encodes an ortholog of otopetrins such as human OTOP1 (OMIM:607806), OTOP2 (OMIM:607827), and OTOP3 (OMIM:607828), along with  other homologs in fish and insects (such as crustacean OTOPLb);  otopetrins are predicted to have 12 transmembrane helices; by homology  with OTOP1 and OTOPLb, OTPL-1 might regulate intracellular calcium  fluxes during extracellular stimuli, promote extracellular calcium  carbonate biomineralization, or both; OTPL-1's paralogs include OTPL-2 through OTPL-8.",Otopetrin,IV,+,protein_coding,3568979,3577770,8792,1478,1505,2718,3091,16.81,17.12,33.93,262,2411,6393,140,2574,0,0,8792,0,0,0,0,0,0,0,0,0,0,0,0.0,0.0,0.0,0.0,0.0,0.0,0.0,0.0,0.0,0.0,0,0,1,0,0,0,0,1,0,1,0.0,0.0,0.1564,0.0,0.0,0.0,0.0,0.1137,0.0,0.1137
WBGene00021362,fmil-1,Y37E11AL.6 encodes a predicted secreted protein with two cadherindomains and a C-terminal EGF-like domain.,Cadherin; Cadherin-like; GPS motif; Immunoglobulin-like fold,IV,-,protein_coding,3658874,3668703,9830,1938,1841,3052,2999,19.72,18.73,38.44,0,3132,6519,221,3353,0,0,9830,0,0,0,0,0,0,0,0,0,0,0,0.0,0.0,0.0,0.0,0.0,0.0,0.0,0.0,0.0,0.0,0,0,1,0,0,0,0,1,0,1,0.0,0.0,0.1534,0.0,0.0,0.0,0.0,0.1017,0.0,0.1017
WBGene00019546,glct-6,none available,"Glycosyl transferase, family 43; Nucleotide-diphospho-sugar transferases",IV,+,protein_coding,3784210,3794049,9840,1748,1674,2818,3600,17.76,17.01,34.78,155,1080,8419,193,1421,0,0,9840,0,0,0,1,0,0,0,0,1,0,1,0.0,0.0,0.1188,0.0,0.0,0.0,0.0,0.1016,0.0,0.1016,0,0,0,0,0,0,0,0,0,0,0.0,0.0,0.0,0.0,0.0,0.0,0.0,0.0,0.0,0.0
WBGene00019726,bris-1,none available,"IQ motif and SEC7 domain-containing protein, PH domain; PH domain-like; Sec7 domain; Sec7 domain, alpha orthogonal bundle",IV,-,protein_coding,3807870,3819328,11459,2080,1917,3709,3753,18.15,16.73,34.88,92,1979,9321,210,2281,0,0,11459,0,0,0,0,0,0,0,0,0,0,0,0.0,0.0,0.0,0.0,0.0,0.0,0.0,0.0,0.0,0.0,0,1,0,0,0,0,0,1,0,1,0.0,0.5053,0.0,0.0,0.0,0.0,0.0,0.0873,0.0,0.0873
WBGene00196154,F28F9.8,none available,,IV,-,ncRNA,3852722,3852987,266,72,60,57,77,27.07,22.56,49.62,0,0,0,0,266,0,0,266,0,0,0,0,0,0,0,0,0,0,0,0.0,0.0,0.0,0.0,0.0,0.0,0.0,0.0,0.0,0.0,0,0,1,0,0,0,0,1,0,1,0.0,0.0,0.0,0.0,0.0,0.0,0.0,3.7594,0.0,3.7594
WBGene00020930,hlh-30,"hlh-30 encodes a predicted basic helix-loop-helix (bHLH) transcription factor, one of 42 such genes in the C. elegans genome, it is spliced to give 18 different transcripts; it is orthologous to human microphthalmia-associated transcription factor (HGNC:MITF); loss of hlh-30 activity via RNAi results in reduced fat storage; HLH-30 demonstrates sequence-specific DNA binding for the E box sequence CACGTG and likely binds DNA as a homodimer; expression profiles of hlh-30 mutants indicate that, like its human ortholog, HLH-30 regulates expression of genes involved in metabolism; at least one of the bHLH protein isoforms appears to be important for an infection-specific immune response to M. nematophilum, though the overall induction of this gene following infection was not appreciable (1.3-fold).","Myc-type, basic helix-loop-helix (bHLH) domain",IV,-,protein_coding,4014793,4034951,20159,4450,3561,6530,5618,22.07,17.66,39.74,401,1955,17679,1214,3268,0,0,20159,0,0,0,1,0,0,0,0,1,0,1,0.0,0.0,0.0566,0.0,0.0,0.0,0.0,0.0496,0.0,0.0496,0,0,0,0,0,0,0,0,0,0,0.0,0.0,0.0,0.0,0.0,0.0,0.0,0.0,0.0,0.0
WBGene00219216,K08D10.14,none available,,IV,+,protein_coding,4154941,4157185,2245,399,399,700,747,17.77,17.77,35.55,578,525,1091,86,1189,0,0,2245,0,0,0,0,0,0,0,0,0,0,0,0.0,0.0,0.0,0.0,0.0,0.0,0.0,0.0,0.0,0.0,0,0,1,0,0,0,0,1,0,1,0.0,0.0,0.9166,0.0,0.0,0.0,0.0,0.4454,0.0,0.4454
WBGene00019532,K08D10.9,none available,,IV,+,pseudogene,4157634,4161789,4156,695,758,1265,1438,16.72,18.24,34.96,0,0,0,0,0,0,0,4156,0,0,0,0,0,0,0,0,0,0,0,0.0,0.0,0.0,0.0,0.0,0.0,0.0,0.0,0.0,0.0,0,0,1,0,0,0,0,1,0,1,0.0,0.0,0.0,0.0,0.0,0.0,0.0,0.2406,0.0,0.2406
WBGene00017936,zipt-2.2,none available,Zinc/iron permease,IV,-,protein_coding,4229135,4235365,6231,1182,1156,2001,1892,18.97,18.55,37.52,145,1050,4963,79,1274,0,0,6231,0,0,1,0,0,0,0,0,1,0,1,0.0,0.9524,0.0,0.0,0.0,0.0,0.0,0.1605,0.0,0.1605,0,0,0,0,0,0,0,0,0,0,0.0,0.0,0.0,0.0,0.0,0.0,0.0,0.0,0.0,0.0
WBGene00000610,col-33,"col-33 encodes a predicted cuticular collagen; by homology, col-33 is predicted to play a role in cuticle biosynthesis and regulation of body size and morphogenesis; however, as loss of col-33 activity via large-scale RNAi screens does not result in any obvious abnormalities, the precise role of COL-33 in C. elegans development and/or behavior is not yet known.","Collagen triple helix repeat; Nematode cuticle collagen, N-terminal",IV,+,protein_coding,4263293,4265223,1931,424,426,584,497,21.96,22.06,44.02,48,915,920,48,1011,0,0,1931,0,0,1,0,0,0,0,0,1,0,1,0.0,1.0929,0.0,0.0,0.0,0.0,0.0,0.5179,0.0,0.5179,0,0,0,0,0,0,0,0,0,0,0.0,0.0,0.0,0.0,0.0,0.0,0.0,0.0,0.0,0.0
WBGene00017489,F15E6.9,none available,P-loop containing nucleoside triphosphate hydrolase,IV,-,protein_coding,4293574,4299083,5510,936,1109,1651,1814,16.99,20.13,37.11,11,1950,3505,47,2008,0,0,5510,0,0,1,0,0,0,0,0,1,0,1,0.0,0.5128,0.0,0.0,0.0,0.0,0.0,0.1815,0.0,0.1815,0,0,0,0,0,0,0,0,0,0,0.0,0.0,0.0,0.0,0.0,0.0,0.0,0.0,0.0,0.0
WBGene00017482,set-9,"set-9 encodes a large (1,655-residue) protein with a low-complexity N-terminal region, followed by a PHD-zinc finger and a SET domain; SET-9 has no non-nematode orthologs, but has 96% identity (1616/1679 residues) to its paralog SET-26; SET-9 is required for a normally short lifespan and low spontaneous mutation rate; life extension by set-9(RNAi) requires DAF-16, indicating that SET-9 limits normal lifespan by negatively regulating DAF-16 (either directly or indirectly); otherwise, neither set-9(n4949) nor set-9(RNAi) have any obvious phenotypes.","SET domain; Zinc finger, FYVE/PHD-type; Zinc finger, PHD-finger; Zinc finger, PHD-type; Zinc finger, RING/FYVE/PHD-type",IV,+,protein_coding,4307896,4317140,9245,2065,2003,2805,2372,22.34,21.67,44.0,50,4872,3796,527,5449,0,0,9245,0,0,0,0,1,0,0,0,1,0,1,0.0,0.0,0.0,1.8975,0.0,0.0,0.0,0.1082,0.0,0.1082,0,0,0,0,0,0,0,0,0,0,0.0,0.0,0.0,0.0,0.0,0.0,0.0,0.0,0.0,0.0
WBGene00020977,oac-52,none available,Acyltransferase 3,IV,-,protein_coding,4342262,4346612,4351,650,774,1407,1520,14.94,17.79,32.73,54,2061,2141,95,2210,0,0,4351,0,0,0,0,0,0,0,0,0,0,0,0.0,0.0,0.0,0.0,0.0,0.0,0.0,0.0,0.0,0.0,0,1,0,0,0,0,0,1,0,1,0.0,0.4852,0.0,0.0,0.0,0.0,0.0,0.2298,0.0,0.2298
WBGene00006228,str-185,none available,"7TM GPCR, serpentine receptor class r (Str)",IV,-,protein_coding,4427601,4430001,2401,457,509,806,629,19.03,21.2,40.23,219,1071,999,112,1402,0,0,2401,0,0,1,0,0,0,0,0,1,0,1,0.0,0.9337,0.0,0.0,0.0,0.0,0.0,0.4165,0.0,0.4165,0,0,0,0,0,0,0,0,0,0,0.0,0.0,0.0,0.0,0.0,0.0,0.0,0.0,0.0,0.0
WBGene00019955,R08C7.12,none available,TDU repeat,IV,+,protein_coding,4449739,4460130,10392,1822,2040,3142,3388,17.53,19.63,37.16,1732,1079,8587,396,3200,0,0,10392,0,0,0,1,0,0,0,0,1,0,1,0.0,0.0,0.1165,0.0,0.0,0.0,0.0,0.0962,0.0,0.0962,0,0,0,0,0,0,0,0,0,0,0.0,0.0,0.0,0.0,0.0,0.0,0.0,0.0,0.0,0.0
WBGene00019719,M01H9.3,none available,,IV,-,protein_coding,4468500,4477059,8560,1688,1562,2719,2591,19.72,18.25,37.97,986,747,7505,418,2038,0,0,8560,0,0,0,0,0,0,0,1,0,0,1,0.0,0.0,0.0,0.0,0.0,0.0,0.0,0.0,0.0,0.1168,0,0,0,0,0,0,0,0,0,0,0.0,0.0,0.0,0.0,0.0,0.0,0.0,0.0,0.0,0.0
WBGene00022683,ZK185.3,none available,Acyl-CoA N-acyltransferase,IV,-,protein_coding,4528759,4530432,1674,283,327,518,546,16.91,19.53,36.44,105,882,609,78,1065,0,0,1674,0,0,0,1,0,0,0,0,1,0,1,0.0,0.0,1.642,0.0,0.0,0.0,0.0,0.5974,0.0,0.5974,0,0,0,0,0,0,0,0,0,0,0.0,0.0,0.0,0.0,0.0,0.0,0.0,0.0,0.0,0.0
WBGene00017597,F19C7.8,none available,SH3 domain,IV,-,protein_coding,4610575,4638095,27521,5117,4734,9220,8450,18.59,17.2,35.79,0,1840,25878,326,2166,0,0,27521,0,0,0,0,0,0,0,0,0,0,0,0.0,0.0,0.0,0.0,0.0,0.0,0.0,0.0,0.0,0.0,0,0,1,0,0,0,0,1,0,1,0.0,0.0,0.0386,0.0,0.0,0.0,0.0,0.0363,0.0,0.0363
WBGene00017919,F29B9.1,none available,Methyltransferase domain; Protein-lysine N-methyltransferase Efm4; S-adenosyl-L-methionine-dependent methyltransferase,IV,+,protein_coding,4665379,4667289,1911,362,306,620,623,18.94,16.01,34.96,45,711,1105,50,806,0,0,1911,0,0,0,0,0,0,0,1,0,0,1,0.0,0.0,0.0,0.0,0.0,0.0,0.0,0.0,0.0,0.5233,0,0,0,0,0,0,0,0,0,0,0.0,0.0,0.0,0.0,0.0,0.0,0.0,0.0,0.0,0.0
WBGene00001439,fkh-7,"fkh-7 encodes one of 15 forkhead transcriptional regulators encoded by the C. elegans genome; by homology, FKH-7 is predicted to function as a transcription factor that regulates gene expression during development; however, as loss of fkh-7 activity via RNA-mediated interference (RNAi) does not result in any obvious abnormalities, the precise role of FKH-7 in C. elegans development and/or behavior is not yet known; however, reporter gene studies indicate that fkh-7 expression is detected only in neurons of the head and tail ganglia, the nerve cord, and the male tail, suggesting that FKH-7 likely functions in nervous system differentiation.","FOXP, coiled-coil domain; Fork head domain; Winged helix-turn-helix DNA-binding domain",IV,+,protein_coding,5584684,5610378,25695,4014,4662,8080,8939,15.62,18.14,33.77,0,2360,22666,855,3150,0,0,25695,0,0,0,1,0,0,0,0,1,0,1,0.0,0.0,0.0441,0.0,0.0,0.0,0.0,0.0389,0.0,0.0389,0,0,0,0,0,0,0,0,0,0,0.0,0.0,0.0,0.0,0.0,0.0,0.0,0.0,0.0,0.0
WBGene00019156,H04M03.12,none available,,IV,-,protein_coding,5899597,5903355,3759,575,597,1224,1363,15.3,15.88,31.18,2,960,2793,1052,1771,0,0,3759,0,0,0,1,0,0,0,0,1,0,1,0.0,0.0,0.358,0.0,0.0,0.0,0.0,0.266,0.0,0.266,0,0,0,0,0,0,0,0,0,0,0.0,0.0,0.0,0.0,0.0,0.0,0.0,0.0,0.0,0.0
WBGene00044502,C46G7.5,none available,,IV,-,protein_coding,6010192,6011645,1454,302,159,456,537,20.77,10.94,31.71,18,156,890,390,564,0,0,1454,0,0,0,0,0,0,0,0,0,0,0,0.0,0.0,0.0,0.0,0.0,0.0,0.0,0.0,0.0,0.0,0,0,1,0,0,0,0,1,0,1,0.0,0.0,1.1236,0.0,0.0,0.0,0.0,0.6878,0.0,0.6878
WBGene00004112,pqn-22,"The protein product of this gene is predicted to contain a glutamine/asparagine (Q/N)-rich ('prion') domain, by the algorithm of Michelitsch and Weissman (as of the WS77 release of WormBase, i.e., in wormpep77).",Zasp-like motif,IV,-,protein_coding,6019672,6033639,13968,2368,2133,4459,5008,16.95,15.27,32.22,0,3498,10629,306,3804,0,0,13968,0,0,0,1,0,0,0,0,1,0,1,0.0,0.0,0.0941,0.0,0.0,0.0,0.0,0.0716,0.0,0.0716,0,0,0,0,0,0,0,0,0,0,0.0,0.0,0.0,0.0,0.0,0.0,0.0,0.0,0.0,0.0
WBGene00016611,bicd-1,"bicd-1 encodes the C. elegans homolog of Drosophila BicaudalD, a dynein regulator; in C. elegans, bicd-1 is an essential gene and is also required for hyp7 nuclear migrations; BICD-1 physically interacts with UNC-83 and EGAL-1, and thus likely functions as part of a dynein regulatory complex (that also includes DLC-1) that controls the directionality and extent of nuclear migrations; a bicd-1::GFP promoter fusion is expressed in a subset of embryonic cells, including the hyp7 cells at the time of their nuclear migration.","Bicaudal-D protein, microtubule-associated",IV,-,protein_coding,6565377,6572338,6962,1006,1180,2290,2486,14.45,16.95,31.4,10,2214,3925,852,3076,0,0,6962,0,0,1,0,0,0,0,0,1,0,1,0.0,0.4517,0.0,0.0,0.0,0.0,0.0,0.1436,0.0,0.1436,0,0,0,0,0,0,0,0,0,0,0.0,0.0,0.0,0.0,0.0,0.0,0.0,0.0,0.0,0.0
WBGene00003043,lip-1,"lip-1 encodes a mitogen-activated protein (MAP) kinase phosphatase homologous to the vertebrate dual specificity phosphatase MKP-3; during development, LIP-1 negatively regulates MAP kinase activity to control the extent of germline proliferation and oocyte meiotic cell cycle progression; lip-1 activity is also required redundantly with dep-1 to negatively regulate MAPK signaling during vulval induction; in addition, lip-1 is required for normal embryonic development; lip-1 expression begins during embryogenesis and continues through adulthood; expression is seen in most somatic cells and in germ cells of the pachytene region, transition zone and proximal-most region of the mitotic zone; in the pachytene region, LIP-1 is associated with the plasma membrane; in early L3 larvae, LIP-1 expression increases in secondary vulval precursor cells in a lin-12/Notch-dependent manner, suggesting that lip-1 may be a direct downstream target of lin-12-mediated signaling; interaction with the Notch pathway is further demonstrated by chromatin immunoprecipitation experiments showing that, in the germline, the lip-1 promoter region coprecipitates with LAG-3; germline lip-1 mRNA accumulation is negatively regulated by the FBF proteins (FBF-1 and FBF-2) that bind to the lip-1 3'UTR.","Atypical dual specificity phosphatase; Dual specificity phosphatase; Dual specificity phosphatase, catalytic domain; Dual specificity protein phosphatase domain; Mitogen-activated protein (MAP) kinase phosphatase; Protein-tyrosine phosphatase-like; Rhodanese-like domain",IV,+,protein_coding,6842958,6846011,3054,457,648,927,1022,14.96,21.22,36.18,6,1257,1043,997,2260,0,0,3054,0,0,0,0,1,0,0,0,1,0,1,0.0,0.0,0.0,1.003,0.0,0.0,0.0,0.3274,0.0,0.3274,0,0,0,0,0,0,0,0,0,0,0.0,0.0,0.0,0.0,0.0,0.0,0.0,0.0,0.0,0.0
WBGene00002178,jnk-1,"jnk-1 encodes a serine/threonine kinase that is the sole C. elegans member of the c-Jun N-terminal kinase (JNK) subgroup of mitogen-activated protein (MAP) kinases; jnk-1 is required for normal coordinated locomotion as well as for normal adult lifespan and response to heat and oxidative stress; JNK-1 exhibits kinase activity in vitro that is dependent upon activation by the JKK-1/MAPKK; in addition, JKK-1-dependent JNK-1 phosphorylation is required for JNK-1-mediated lifespan extension, as is DAF-16, with which JNK-1 physically interacts and phosphorylates and whose nuclear translocation is under JNK-1 control; a JNK-1::GFP translational fusion protein is expressed in nearly all neuronal cell bodies and processes, including the nerve ring, head and tail ganglions, and the dorsal and ventral nerve cords, at all stages of development.","Mitogen-activated protein (MAP) kinase, JNK; Protein kinase domain; Protein kinase-like domain",IV,+,protein_coding,6957641,6963719,6079,989,1006,1976,2108,16.27,16.55,32.82,263,1392,4524,127,1555,0,0,6079,0,0,0,0,0,0,0,1,0,0,1,0.0,0.0,0.0,0.0,0.0,0.0,0.0,0.0,0.0,0.1645,0,0,0,0,0,0,0,0,0,0,0.0,0.0,0.0,0.0,0.0,0.0,0.0,0.0,0.0,0.0
WBGene00022727,prkl-1,"prkl-1 encodes a homolog of Drosophila ESPINAS and PRICKLE, and of humanPRICKLE1, PRICKLE2, and LMO6; prkl-1 enables Wnt-directed planar cellpolarity; prkl-1 is required for the fully asymmetrical division of B.aversus B.p cells, though this requirement is quantitatively weak.","PET domain; Zinc finger, LIM-type",IV,-,protein_coding,6978742,6986935,8194,1442,1529,2656,2567,17.6,18.66,36.26,0,1683,6336,286,1969,0,0,8194,0,0,1,0,0,0,0,0,1,0,1,0.0,0.5942,0.0,0.0,0.0,0.0,0.0,0.122,0.0,0.122,0,0,0,0,0,0,0,0,0,0,0.0,0.0,0.0,0.0,0.0,0.0,0.0,0.0,0.0,0.0
WBGene00015531,C06E4.2,none available,,IV,+,protein_coding,7276961,7283234,6274,1001,1169,1926,2178,15.95,18.63,34.59,191,279,5847,148,613,0,0,6274,0,0,0,0,0,0,0,0,0,0,0,0.0,0.0,0.0,0.0,0.0,0.0,0.0,0.0,0.0,0.0,0,0,1,0,0,0,0,1,0,1,0.0,0.0,0.171,0.0,0.0,0.0,0.0,0.1594,0.0,0.1594
WBGene00002074,ima-3,"ima-3 encodes one of three C. elegans importin alpha nuclear transport factors and the importin alpha that is most similar to the alpha3-subtype; ima-3 activity is required throughout development: during oogenesis, ima-3 is essential for progression past pachytene of meiotic prophase I and for proper organization of the nuclear pore complex (NPC) as well as association of P granules with the NPC; ima-3 is also required for normal embryonic, larval, and germline development; in vitro, IMA-3 can interact with human importin beta1, suggesting that it functions in a complex with C. elegans importin betas in vivo; IMA-3 is expressed in males and hermaphrodites, in both the germline and in somatic tissue; in the germline, IMA-3 is seen in the common cytoplasm of the rachis and in association with the nuclear envelope of germline nuclei and the residual body of developing spermatids.","Armadillo; Armadillo-like helical; Armadillo-type fold; Atypical Arm repeat; Importin subunit alpha; Importin-alpha, importin-beta-binding domain",IV,-,protein_coding,7558726,7561664,2939,679,531,967,762,23.1,18.07,41.17,4,1545,325,1065,2614,0,0,2939,0,0,0,0,0,0,0,0,0,0,0,0.0,0.0,0.0,0.0,0.0,0.0,0.0,0.0,0.0,0.0,0,0,0,0,0,0,1,0,0,1,0.0,0.0,0.0,0.0,0.0,0.0,0.0,0.0,0.0,0.3403
WBGene00001584,nrde-4,"nrde-4 encodes a novel protein conserved amongst nematodes; NRDE-4 plays a key role in the nuclear RNAi pathway and chromatin regulation; NRDE-4 is required for silencing nuclear localized RNAs and linking small RNAs to transcription inhibition and histone H3K9 methylation; in regulating gene expression, NRDE-4 functions downstream of NRDE-1, NRDE-2, and NRDE-3 pre-mRNA interactions; NRDE-4 has also been shown to physically interact with GEI-4, a coiled-coil domain protein required for embryonic viability, fertility, and vulval morphogenesis that also interacts with GEX-2, a putative Rac-binding protein, and intermediate filaments.",,IV,-,protein_coding,7646320,7654262,7943,1356,1467,2430,2690,17.07,18.47,35.54,49,2390,5442,99,2538,0,0,7943,0,0,0,1,0,0,0,0,1,0,1,0.0,0.0,0.1838,0.0,0.0,0.0,0.0,0.1259,0.0,0.1259,0,0,0,0,0,0,0,0,0,0,0.0,0.0,0.0,0.0,0.0,0.0,0.0,0.0,0.0,0.0
WBGene00004732,sax-7,"sax-7 encodes an ortholog of human L1CAM, and a paralog of lad-2; L1CAM is a member of the group of highly conserved transmembrane cell adhesion receptor molecules which belong to the immunuglobulin superfamily; SAX-7 is required for axon guidance, neurite outgrowth and maintenance of neuronal positioning through homophilic and heterophilic interactions; sax-7 also affects germline development, embryonic morphogenesis, gonadal morphogenesis and tissue attachment; SAX-7 function is regulated by its physical interaction with the ankyrin UNC-44, and the gamma-syntrophin STN-2; nonphosphorylated SAX-7 is ubiquitously expressed at  sites of cell-cell contact and colocalizes with UNC-44.","Fibronectin type III; Immunoglobulin I-set; Immunoglobulin subtype; Immunoglobulin subtype 2; Immunoglobulin-like domain; Immunoglobulin-like fold; Neurofascin/L1/NrCAM, C-terminal domain",IV,+,protein_coding,8062659,8084087,21429,3855,3893,6737,6944,17.99,18.17,36.16,749,4150,16087,1324,6223,0,0,21429,0,0,0,0,0,0,0,0,0,0,0,0.0,0.0,0.0,0.0,0.0,0.0,0.0,0.0,0.0,0.0,0,0,1,0,0,0,0,1,0,1,0.0,0.0,0.0622,0.0,0.0,0.0,0.0,0.0467,0.0,0.0467
WBGene00003837,oat-1,"oat-1 encodes a transmembrane organic anion transporter; although loss of oat-1 activity via large-scale RNAi screens results in no obvious abnormalities, when expressed in mammalian cells OAT-1 can transport a variety of structurally diverse organic anions via an anion exchange mechanism that is functionally coupled to a sodium-coupled dicarboxylate transporter; by homology with mammalian OAT1 transporters, C. elegans OAT-1 is predicted to function in xenobiotic elimination.","Major facilitator superfamily domain; Major facilitator,  sugar transporter-like",IV,-,protein_coding,8464752,8472593,7842,1140,1722,2491,2489,14.54,21.96,36.5,4,1581,6157,100,1685,0,0,7842,0,0,0,1,0,0,0,0,1,0,1,0.0,0.0,0.1624,0.0,0.0,0.0,0.0,0.1275,0.0,0.1275,0,0,0,0,0,0,0,0,0,0,0.0,0.0,0.0,0.0,0.0,0.0,0.0,0.0,0.0,0.0
WBGene00015650,pkg-2,none available,Cyclic nucleotide-binding domain; Cyclic nucleotide-binding-like; Protein kinase domain; Protein kinase-like domain; RmlC-like jelly roll fold,IV,+,protein_coding,8520894,8538187,17294,2986,3062,5411,5835,17.27,17.71,34.97,71,1919,14990,448,2438,0,0,17294,0,0,1,0,0,0,0,0,1,0,1,0.0,0.5211,0.0,0.0,0.0,0.0,0.0,0.0578,0.0,0.0578,0,0,0,0,0,0,0,0,0,0,0.0,0.0,0.0,0.0,0.0,0.0,0.0,0.0,0.0,0.0
WBGene00012428,Y11D7A.3,none available,"Ion channel regulatory protein, UNC-93; Major facilitator superfamily domain",IV,+,protein_coding,9233091,9241387,8297,1386,1434,2544,2933,16.7,17.28,33.99,29,1445,6727,171,1645,0,0,8297,0,0,0,0,0,0,0,0,0,0,0,0.0,0.0,0.0,0.0,0.0,0.0,0.0,0.0,0.0,0.0,0,0,1,0,0,0,0,1,0,1,0.0,0.0,0.1487,0.0,0.0,0.0,0.0,0.1205,0.0,0.1205
WBGene00009883,nspg-11,none available,,IV,-,protein_coding,9322489,9324089,1601,270,304,517,510,16.86,18.99,35.85,14,678,872,37,729,0,0,1601,0,0,0,1,0,0,0,0,1,0,1,0.0,0.0,1.1468,0.0,0.0,0.0,0.0,0.6246,0.0,0.6246,0,0,0,0,0,0,0,0,0,0,0.0,0.0,0.0,0.0,0.0,0.0,0.0,0.0,0.0,0.0
WBGene00007506,fbxc-58,none available,,IV,+,protein_coding,9371508,9373206,1699,292,241,619,547,17.19,14.18,31.37,1,999,629,70,1070,0,0,1699,0,0,0,0,0,0,0,0,0,0,0,0.0,0.0,0.0,0.0,0.0,0.0,0.0,0.0,0.0,0.0,0,0,1,0,0,0,0,1,0,1,0.0,0.0,1.5898,0.0,0.0,0.0,0.0,0.5886,0.0,0.5886
WBGene00010150,F56D5.6,none available,,IV,+,protein_coding,9401922,9412663,10742,1943,2039,3417,3343,18.09,18.98,37.07,141,1382,9091,406,1929,0,0,10742,0,0,0,1,0,0,0,0,1,0,1,0.0,0.0,0.11,0.0,0.0,0.0,0.0,0.0931,0.0,0.0931,0,0,0,0,0,0,0,0,0,0,0.0,0.0,0.0,0.0,0.0,0.0,0.0,0.0,0.0,0.0
WBGene00009542,copb-2,"F38E11.5 encodes a beta' (beta-prime) subunit of the coatomer (COPI) complex; in mass RNAi assays, F38E11.5 is required for fertility and general health.","Coatomer beta' subunit (COPB2); Coatomer, WD associated region; G-protein beta WD-40 repeat; WD40 repeat; WD40-repeat-containing domain; WD40/YVTN repeat-like-containing domain",IV,+,protein_coding,9459731,9464020,4290,872,882,1209,1327,20.33,20.56,40.89,6,3003,568,713,3722,0,0,4290,0,0,1,0,0,0,0,0,1,0,1,0.0,0.333,0.0,0.0,0.0,0.0,0.0,0.2331,0.0,0.2331,0,0,0,0,0,0,0,0,0,0,0.0,0.0,0.0,0.0,0.0,0.0,0.0,0.0,0.0,0.0
WBGene00011456,T05A1.5,none available,Major facilitator superfamily; Major facilitator superfamily domain,IV,+,protein_coding,9546286,9560446,14161,3608,2666,3601,4286,25.48,18.83,44.3,194,1105,12426,630,1929,0,0,14161,0,0,0,0,0,0,0,0,0,0,0,0.0,0.0,0.0,0.0,0.0,0.0,0.0,0.0,0.0,0.0,0,0,1,0,0,0,0,1,0,1,0.0,0.0,0.0805,0.0,0.0,0.0,0.0,0.0706,0.0,0.0706
WBGene00044922,Y43C5A.7,none available,,IV,+,protein_coding,10277260,10278009,750,177,99,211,263,23.6,13.2,36.8,109,240,294,107,456,0,0,750,0,0,0,0,0,0,0,0,0,0,0,0.0,0.0,0.0,0.0,0.0,0.0,0.0,0.0,0.0,0.0,0,1,0,0,0,0,0,1,0,1,0.0,4.1667,0.0,0.0,0.0,0.0,0.0,1.3333,0.0,1.3333
WBGene00201118,R09H10.11,none available,,IV,-,ncRNA,10613888,10614057,170,44,54,28,44,25.88,31.76,57.65,0,0,0,0,170,0,0,170,0,0,0,1,0,0,0,0,1,0,1,0.0,0.0,0.0,0.0,0.0,0.0,0.0,5.8824,0.0,5.8824,0,0,0,0,0,0,0,0,0,0,0.0,0.0,0.0,0.0,0.0,0.0,0.0,0.0,0.0,0.0
WBGene00011291,R102.4,none available,"Aromatic amino acid beta-eliminating lyase/threonine aldolase; Pyridoxal phosphate-dependent transferase; Pyridoxal phosphate-dependent transferase, major region, subdomain 1; Pyridoxal phosphate-dependent transferase, subdomain 2; Threonine aldolase",IV,-,protein_coding,10691980,10695303,3324,543,614,1091,1076,16.34,18.47,34.81,408,1366,1954,917,1883,0,0,3324,0,0,0,0,0,0,0,0,0,0,0,0.0,0.0,0.0,0.0,0.0,0.0,0.0,0.0,0.0,0.0,0,0,1,0,0,0,0,1,0,1,0.0,0.0,0.5118,0.0,0.0,0.0,0.0,0.3008,0.0,0.3008
WBGene00011297,R102.10,none available,,IV,+,protein_coding,10705476,10707313,1838,404,360,544,530,21.98,19.59,41.57,54,972,753,59,1085,0,0,1838,0,0,0,0,0,0,0,0,0,0,0,0.0,0.0,0.0,0.0,0.0,0.0,0.0,0.0,0.0,0.0,0,0,1,0,0,0,0,1,0,1,0.0,0.0,1.328,0.0,0.0,0.0,0.0,0.5441,0.0,0.5441
WBGene00013856,ZC168.2,none available,Arthropod  neurohormone/Alpha-latrotoxin associated low molecular weight protein,IV,+,protein_coding,10728034,10729589,1556,254,348,397,557,16.32,22.37,38.69,538,327,105,586,1451,0,0,1556,0,0,0,0,0,0,0,0,0,0,0,0.0,0.0,0.0,0.0,0.0,0.0,0.0,0.0,0.0,0.0,1,0,0,0,0,0,0,1,0,1,1.8587,0.0,0.0,0.0,0.0,0.0,0.0,0.6427,0.0,0.6427
WBGene00007448,C08F8.6,none available,Protein kinase domain; Protein kinase-like domain,IV,-,protein_coding,11162752,11164931,2180,352,513,580,735,16.15,23.53,39.68,643,1143,636,34,1820,0,0,2180,0,1,0,0,0,0,0,0,1,0,1,1.5552,0.0,0.0,0.0,0.0,0.0,0.0,0.4587,0.0,0.4587,0,0,0,0,0,0,0,0,0,0,0.0,0.0,0.0,0.0,0.0,0.0,0.0,0.0,0.0,0.0
WBGene00011739,T12G3.4,none available,"Six-bladed beta-propeller, TolB-like; Strictosidine synthase; Strictosidine synthase, conserved region",IV,+,protein_coding,12048256,12049928,1673,381,280,525,487,22.77,16.74,39.51,12,1344,248,69,1425,0,0,1673,0,0,0,0,0,0,0,0,0,0,0,0.0,0.0,0.0,0.0,0.0,0.0,0.0,0.0,0.0,0.0,0,0,1,0,0,0,0,1,0,1,0.0,0.0,4.0323,0.0,0.0,0.0,0.0,0.5977,0.0,0.5977
WBGene00016585,oac-59,none available,Acyltransferase 3,IV,-,protein_coding,12293233,12301261,8029,1527,1649,2536,2317,19.02,20.54,39.56,4,2097,5803,125,2226,0,0,8029,0,0,0,0,0,0,0,0,0,0,0,0.0,0.0,0.0,0.0,0.0,0.0,0.0,0.0,0.0,0.0,0,0,1,0,0,0,0,1,0,1,0.0,0.0,0.1723,0.0,0.0,0.0,0.0,0.1245,0.0,0.1245
WBGene00000704,col-130,none available,"Collagen triple helix repeat; Nematode cuticle collagen, N-terminal",IV,-,protein_coding,12427505,12428516,1012,267,271,183,291,26.38,26.78,53.16,19,900,52,41,960,0,0,1012,0,0,0,0,0,0,0,0,0,0,0,0.0,0.0,0.0,0.0,0.0,0.0,0.0,0.0,0.0,0.0,0,1,0,0,0,0,0,1,0,1,0.0,1.1111,0.0,0.0,0.0,0.0,0.0,0.9881,0.0,0.9881
WBGene00014081,ipmk-1,none available,Inositol polyphosphate kinase,IV,+,protein_coding,12548124,12554681,6558,1256,1112,2093,2097,19.15,16.96,36.11,8,894,5081,575,1477,0,0,6558,0,0,0,0,0,0,0,0,0,0,0,0.0,0.0,0.0,0.0,0.0,0.0,0.0,0.0,0.0,0.0,0,0,1,0,0,0,0,1,0,1,0.0,0.0,0.1968,0.0,0.0,0.0,0.0,0.1525,0.0,0.1525
WBGene00011940,T23B5.3,none available,,IV,+,protein_coding,12688670,12703662,14993,2658,2807,4512,5016,17.73,18.72,36.45,0,2655,12338,0,2655,0,0,14993,0,0,0,1,0,0,0,0,1,0,1,0.0,0.0,0.0811,0.0,0.0,0.0,0.0,0.0667,0.0,0.0667,0,0,0,0,0,0,0,0,0,0,0.0,0.0,0.0,0.0,0.0,0.0,0.0,0.0,0.0,0.0
WBGene00004030,pin-2,"pin-2 encodes a LIM domain-containing protein that, along with UNC-97, comprises the two C. elegans members of the PINCH family of predicted adapter proteins; based upon its similarity to Drosophila and vertebrate members of the PINCH family, PIN-2 is predicted to play a role in regulation of cell morphology, motility, and survival, but as loss of pin-2 via large-scale RNAi results in no obvious defects, the precise role of PIN-2 in C. elegans development and/or behavior is not yet known; a PIN-2::GFP fusion protein is first expressed in embryos just prior to hatching and in early larvae is seen in several neurons, including the PVT neuron, and in intestinal cells; during postembryonic development, neuronal expression continues, whereas intestinal expression gradually declines; PIN-2 localizes to the cytoplasm and to the nucleus, and in neurons, is seen in axonal processes and varicosities.","LIM and senescent cell antigen-like-containing domain protein 1; Zinc finger, LIM-type",IV,+,protein_coding,12793847,12796164,2318,446,391,719,762,19.24,16.87,36.11,86,993,1183,56,1135,0,0,2318,0,0,0,0,0,0,0,0,0,0,0,0.0,0.0,0.0,0.0,0.0,0.0,0.0,0.0,0.0,0.0,0,0,1,0,0,0,0,1,0,1,0.0,0.0,0.8453,0.0,0.0,0.0,0.0,0.4314,0.0,0.4314
WBGene00008555,F07C6.4,none available,"Band 4.1 domain; FERM central domain; FERM, C-terminal PH-like domain; FERM/acyl-CoA-binding protein, 3-helical bundle; PH domain-like; Protein of unknown function DUF3338; Ubiquitin-related domain",IV,+,protein_coding,12805924,12830115,24192,4071,4580,7452,8089,16.83,18.93,35.76,1574,3208,20917,931,4495,0,0,24192,0,0,0,1,0,0,0,0,1,0,1,0.0,0.0,0.0478,0.0,0.0,0.0,0.0,0.0413,0.0,0.0413,0,0,0,0,0,0,0,0,0,0,0.0,0.0,0.0,0.0,0.0,0.0,0.0,0.0,0.0,0.0
WBGene00003150,mbk-2,"mbk-2 encodes one of two C. elegans members of the DYRK (dual-specificity Yak1-related kinase) family of proteins that includes S. cerevisiae Yak1 and the Drosophila minibrain and DYRK2 kinases; MBK-2 activity is required maternally for the oocyte-to-egg transition that occurs during the earliest stages of embryonic development; specifically, MBK-2 is required for: 1) posterior localization of the germ plasm components PIE-1, POS-1, and PGL-1, and 2) post-fertilization degradation of a subset of maternal proteins including the MEI-1 and MEI-2 meiosis-specific katanin subunits, the OMA-1 oocyte maturation factor, and residual PIE-1 that remains anteriorly localized after its normal posterior segregation; MBK-2 also primes the MEX-5 polarity protein for subsequent phosphorylation by the polo-like kinase PLK-1; genetic analyses suggest that, in regulating the segregation and degradation of maternal proteins, MBK-2 lies downstream of the initial embryonic polarity cues established by the PAR and MEX proteins; MBK-2 activity depends upon progression through the meiotic divisions and is positively regulated by CDK-1 and negatively regulated by EGG-3 and EGG-4/5; MBK-2 physically interacts with EGG-3 and EGG-4, suggesting that regulation by EGG-3 and EGG-4 is direct; MBK-2 is expressed uniformly in the cortex of oocytes and newly fertilized zygotes; in later  stage zygotes, just prior to the second meiotic division, MBK-2 becomes localized to discrete cortical foci, and by the first mitosis it is found predominantly on centrosomes and chromosomes; MBK-2 is also associated with P granules in the germline blastomeres P2, P3, and P4.",Protein kinase domain; Protein kinase-like domain,IV,+,protein_coding,13009158,13035961,26804,4720,5620,7198,9266,17.61,20.97,38.58,307,2595,23329,2010,4843,0,0,26804,0,0,1,0,0,0,0,0,1,0,1,0.0,0.3854,0.0,0.0,0.0,0.0,0.0,0.0373,0.0,0.0373,0,0,0,0,0,0,0,0,0,0,0.0,0.0,0.0,0.0,0.0,0.0,0.0,0.0,0.0,0.0
WBGene00000134,amt-2,amt-2 encodes a transmembrane protein that is one of four C. elegans members of the ammonium transporter AMT/Rh family of proteins predicted to function in transport of ammonium ions across the plasma membrane.,Ammonium transporter; Ammonium transporter AmtB-like domain,IV,+,protein_coding,13042391,13047043,4653,886,775,1490,1502,19.04,16.66,35.7,21,1548,2899,185,1754,0,0,4653,0,0,0,0,0,0,0,0,0,0,0,0.0,0.0,0.0,0.0,0.0,0.0,0.0,0.0,0.0,0.0,0,0,1,0,0,0,0,1,0,1,0.0,0.0,0.3449,0.0,0.0,0.0,0.0,0.2149,0.0,0.2149
WBGene00000417,ced-3,"ced-3 encodes a caspase, a cysteine-aspartate protease; CED-3 activity is required for execution of apoptosis and functions in a conserved genetic pathway with CED-4, CED-9, and EGL-1 to regulate apoptosis during C. elegans development.","CARD domain; Caspase-like domain; Death-like domain; Peptidase C14A, caspase catalytic domain",IV,-,protein_coding,13198261,13204137,5877,1098,994,1897,1888,18.68,16.91,35.6,71,1512,3325,969,2552,0,0,5877,0,0,0,0,0,0,0,0,0,0,0,0.0,0.0,0.0,0.0,0.0,0.0,0.0,0.0,0.0,0.0,0,1,0,0,0,0,0,1,0,1,0.0,0.6614,0.0,0.0,0.0,0.0,0.0,0.1702,0.0,0.1702
WBGene00004156,pqn-74,"pqn-74 encodes a protein with two chitin-binding peritrophin-A domains,separated by a glutamine/asparagine (Q/N)-rich ('prion') domain; likeCEJ-1 and CPG-2, PQN-74 might participate in eggshell synthesis andearly embryonic development, and PQN-74's peritrophin-A domains mightenable mechanical cross-linking of chitin.",Chitin binding domain,IV,-,protein_coding,13329507,13331406,1900,557,342,490,511,29.32,18.0,47.32,352,1194,397,276,1505,0,0,1900,0,0,0,0,0,0,0,0,0,0,0,0.0,0.0,0.0,0.0,0.0,0.0,0.0,0.0,0.0,0.0,0,1,0,0,0,0,0,1,0,1,0.0,0.8375,0.0,0.0,0.0,0.0,0.0,0.5263,0.0,0.5263
WBGene00045062,Y38H8A.8,none available,,IV,-,pseudogene,13456976,13458841,1866,478,379,474,535,25.62,20.31,45.93,0,0,0,0,0,0,0,1866,0,0,0,0,0,0,0,0,0,0,0,0.0,0.0,0.0,0.0,0.0,0.0,0.0,0.0,0.0,0.0,0,0,1,0,0,0,0,1,0,1,0.0,0.0,0.0,0.0,0.0,0.0,0.0,0.5359,0.0,0.5359
WBGene00011960,oac-48,none available,Acyltransferase 3,IV,+,protein_coding,13673804,13677886,4083,618,660,1370,1435,15.14,16.16,31.3,0,2070,1950,63,2133,0,0,4083,0,0,1,0,0,0,0,0,1,0,1,0.0,0.4831,0.0,0.0,0.0,0.0,0.0,0.2449,0.0,0.2449,0,0,0,0,0,0,0,0,0,0,0.0,0.0,0.0,0.0,0.0,0.0,0.0,0.0,0.0,0.0
WBGene00050120,21ur-5024,none available,,IV,+,piRNA,13689781,13689801,21,3,8,7,3,14.29,38.1,52.38,0,0,0,0,21,0,0,21,0,0,1,0,0,0,0,0,1,0,1,0.0,0.0,0.0,0.0,0.0,0.0,0.0,47.619,0.0,47.619,0,0,0,0,0,0,0,0,0,0,0.0,0.0,0.0,0.0,0.0,0.0,0.0,0.0,0.0,0.0
WBGene00010374,rga-5,none available,P-loop containing nucleoside triphosphate hydrolase; Rho GTPase activation protein; Rho GTPase-activating protein domain,IV,+,protein_coding,13827886,13844991,17106,2815,2686,5832,5773,16.46,15.7,32.16,15,4026,12983,82,4123,0,0,17106,0,0,0,0,0,0,0,0,0,0,0,0.0,0.0,0.0,0.0,0.0,0.0,0.0,0.0,0.0,0.0,0,0,1,0,0,0,0,1,0,1,0.0,0.0,0.077,0.0,0.0,0.0,0.0,0.0585,0.0,0.0585
WBGene00007196,B0513.4,none available,,IV,+,protein_coding,13880151,13881546,1396,226,275,459,436,16.19,19.7,35.89,5,363,968,60,428,0,0,1396,0,1,0,0,0,0,0,0,1,0,1,200.0,0.0,0.0,0.0,0.0,0.0,0.0,0.7163,0.0,0.7163,0,0,0,0,0,0,0,0,0,0,0.0,0.0,0.0,0.0,0.0,0.0,0.0,0.0,0.0,0.0
WBGene00011022,R05A10.5,none available,,IV,+,pseudogene,14168906,14170838,1933,368,285,619,661,19.04,14.74,33.78,0,0,0,0,0,0,0,1933,0,0,0,0,0,0,0,0,0,0,0,0.0,0.0,0.0,0.0,0.0,0.0,0.0,0.0,0.0,0.0,0,1,0,0,0,0,0,1,0,1,0.0,0.0,0.0,0.0,0.0,0.0,0.0,0.5173,0.0,0.5173
WBGene00011018,R05A10.1,none available,,IV,+,protein_coding,14182377,14190691,8315,1357,1602,2741,2615,16.32,19.27,35.59,2,996,7214,103,1101,0,0,8315,0,0,1,0,0,0,0,0,1,0,1,0.0,1.004,0.0,0.0,0.0,0.0,0.0,0.1203,0.0,0.1203,0,0,0,0,0,0,0,0,0,0,0.0,0.0,0.0,0.0,0.0,0.0,0.0,0.0,0.0,0.0
WBGene00013416,Y64G10A.7,"The Y64G10A.7 gene encodes a homolog of the human gene FIBRILLIN-1, which when mutated leads to Marfan syndrome (OMIM:154700).","Complement Clr-like EGF domain; EGF-like calcium-binding domain; EGF-like domain; EGF-like, conserved site; Growth factor receptor cysteine-rich domain; Laminin EGF domain",IV,+,protein_coding,14291901,14319591,27691,4775,4256,9345,9315,17.24,15.37,32.61,70,5145,22627,302,5517,0,0,27691,0,0,0,0,0,0,0,0,0,0,0,0.0,0.0,0.0,0.0,0.0,0.0,0.0,0.0,0.0,0.0,0,0,1,0,0,0,0,1,0,1,0.0,0.0,0.0442,0.0,0.0,0.0,0.0,0.0361,0.0,0.0361
WBGene00013451,Y67A10A.2,none available,,IV,+,protein_coding,14338057,14339279,1223,227,217,407,372,18.56,17.74,36.3,0,552,671,0,552,0,0,1223,0,0,0,0,0,0,0,0,0,0,0,0.0,0.0,0.0,0.0,0.0,0.0,0.0,0.0,0.0,0.0,0,1,0,0,0,0,0,1,0,1,0.0,1.8116,0.0,0.0,0.0,0.0,0.0,0.8177,0.0,0.8177
WBGene00013458,clc-8,"Y67A10A.9 encodes a claudin homolog that may be required for normal cohesion of apical junctions in epithelia; Y67A10A.9 is worm-specific, with obvious homologs only in C. elegans; Y67A10A.9 has no obvious function in mass RNAi assays; claudins are integral membrane proteins with four transmembrane sequences that are found in mammalian tight junctions (TJs), induce TJs when transgenically expressed in cells normally lacking them, and can mediate the specific conductance of of specific ions (e.g., magnesium or calcium) through TJs while blocking the flow of water.",Clc protein-like,IV,+,protein_coding,14394138,14400376,6239,1004,1060,2097,2078,16.09,16.99,33.08,10,2205,3797,227,2442,0,0,6239,0,0,1,0,0,0,0,0,1,0,1,0.0,0.4535,0.0,0.0,0.0,0.0,0.0,0.1603,0.0,0.1603,0,0,0,0,0,0,0,0,0,0,0.0,0.0,0.0,0.0,0.0,0.0,0.0,0.0,0.0,0.0
WBGene00010794,dld-1,"LLC1.3 is orthologous to the human gene DIHYDROLIPOAMIDE DEHYDROGENASE (DLD; OMIM:246900), which when mutated leads to dihydrolipoamide dehydrogenase deficiency.","Dihydrolipoamide dehydrogenase; FAD/NAD(P)-binding domain; FAD/NAD-linked reductase, dimerisation domain; Pyridine nucleotide-disulphide oxidoreductase, dimerisation domain",IV,+,protein_coding,14464517,14469136,4620,858,876,1473,1413,18.57,18.96,37.53,5,1488,2796,331,1824,0,0,4620,0,0,1,0,0,0,0,0,1,0,1,0.0,0.672,0.0,0.0,0.0,0.0,0.0,0.2165,0.0,0.2165,0,0,0,0,0,0,0,0,0,0,0.0,0.0,0.0,0.0,0.0,0.0,0.0,0.0,0.0,0.0
WBGene00007058,dmd-6,none available,DM DNA-binding domain; DMRT/protein doublesex/protein male abnormal 3,IV,+,protein_coding,14616603,14623963,7361,1190,1673,1990,2508,16.17,22.73,38.89,112,1413,5490,346,1871,0,0,7361,0,0,0,1,0,0,0,0,1,0,1,0.0,0.0,0.1821,0.0,0.0,0.0,0.0,0.1359,0.0,0.1359,0,0,0,0,0,0,0,0,0,0,0.0,0.0,0.0,0.0,0.0,0.0,0.0,0.0,0.0,0.0
WBGene00219444,Y41E3.461,none available,,IV,-,ncRNA,14996721,15000519,3799,562,572,1278,1387,14.79,15.06,29.85,0,0,0,0,445,0,0,3799,0,0,0,1,0,0,0,0,1,0,1,0.0,0.0,0.0,0.0,0.0,0.0,0.0,0.2632,0.0,0.2632,0,0,0,0,0,0,0,0,0,0,0.0,0.0,0.0,0.0,0.0,0.0,0.0,0.0,0.0,0.0
WBGene00012767,fcd-2,"fcd-2 encodes an ortholog of the human gene FANCD2 (mutated in Fanconianemia, OMIM:227646) that is strongly required for resistance to DNAinterstrand crosslinking (ICL) agents, but not to ionizing radiation (IR);fcd-2 mutants are viable and dispensable for resistance to IR, meioticrecombination, and S-phase checkpoint activation, but are hypersensitiveto ICL agents; like its human ortholog, FCD-2 is monoubiquitylated andrecruited to chromosomal foci after ICL but not IR; transgenic expresssionof the FANCD2 gene in mutant FA-D2 cells rescues their abnormalsensitivity to mitomycin C, an agent that cross-links strands of DNA.",Armadillo-type fold; Fanconi anaemia protein FANCD2,IV,+,protein_coding,15025710,15037036,11327,2062,1992,3764,3509,18.2,17.59,35.79,11,4323,6898,95,4429,0,0,11327,0,0,0,0,0,0,0,0,0,0,0,0.0,0.0,0.0,0.0,0.0,0.0,0.0,0.0,0.0,0.0,0,0,1,0,0,0,0,1,0,1,0.0,0.0,0.145,0.0,0.0,0.0,0.0,0.0883,0.0,0.0883
WBGene00013517,lgc-52,none available,Gamma-aminobutyric acid A receptor/Glycine receptor alpha; Neurotransmitter-gated ion-channel; Neurotransmitter-gated ion-channel ligand-binding domain; Neurotransmitter-gated ion-channel transmembrane domain,IV,+,protein_coding,15236123,15244067,7945,1174,1104,2817,2850,14.78,13.9,28.67,128,1272,6153,392,1792,0,0,7945,0,0,1,0,0,0,0,0,1,0,1,0.0,0.7862,0.0,0.0,0.0,0.0,0.0,0.1259,0.0,0.1259,0,0,0,0,0,0,0,0,0,0,0.0,0.0,0.0,0.0,0.0,0.0,0.0,0.0,0.0,0.0
WBGene00219627,anr-3,none available,,IV,+,asRNA,15522594,15524764,2171,354,411,721,685,16.31,18.93,35.24,0,0,0,0,633,0,0,2171,0,0,0,1,0,0,0,0,1,0,1,0.0,0.0,0.0,0.0,0.0,0.0,0.0,0.4606,0.0,0.4606,0,0,0,0,0,0,0,0,0,0,0.0,0.0,0.0,0.0,0.0,0.0,0.0,0.0,0.0,0.0
WBGene00013637,Y105C5A.13,none available,,IV,+,protein_coding,15641231,15643828,2598,482,499,820,797,18.55,19.21,37.76,0,345,2230,23,368,0,0,2598,0,0,0,1,0,0,0,0,1,0,1,0.0,0.0,0.4484,0.0,0.0,0.0,0.0,0.3849,0.0,0.3849,0,0,0,0,0,0,0,0,0,0,0.0,0.0,0.0,0.0,0.0,0.0,0.0,0.0,0.0,0.0
WBGene00013639,Y105C5A.15,none available,Ribonuclease H-like domain,IV,+,protein_coding,15689201,15722553,33353,5174,5703,11066,11410,15.51,17.1,32.61,426,2656,30034,748,3528,0,0,33353,0,0,0,1,0,0,0,0,1,0,1,0.0,0.0,0.0333,0.0,0.0,0.0,0.0,0.03,0.0,0.03,0,0,0,0,0,0,0,0,0,0,0.0,0.0,0.0,0.0,0.0,0.0,0.0,0.0,0.0,0.0
WBGene00013642,daf-38,"daf-38 encodes a G-protein coupled receptor (GPCR) with homology to human gonadotropin-releasing hormone receptor; daf-38 participates in perception of ascr#2 as well as other ascarosides, which are the major small-molecule components of the dauer pheromone and control developmental diapause (dauer), olfactory learning, social behavior and lifespan;  daf-38 forms a  heterodimer with daf-37 (a GPCR that belongs to the serpentine receptor class w (Srw) family of chemoreceptors) that also participates in perception of the ascaroside, ascr#2), most likely to form a functional receptor complex; daf-38 and daf-37 are expressed in chemosensory neurons.","G protein-coupled receptor, rhodopsin-like",IV,+,protein_coding,15820059,15825623,5565,989,1054,1750,1772,17.77,18.94,36.71,0,1248,4119,198,1446,0,0,5565,0,0,1,0,0,0,0,0,1,0,1,0.0,0.8013,0.0,0.0,0.0,0.0,0.0,0.1797,0.0,0.1797,0,0,0,0,0,0,0,0,0,0,0.0,0.0,0.0,0.0,0.0,0.0,0.0,0.0,0.0,0.0
WBGene00013651,Y105C5B.11,none available,"Zinc finger, RING-type; Zinc finger, RING/FYVE/PHD-type",IV,-,protein_coding,15937062,15941503,4442,1006,1084,1076,1276,22.65,24.4,47.05,12,2319,2628,50,2381,0,0,4442,0,0,0,1,0,0,0,0,1,0,1,0.0,0.0,0.3805,0.0,0.0,0.0,0.0,0.2251,0.0,0.2251,0,0,0,0,0,0,0,0,0,0,0.0,0.0,0.0,0.0,0.0,0.0,0.0,0.0,0.0,0.0
WBGene00044670,rac-3,none available,,IV,+,pseudogene,16311079,16319703,8625,1638,1890,2696,2401,18.99,21.91,40.9,0,0,0,0,0,0,0,8625,0,0,1,0,0,0,0,0,1,0,1,0.0,0.0,0.0,0.0,0.0,0.0,0.0,0.1159,0.0,0.1159,0,0,0,0,0,0,0,0,0,0,0.0,0.0,0.0,0.0,0.0,0.0,0.0,0.0,0.0,0.0
WBGene00012788,Y43D4A.2,none available,UDP-glucuronosyl/UDP-glucosyltransferase,IV,-,protein_coding,16744866,16755871,11006,1835,1668,3888,3615,16.67,15.16,31.83,151,456,10399,0,607,0,0,11006,0,0,0,1,0,0,0,0,1,0,1,0.0,0.0,0.0962,0.0,0.0,0.0,0.0,0.0909,0.0,0.0909,0,0,0,0,0,0,0,0,0,0,0.0,0.0,0.0,0.0,0.0,0.0,0.0,0.0,0.0,0.0
WBGene00305584,T06A10.108,none available,,IV,-,ncRNA,16862391,16862831,441,115,90,129,107,26.08,20.41,46.49,0,0,0,0,0,0,0,441,0,0,0,0,0,0,0,0,0,0,0,0.0,0.0,0.0,0.0,0.0,0.0,0.0,0.0,0.0,0.0,0,1,0,0,0,0,0,1,0,1,0.0,0.0,0.0,0.0,0.0,0.0,0.0,2.2676,0.0,2.2676
WBGene00013792,rad-54.B,none available,"Helicase superfamily 1/2, ATP-binding domain; Helicase, C-terminal; P-loop containing nucleoside triphosphate hydrolase; SNF2-related, N-terminal domain",IV,+,protein_coding,16950067,16962868,12802,2343,2340,4190,3929,18.3,18.28,36.58,0,2502,10235,65,2567,0,0,12802,0,0,1,0,0,0,0,0,1,0,1,0.0,0.3997,0.0,0.0,0.0,0.0,0.0,0.0781,0.0,0.0781,0,0,0,0,0,0,0,0,0,0,0.0,0.0,0.0,0.0,0.0,0.0,0.0,0.0,0.0,0.0
WBGene00016877,C52D10.3,none available,Conserved hypothetical protein CHP02231; Domain of unknown function DUF4140,IV,+,protein_coding,17176477,17189805,13329,2365,2342,4333,4289,17.74,17.57,35.31,20,1874,11285,158,2052,0,0,13329,0,0,0,0,0,0,0,0,0,0,0,0.0,0.0,0.0,0.0,0.0,0.0,0.0,0.0,0.0,0.0,0,1,0,0,0,0,0,1,0,1,0.0,0.5336,0.0,0.0,0.0,0.0,0.0,0.075,0.0,0.075
WBGene00002005,hsp-1,"hsp-1 encodes hsp70A, a member of the heat shock family of proteins; hsp70A is closely related to the Drosophila heat inducible hsp70s and the S. cerevisiae SSA hsp70 subfamily; the hsp-1 gene is normally expressed throughout development and upon heat-shock the hsp-1 mRNA is enhanced 2-6 fold; down-regulation of hsp-1 via RNA interference results in a small reduction in the life-span of an age-1 mutant indicating that hsp-1 may play some role in regulating longevity.","Heat shock protein 70 family; Heat shock protein 70kD, C-terminal domain; Heat shock protein 70kD, peptide-binding domain",IV,+,protein_coding,17278959,17281330,2372,523,609,654,586,22.05,25.67,47.72,5,1923,299,145,2073,0,0,2372,0,0,1,0,0,0,0,0,1,0,1,0.0,0.52,0.0,0.0,0.0,0.0,0.0,0.4216,0.0,0.4216,0,0,0,0,0,0,0,0,0,0,0.0,0.0,0.0,0.0,0.0,0.0,0.0,0.0,0.0,0.0
WBGene00235314,B0348.9,none available,,V,-,ncRNA,12525,13369,845,100,192,262,291,11.83,22.72,34.56,0,0,0,0,220,0,0,845,0,0,0,1,0,0,0,0,1,0,1,0.0,0.0,0.0,0.0,0.0,0.0,0.0,1.1834,0.0,1.1834,0,0,0,0,0,0,0,0,0,0,0.0,0.0,0.0,0.0,0.0,0.0,0.0,0.0,0.0,0.0
WBGene00017082,DC2.5,none available,NAD(P)-binding domain; Short-chain dehydrogenase/reductase SDR,V,-,protein_coding,210145,212787,2643,500,441,853,849,18.92,16.69,35.6,153,1014,1384,92,1259,0,0,2643,0,0,0,0,0,0,0,0,0,0,0,0.0,0.0,0.0,0.0,0.0,0.0,0.0,0.0,0.0,0.0,0,0,1,0,0,0,0,1,0,1,0.0,0.0,0.7225,0.0,0.0,0.0,0.0,0.3784,0.0,0.3784
WBGene00003614,nhr-15,nhr-15 is predicted to encode a member of the nuclear hormone receptor family.,"Nuclear hormone receptor, ligand-binding domain; Zinc finger, NHR/GATA-type; Zinc finger, nuclear hormone receptor-type",V,+,protein_coding,312721,323650,10930,1997,2011,3397,3525,18.27,18.4,36.67,1083,1116,9639,22,2221,0,0,10930,0,0,0,0,0,0,1,0,0,0,1,0.0,0.0,0.0,0.0,0.0,0.0,0.0,0.0,0.0,0.0915,0,0,0,0,0,0,0,0,0,0,0.0,0.0,0.0,0.0,0.0,0.0,0.0,0.0,0.0,0.0
WBGene00017959,ugt-42,none available,UDP-glucuronosyl/UDP-glucosyltransferase,V,+,protein_coding,647188,649763,2576,453,451,834,838,17.59,17.51,35.09,32,1584,838,122,1738,0,0,2576,0,0,0,1,0,0,0,0,1,0,1,0.0,0.0,1.1933,0.0,0.0,0.0,0.0,0.3882,0.0,0.3882,0,0,0,0,0,0,0,0,0,0,0.0,0.0,0.0,0.0,0.0,0.0,0.0,0.0,0.0,0.0
WBGene00005687,sru-24,none available,"7TM GPCR, serpentine receptor class u (Sru)",V,-,protein_coding,667896,671442,3547,709,730,1115,993,19.99,20.58,40.57,0,978,2611,0,978,0,0,3547,0,0,0,1,0,0,0,0,1,0,1,0.0,0.0,0.383,0.0,0.0,0.0,0.0,0.2819,0.0,0.2819,0,0,0,0,0,0,0,0,0,0,0.0,0.0,0.0,0.0,0.0,0.0,0.0,0.0,0.0,0.0
WBGene00019983,sti-1,"sti-1 encodes the C. elegans ortholog of the Sti1/Hop family of heat shock cochaperones; sti-1 plays a role in stress response, as sti-1 mutant animals have a shortened lifespan, decreased fertility at 20C, 25C, and 30C, and decreased thermotolerance; genetic interaction studies suggest that sti-1 may function together with daf-16 in regulating thermotolerance; STI-1 physically interacts with a number of proteins including HSP-1/Hsp70 and DAF-21/Hsp90, as well as proteins involved in translation and localized to the endoplasmic reticulum; a STI-1::GFP reporter is widely expressed in embryos as well as larvae and adults, with expression found in the pharynx, intestine, neurons, vulva, body wall muscles and male sensory rays; STI-1 appears to be a cytoplasmic protein.",Heat shock chaperonin-binding; Tetratricopeptide repeat; Tetratricopeptide-like helical domain,V,+,protein_coding,773518,774775,1258,290,287,352,329,23.05,22.81,45.87,73,963,162,60,1096,0,0,1258,0,0,1,0,0,0,0,0,1,0,1,0.0,1.0384,0.0,0.0,0.0,0.0,0.0,0.7949,0.0,0.7949,0,0,0,0,0,0,0,0,0,0,0.0,0.0,0.0,0.0,0.0,0.0,0.0,0.0,0.0,0.0
WBGene00019972,pei-2,none available,BTB/POZ domain; SKP1/BTB/POZ domain,V,-,protein_coding,1018336,1023467,5132,1059,1198,1442,1433,20.64,23.34,43.98,440,1146,3484,64,1650,0,0,5132,0,0,0,1,0,0,0,0,1,0,1,0.0,0.0,0.287,0.0,0.0,0.0,0.0,0.1949,0.0,0.1949,0,0,0,0,0,0,0,0,0,0,0.0,0.0,0.0,0.0,0.0,0.0,0.0,0.0,0.0,0.0
WBGene00019975,flp-34,none available,,V,-,protein_coding,1027891,1033404,5514,954,934,1871,1755,17.3,16.94,34.24,87,374,4922,255,716,0,0,5514,0,0,0,1,0,0,0,0,1,0,1,0.0,0.0,0.2032,0.0,0.0,0.0,0.0,0.1814,0.0,0.1814,0,0,0,0,0,0,0,0,0,0,0.0,0.0,0.0,0.0,0.0,0.0,0.0,0.0,0.0,0.0
WBGene00021743,Y50D4B.4,none available,"Galactose-binding domain-like; Peptide N glycanase, PAW domain",V,+,protein_coding,1092659,1098950,6292,1327,1022,1981,1962,21.09,16.24,37.33,20,2376,5476,67,2463,0,0,6292,0,0,0,0,0,0,0,0,0,0,0,0.0,0.0,0.0,0.0,0.0,0.0,0.0,0.0,0.0,0.0,0,0,1,0,0,0,0,1,0,1,0.0,0.0,0.1826,0.0,0.0,0.0,0.0,0.1589,0.0,0.1589
WBGene00021740,Y50D4B.1,none available,,V,+,protein_coding,1112958,1129359,16402,2750,2909,5234,5509,16.77,17.74,34.5,0,956,15241,249,1205,0,0,16402,0,0,0,0,0,0,0,0,0,0,0,0.0,0.0,0.0,0.0,0.0,0.0,0.0,0.0,0.0,0.0,0,0,1,0,0,0,0,1,0,1,0.0,0.0,0.0656,0.0,0.0,0.0,0.0,0.061,0.0,0.061
WBGene00020663,cutl-22,none available,Zona pellucida domain,V,+,protein_coding,1141733,1146501,4769,910,901,1509,1449,19.08,18.89,37.97,37,1338,3211,183,1558,0,0,4769,0,0,0,1,0,0,0,0,1,0,1,0.0,0.0,0.3114,0.0,0.0,0.0,0.0,0.2097,0.0,0.2097,0,0,0,0,0,0,0,0,0,0,0.0,0.0,0.0,0.0,0.0,0.0,0.0,0.0,0.0,0.0
WBGene00219734,linc-128,none available,,V,+,lincRNA,1150906,1153207,2302,445,470,644,743,19.33,20.42,39.75,0,0,0,0,2302,0,0,2302,0,0,0,1,0,0,0,0,1,0,1,0.0,0.0,0.0,0.0,0.0,0.0,0.0,0.4344,0.0,0.4344,0,0,0,0,0,0,0,0,0,0,0.0,0.0,0.0,0.0,0.0,0.0,0.0,0.0,0.0,0.0
WBGene00022286,rga-4,"rga-4 encodes a GTPase-activating protein (GAP); RNAi experiments predicted to target rga-4 and the related rga-3 gene result in early embryonic defects, specifically defects in cortical contractility, non-muscle myosin NMY-2 distribution, and the relative size of PAR protein domains; in vitro, RGA-4 positively regulates RHO-1 GTPase activity, consistent with genetic studies showing that the rga-3/4(RNAi) phenotype requires RHO-1 activity.",Rho GTPase activation protein; Rho GTPase-activating protein domain,V,-,protein_coding,1373120,1383256,10137,2055,2099,2884,3099,20.27,20.71,40.98,17,3408,8793,469,3894,0,0,10137,0,0,0,0,0,0,0,0,0,0,0,0.0,0.0,0.0,0.0,0.0,0.0,0.0,0.0,0.0,0.0,0,0,0,1,0,0,0,1,0,1,0.0,0.0,0.0,2.1322,0.0,0.0,0.0,0.0986,0.0,0.0986
WBGene00006794,unc-60,"unc-60 encodes two, tissue-specific isoforms of actin depolymerizing factor(ADF)/cofilin, actin-binding proteins that regulate actin filament dynamics; one UNC-60 isoform, UNC-60A, primarily binds G-actin, depolymerizes actin filaments, and inhibits actin polymerization; UNC-60A is essential during early embryonic development for polar body extrusion, cytokinesis, and embryonic patterning; UNC-60B, which does not inhibit actin polymerization, binds F- and G-actin and influences the rate of actin polymerization by the UNC-60B:actin ratio; UNC-60B is required for actin filament organization in body wall muscle, locomotion, and for efficient actin filament disassembly by UNC-78, an actin interactin protein 1 (AIP1) ortholog; UNC-60A and UNC-60B are differentially expressed: UNC-60A is found in oocytes, embryos, and the adult gonad and intestine, while UNC-60B is found in body wall muscle, the vulva, and spermatheca; unc-60 transcripts undergo muscle-specific pre-mRNA processing, regulated by the ASD-2 and SUP-12 splicing factors.",ADF-H/Gelsolin-like domain; ADF/Cofilin; Actin-depolymerising factor homology domain,V,+,protein_coding,1475086,1479576,4491,798,995,1395,1303,17.77,22.16,39.92,53,459,3774,205,717,0,0,4491,0,0,1,0,0,0,0,0,1,0,1,0.0,2.1786,0.0,0.0,0.0,0.0,0.0,0.2227,0.0,0.2227,0,0,0,0,0,0,0,0,0,0,0.0,0.0,0.0,0.0,0.0,0.0,0.0,0.0,0.0,0.0
WBGene00018706,F52F10.2,none available,Major facilitator superfamily; Major facilitator superfamily domain,V,+,protein_coding,1548143,1550714,2572,466,500,799,807,18.12,19.44,37.56,123,1527,672,250,1900,0,0,2572,0,0,0,1,0,0,0,0,1,0,1,0.0,0.0,1.4881,0.0,0.0,0.0,0.0,0.3888,0.0,0.3888,0,0,0,0,0,0,0,0,0,0,0.0,0.0,0.0,0.0,0.0,0.0,0.0,0.0,0.0,0.0
WBGene00018709,srsx-8,none available,"G protein-coupled receptor, rhodopsin-like; Serpentine type 7TM GPCR chemoreceptor Srsx",V,-,protein_coding,1551008,1553104,2097,393,348,663,693,18.74,16.6,35.34,2,891,1168,36,929,0,0,2097,0,0,0,0,0,0,0,0,0,0,0,0.0,0.0,0.0,0.0,0.0,0.0,0.0,0.0,0.0,0.0,0,0,1,0,0,0,0,1,0,1,0.0,0.0,0.8562,0.0,0.0,0.0,0.0,0.4769,0.0,0.4769
WBGene00000387,cdc-25.2,cdc-25.2 encodes a putative homolog of Cdc25 phosphatase protein family that affects germline proliferation.,M-phase inducer phosphatase; Rhodanese-like domain,V,+,protein_coding,1567076,1585532,18457,3256,3635,5567,5999,17.64,19.69,37.34,47,1443,5754,598,2088,0,0,18457,0,0,0,1,0,0,0,0,1,0,1,0.0,0.0,0.1738,0.0,0.0,0.0,0.0,0.0542,0.0,0.0542,0,0,0,0,0,0,0,0,0,0,0.0,0.0,0.0,0.0,0.0,0.0,0.0,0.0,0.0,0.0
WBGene00021609,irld-17,none available,"Leucine-rich repeat domain, L domain-like; Receptor L-domain",V,+,protein_coding,1632017,1635883,3867,668,627,1275,1297,17.27,16.21,33.49,0,1470,2397,0,1470,0,0,3867,0,0,0,0,0,0,0,0,0,0,0,0.0,0.0,0.0,0.0,0.0,0.0,0.0,0.0,0.0,0.0,0,0,1,0,0,0,0,1,0,1,0.0,0.0,0.4172,0.0,0.0,0.0,0.0,0.2586,0.0,0.2586
WBGene00019384,K04F1.1,none available,,V,-,pseudogene,1658072,1659636,1565,353,330,422,460,22.56,21.09,43.64,0,0,0,0,0,0,0,1565,0,0,0,0,0,0,0,0,0,0,0,0.0,0.0,0.0,0.0,0.0,0.0,0.0,0.0,0.0,0.0,0,0,1,0,0,0,0,1,0,1,0.0,0.0,0.0,0.0,0.0,0.0,0.0,0.639,0.0,0.639
WBGene00021607,Y46H3C.7,none available,,V,-,protein_coding,1692458,1694022,1565,350,286,451,478,22.36,18.27,40.64,774,267,421,103,1144,0,0,1565,0,0,0,0,0,0,0,0,0,0,0,0.0,0.0,0.0,0.0,0.0,0.0,0.0,0.0,0.0,0.0,1,0,0,0,0,0,0,1,0,1,1.292,0.0,0.0,0.0,0.0,0.0,0.0,0.639,0.0,0.639
WBGene00305467,F59A7.15,none available,,V,+,ncRNA,2006341,2012356,6016,1223,1204,1880,1709,20.33,20.01,40.34,0,0,0,0,0,0,0,6016,0,0,0,1,0,0,0,0,1,0,1,0.0,0.0,0.0,0.0,0.0,0.0,0.0,0.1662,0.0,0.1662,0,0,0,0,0,0,0,0,0,0,0.0,0.0,0.0,0.0,0.0,0.0,0.0,0.0,0.0,0.0
WBGene00021164,svh-11,none available,"Glycosyl transferase, family 11",V,+,protein_coding,2207101,2210272,3172,578,528,1051,1015,18.22,16.65,34.87,79,1112,1935,63,1254,0,0,3172,0,0,0,1,0,0,0,0,1,0,1,0.0,0.0,0.5168,0.0,0.0,0.0,0.0,0.3153,0.0,0.3153,0,0,0,0,0,0,0,0,0,0,0.0,0.0,0.0,0.0,0.0,0.0,0.0,0.0,0.0,0.0
WBGene00006170,str-119,none available,"7TM GPCR, serpentine receptor class r (Str)",V,-,protein_coding,2426479,2428124,1646,368,352,490,436,22.36,21.39,43.74,0,1014,632,0,1014,0,0,1646,0,0,0,1,0,0,0,0,1,0,1,0.0,0.0,1.5823,0.0,0.0,0.0,0.0,0.6075,0.0,0.6075,0,0,0,0,0,0,0,0,0,0,0.0,0.0,0.0,0.0,0.0,0.0,0.0,0.0,0.0,0.0
WBGene00015273,mct-2,none available,Major facilitator superfamily; Major facilitator superfamily domain,V,-,protein_coding,2483004,2494791,11788,2318,2292,3548,3630,19.66,19.44,39.11,0,1635,3147,0,1635,0,0,11788,0,0,0,1,0,0,0,0,1,0,1,0.0,0.0,0.3178,0.0,0.0,0.0,0.0,0.0848,0.0,0.0848,0,0,0,0,0,0,0,0,0,0,0.0,0.0,0.0,0.0,0.0,0.0,0.0,0.0,0.0,0.0
WBGene00021573,Y45G12C.10,none available,"7TM GPCR, serpentine receptor class r (Str)",V,-,protein_coding,2534758,2536409,1652,371,353,491,437,22.46,21.37,43.83,0,1020,632,0,1020,0,0,1652,0,0,0,1,0,0,0,0,1,0,1,0.0,0.0,1.5823,0.0,0.0,0.0,0.0,0.6053,0.0,0.6053,0,0,0,0,0,0,0,0,0,0,0.0,0.0,0.0,0.0,0.0,0.0,0.0,0.0,0.0,0.0
WBGene00000056,acr-17,none available,Neurotransmitter-gated ion-channel; Neurotransmitter-gated ion-channel ligand-binding domain; Neurotransmitter-gated ion-channel transmembrane domain,V,+,protein_coding,2608652,2615262,6611,1271,1292,1956,2092,19.23,19.54,38.77,22,1548,5060,65,1635,0,0,6611,0,0,0,0,0,0,0,0,0,0,0,0.0,0.0,0.0,0.0,0.0,0.0,0.0,0.0,0.0,0.0,0,0,1,0,0,0,0,1,0,1,0.0,0.0,0.1976,0.0,0.0,0.0,0.0,0.1513,0.0,0.1513
WBGene00003579,ndx-2,"ndx-2 encodes a NUDIX hydrolase; by sequence comparison, NDX-2 is predicted to be orthologous to human NUDT5 which, in vitro, possesses ADP-sugar diphosphatase activity; in C. elegans, loss of ndx-2 activity via RNA-mediated interference (RNAi) does not result in any obvious abnormalities, consistent with the proposed nonessential roles for Nudix proteins in eliminating potentially toxic nucleotide metabolites from cells and modulating levels of metabolic intermediates by shuttling them into alternative biochemical pathways.",NUDIX hydrolase; NUDIX hydrolase domain; NUDIX hydrolase domain-like,V,-,protein_coding,2662964,2665003,2040,493,453,570,524,24.17,22.21,46.37,42,672,1209,117,831,0,0,2040,0,0,0,0,0,0,0,0,0,0,0,0.0,0.0,0.0,0.0,0.0,0.0,0.0,0.0,0.0,0.0,0,0,1,0,0,0,0,1,0,1,0.0,0.0,0.8271,0.0,0.0,0.0,0.0,0.4902,0.0,0.4902
WBGene00005919,srx-28,none available,"7TM GPCR, serpentine receptor class x  (Srx)",V,-,protein_coding,2755701,2757276,1576,269,282,558,467,17.07,17.89,34.96,0,906,670,0,906,0,0,1576,0,0,0,1,0,0,0,0,1,0,1,0.0,0.0,1.4925,0.0,0.0,0.0,0.0,0.6345,0.0,0.6345,0,0,0,0,0,0,0,0,0,0,0.0,0.0,0.0,0.0,0.0,0.0,0.0,0.0,0.0,0.0
WBGene00005215,srg-58,none available,"7TM GPCR, serpentine receptor class g (Srg)",V,-,protein_coding,2758174,2759556,1383,270,309,455,349,19.52,22.34,41.87,0,984,399,0,984,0,0,1383,0,0,0,1,0,0,0,0,1,0,1,0.0,0.0,2.5063,0.0,0.0,0.0,0.0,0.7231,0.0,0.7231,0,0,0,0,0,0,0,0,0,0,0.0,0.0,0.0,0.0,0.0,0.0,0.0,0.0,0.0,0.0
WBGene00019108,chpf-2,none available,EF-hand domain; EF-hand domain pair,V,-,protein_coding,3037812,3039382,1571,266,306,485,514,16.93,19.48,36.41,49,588,811,123,760,0,0,1571,0,0,0,1,0,0,0,0,1,0,1,0.0,0.0,1.233,0.0,0.0,0.0,0.0,0.6365,0.0,0.6365,0,0,0,0,0,0,0,0,0,0,0.0,0.0,0.0,0.0,0.0,0.0,0.0,0.0,0.0,0.0
WBGene00000168,apx-1,"apx-1 encodes one of ten C. elegans DSL (Delta, Serrate, LAG-2) proteins, integral transmembrane and secreted proteins that function as signaling ligands for the Notch family receptors GLP-1 and LIN-12; in the 4-cell embryo, maternally supplied APX-1 functions as a GLP-1 ligand for an inductive interaction that specifies the fate of the ABp blastomere; later in embryogenesis, APX-1 is required for formation of the LIN-12-dependent, invariant asymmetrical twist that occurs as part of normal gut morphogenesis; during larval development, APX-1 is required redundantly with DSL-1 and LAG-2 for the LIN-12-mediated lateral signal that spatially patterns the primary and secondary vulval cell lineages; in the early embryo, APX-1 is first detected at the anterior edge of the P1 blastomere, with later expression visible in P2 at sites of contact with ABp, and in the cytoplasm of the EMS and P3 blastomeres; expression in the vulval precursor cells (VPCs) is detected in the primary VPC, P6.p, and its descendants; embryonic APX-1 expression is dependent upon PIE-1 activity, while later vulval expression is mediated by the Ras signaling pathway and the SUR-2 transcriptional cofactor.",Delta/Serrate/lag-2 (DSL) protein; EGF-like domain,V,+,protein_coding,3210196,3223221,13026,2073,2321,4631,4001,15.91,17.82,33.73,33,1548,10679,772,2353,0,0,13026,0,0,1,0,0,0,0,0,1,0,1,0.0,0.646,0.0,0.0,0.0,0.0,0.0,0.0768,0.0,0.0768,0,0,0,0,0,0,0,0,0,0,0.0,0.0,0.0,0.0,0.0,0.0,0.0,0.0,0.0,0.0
WBGene00015883,C17B7.9,none available,Domain of unknown function DUF19; Uncharacterised protein family UPF0376,V,-,protein_coding,3330890,3332123,1234,254,227,359,394,20.58,18.4,38.98,10,603,596,25,638,0,0,1234,0,0,0,0,0,0,0,0,0,0,0,0.0,0.0,0.0,0.0,0.0,0.0,0.0,0.0,0.0,0.0,0,0,1,0,0,0,0,1,0,1,0.0,0.0,1.6779,0.0,0.0,0.0,0.0,0.8104,0.0,0.8104
WBGene00000478,cfz-2,"cfz-2 encodes one of four C. elegans Frizzled homologs, integral membrane proteins that contain an external cysteine-rich domain (CRD) and seven transmembrane domains and that function in a wide variety of species as receptors for Wnt glycoprotein signaling molecules; CFZ-2 activity is required for cell migration and for vulval development.","Frizzled domain; Frizzled protein; Frizzled, invertebrates; Frizzled/secreted frizzled-related protein",V,-,protein_coding,3441504,3444877,3374,673,544,1093,1064,19.95,16.12,36.07,2,1737,1299,336,2075,0,0,3374,0,0,0,0,0,0,0,0,0,0,0,0.0,0.0,0.0,0.0,0.0,0.0,0.0,0.0,0.0,0.0,0,0,1,0,0,0,0,1,0,1,0.0,0.0,0.7698,0.0,0.0,0.0,0.0,0.2964,0.0,0.2964
WBGene00018229,F40C5.2,none available,,V,+,protein_coding,3570995,3571610,616,131,148,160,177,21.27,24.03,45.29,155,150,93,219,524,0,0,616,0,0,0,0,1,0,0,0,1,0,1,0.0,0.0,0.0,4.5662,0.0,0.0,0.0,1.6234,0.0,1.6234,0,0,0,0,0,0,0,0,0,0,0.0,0.0,0.0,0.0,0.0,0.0,0.0,0.0,0.0,0.0
WBGene00305478,H10D18.7,none available,,V,-,ncRNA,3816632,3820194,3563,681,820,988,1074,19.11,23.01,42.13,0,0,0,0,0,0,0,3563,0,0,0,0,0,0,0,0,0,0,0,0.0,0.0,0.0,0.0,0.0,0.0,0.0,0.0,0.0,0.0,0,0,1,0,0,0,0,1,0,1,0.0,0.0,0.0,0.0,0.0,0.0,0.0,0.2807,0.0,0.2807
WBGene00021555,pid-5,none available,"Creatinase, N-terminal; Creatinase/Aminopeptidase P/Spt16, N-terminal; Peptidase M24; Peptidase M24, C-terminal domain",V,+,protein_coding,4175882,4181360,5479,1071,1045,1692,1671,19.55,19.07,38.62,42,3186,2040,211,3439,0,0,5479,0,0,0,1,0,0,0,0,1,0,1,0.0,0.0,0.4902,0.0,0.0,0.0,0.0,0.1825,0.0,0.1825,0,0,0,0,0,0,0,0,0,0,0.0,0.0,0.0,0.0,0.0,0.0,0.0,0.0,0.0,0.0
WBGene00044529,irld-1,none available,"Leucine-rich repeat domain, L domain-like; Receptor L-domain",V,+,protein_coding,4336762,4338925,2164,412,434,597,721,19.04,20.06,39.09,100,633,1382,49,782,0,0,2164,0,0,0,1,0,0,0,0,1,0,1,0.0,0.0,0.7236,0.0,0.0,0.0,0.0,0.4621,0.0,0.4621,0,0,0,0,0,0,0,0,0,0,0.0,0.0,0.0,0.0,0.0,0.0,0.0,0.0,0.0,0.0
WBGene00017983,F32D1.3,none available,Domain of unknown function DUF1736; Tetratricopeptide repeat; Tetratricopeptide-like helical domain,V,-,protein_coding,4349751,4361569,11819,2267,2159,3590,3803,19.18,18.27,37.45,24,2325,9355,115,2464,0,0,11819,0,0,1,0,0,0,0,0,1,0,1,0.0,0.4301,0.0,0.0,0.0,0.0,0.0,0.0846,0.0,0.0846,0,0,0,0,0,0,0,0,0,0,0.0,0.0,0.0,0.0,0.0,0.0,0.0,0.0,0.0,0.0
WBGene00017411,F13A2.2,none available,,V,-,protein_coding,4382512,4384582,2071,392,355,690,634,18.93,17.14,36.07,286,483,898,404,1173,0,0,2071,0,0,0,0,0,0,0,0,0,0,0,0.0,0.0,0.0,0.0,0.0,0.0,0.0,0.0,0.0,0.0,0,1,0,0,0,0,0,1,0,1,0.0,2.0704,0.0,0.0,0.0,0.0,0.0,0.4829,0.0,0.4829
WBGene00017413,F13A2.4,none available,,V,-,protein_coding,4398634,4400218,1585,306,324,509,446,19.31,20.44,39.75,77,390,1033,98,565,0,0,1585,0,0,0,1,0,0,0,0,1,0,1,0.0,0.0,0.9681,0.0,0.0,0.0,0.0,0.6309,0.0,0.6309,0,0,0,0,0,0,0,0,0,0,0.0,0.0,0.0,0.0,0.0,0.0,0.0,0.0,0.0,0.0
WBGene00021626,rft-2,none available,"Solute carrier family 52, riboflavin transporter",V,-,protein_coding,4443303,4450563,7261,1342,1262,2335,2322,18.48,17.38,35.86,14,1431,5635,220,1665,0,0,7261,0,0,0,0,0,0,0,0,0,0,0,0.0,0.0,0.0,0.0,0.0,0.0,0.0,0.0,0.0,0.0,0,0,1,0,0,0,0,1,0,1,0.0,0.0,0.1775,0.0,0.0,0.0,0.0,0.1377,0.0,0.1377
WBGene00004947,sos-1,"sos-1 encodes an ortholog of Son of sevenless, a guanine nucleotide exchange factor; sos-1 is required for viability, sex myoblast migration, vulval induction, and oogenesis; sos-1 acts genetically downstream of let-23 and upstream of let-60 with respect to vulval development; SOS-1 binds bovine calmodulin in vitro in a calcium-dependent manner.","Dbl homology (DH) domain; Histone-fold; PH domain-like; Pleckstrin homology domain; Ras guanine nucleotide exchange factor domain; Ras guanine-nucleotide exchange factors catalytic domain; Ras-like guanine nucleotide exchange factor, N-terminal",V,-,protein_coding,4516944,4549291,32348,6041,5453,10271,10583,18.68,16.86,35.53,12,4489,27116,745,5239,0,0,32348,0,0,0,0,0,0,0,0,0,0,0,0.0,0.0,0.0,0.0,0.0,0.0,0.0,0.0,0.0,0.0,0,1,0,0,0,0,0,1,0,1,0.0,0.2228,0.0,0.0,0.0,0.0,0.0,0.0309,0.0,0.0309
WBGene00016507,abhd-5.2,none available,Alpha/Beta hydrolase fold; Alpha/beta hydrolase fold-1,V,+,protein_coding,4844685,4847025,2341,461,433,745,702,19.69,18.5,38.19,7,1382,851,155,1544,0,0,2341,0,0,0,0,0,0,0,0,0,0,0,0.0,0.0,0.0,0.0,0.0,0.0,0.0,0.0,0.0,0.0,0,0,1,0,0,0,0,1,0,1,0.0,0.0,1.1751,0.0,0.0,0.0,0.0,0.4272,0.0,0.4272
WBGene00016511,C37H5.13,none available,Acyl-CoA thioesterase; HotDog domain,V,-,protein_coding,4856958,4862965,6008,1128,1043,2094,1743,18.77,17.36,36.14,234,1297,4198,607,1880,0,0,6008,0,0,0,0,0,0,0,0,0,0,0,0.0,0.0,0.0,0.0,0.0,0.0,0.0,0.0,0.0,0.0,0,0,1,0,0,0,0,1,0,1,0.0,0.0,0.2382,0.0,0.0,0.0,0.0,0.1664,0.0,0.1664
WBGene00015071,cest-30,none available,"Alpha/Beta hydrolase fold; Carboxylesterase, type B",V,-,protein_coding,5260332,5263099,2768,433,541,913,881,15.64,19.54,35.19,0,1737,1031,0,1737,0,0,2768,0,0,0,0,0,0,0,0,0,0,0,0.0,0.0,0.0,0.0,0.0,0.0,0.0,0.0,0.0,0.0,0,0,1,0,0,0,0,1,0,1,0.0,0.0,0.9699,0.0,0.0,0.0,0.0,0.3613,0.0,0.3613
WBGene00003567,ncx-2,"ncx-2 encodes, by alternative splicing, three full-length isoforms of a putative 3Na[+]/1Ca[2+] exchanger, orthologous to human SLC8A1-3 and paralogous to NCX-1 and NCX-3; NCX-2 is predicted to export free cytoplasmic Ca[2+] with low affinity but high capacity, being complemented by low-capacity/high-affinity Ca[2+] ATPase pumps such as MCA-1/-3; NCX-3 has tandem Calx-alpha and Calx-beta domains predicted to carry out ion transport and regulation; NCX-1 is required for normally rapid growth in mass RNAi assays.","Na-Ca exchanger/integrin-beta4; Sodium/calcium exchanger domain, C-terminal extension; Sodium/calcium exchanger membrane region; Sodium/calcium exchanger protein",V,+,protein_coding,5303689,5311270,7582,1446,1514,2324,2298,19.07,19.97,39.04,47,2952,4008,801,3760,0,0,7582,0,0,1,0,0,0,0,0,1,0,1,0.0,0.3388,0.0,0.0,0.0,0.0,0.0,0.1319,0.0,0.1319,0,0,0,0,0,0,0,0,0,0,0.0,0.0,0.0,0.0,0.0,0.0,0.0,0.0,0.0,0.0
WBGene00019601,K09H11.4,none available,,V,-,protein_coding,5722832,5726563,3732,651,776,1008,1297,17.44,20.79,38.24,18,1893,1574,247,2158,0,0,3732,0,0,0,0,0,0,0,0,0,0,0,0.0,0.0,0.0,0.0,0.0,0.0,0.0,0.0,0.0,0.0,0,1,0,0,0,0,0,1,0,1,0.0,0.5283,0.0,0.0,0.0,0.0,0.0,0.268,0.0,0.268
WBGene00018424,pgph-2,none available,"2-phosphoglycolate phosphatase, eukaryotic; HAD-like domain; HAD-superfamily hydrolase, subfamily IIA",V,+,protein_coding,5765127,5771768,6642,1179,1169,2115,2179,17.75,17.6,35.35,81,1008,5352,201,1290,0,0,6642,0,0,0,0,0,0,0,1,0,0,1,0.0,0.0,0.0,0.0,0.0,0.0,0.0,0.0,0.0,0.1506,0,0,0,0,0,0,0,0,0,0,0.0,0.0,0.0,0.0,0.0,0.0,0.0,0.0,0.0,0.0
WBGene00017834,F26F12.3,none available,,V,-,protein_coding,5838955,5845719,6765,1347,1294,2075,2049,19.91,19.13,39.04,1864,2673,3171,877,4688,0,0,6765,0,0,0,1,0,0,0,0,1,0,1,0.0,0.0,0.3154,0.0,0.0,0.0,0.0,0.1478,0.0,0.1478,0,0,0,0,0,0,0,0,0,0,0.0,0.0,0.0,0.0,0.0,0.0,0.0,0.0,0.0,0.0
WBGene00004206,pst-1,"pst-1 encodes the C. elegans ortholog of the vertebrate PAPST1 PAPS (3'-phosphoadenosine-5'-phosphosulfate) transporter and Drosophila Slalom; pst-1 is required in vivo for heparan sulfation; pst-1 is an essential gene, required both maternally and zygotically for late embryonic and larval development; pst-1 is also required for a subset of neuronal and axonal migrations and for presynaptic development in motor, and possibly touch, neurons; in regulating these developmental processes, pst-1 can function cell non-autonomously; pst-1::gfp is first detected at the two-fold stage of embryogenesis in hypodermal cells; later, pst-1::gfp expression is seen in the seam cells, pharyngeal gland cells, additional anterior cells and possibly in the intestine; PST-1::GFP shows partial localization to the Golgi.",UAA transporter,V,+,protein_coding,5943467,5951417,7951,1189,1346,2652,2764,14.95,16.93,31.88,1120,1410,6257,490,2243,0,0,7951,0,0,1,0,0,0,0,0,1,0,1,0.0,0.7092,0.0,0.0,0.0,0.0,0.0,0.1258,0.0,0.1258,0,0,0,0,0,0,0,0,0,0,0.0,0.0,0.0,0.0,0.0,0.0,0.0,0.0,0.0,0.0
WBGene00015677,cpg-4,"cpg-4 encodes a large (782-residue), unfamiliar, putatively secretedprotein with a C-terminal low-complexity domain; CPG-4 has 35 potentialchondroitin attachment sites, mostly in its C-terminal half, 4 of whichhave been verified by mass spectrometry; CPG-4 has no obvious functionin mass RNAi assays.",Chondroitin proteoglycan 4,V,+,protein_coding,5996416,5999344,2929,615,583,911,820,21.0,19.9,40.9,19,2349,483,78,2446,0,0,2929,0,0,1,0,0,0,0,0,1,0,1,0.0,0.4257,0.0,0.0,0.0,0.0,0.0,0.3414,0.0,0.3414,0,0,0,0,0,0,0,0,0,0,0.0,0.0,0.0,0.0,0.0,0.0,0.0,0.0,0.0,0.0
WBGene00017931,picc-1,none available,CCDC85 family,V,+,protein_coding,6018994,6026338,7345,1269,1464,2167,2445,17.28,19.93,37.21,17,1608,5520,205,1825,0,0,7345,0,0,0,1,0,0,0,0,1,0,1,0.0,0.0,0.1812,0.0,0.0,0.0,0.0,0.1361,0.0,0.1361,0,0,0,0,0,0,0,0,0,0,0.0,0.0,0.0,0.0,0.0,0.0,0.0,0.0,0.0,0.0
WBGene00004373,rme-1,"rme-1 encodes a conserved, EPS15 homology (EH) domain-containing protein; RME-1 is required for endocytosis, specifically for modulating endocytic transport through the endosomal recycling compartment (ERC); RME-1 is ubiquitously expressed and, in the polarized intestinal epithelium, is found on basolateral recycling endosomes.","Dynamin superfamily; EF-hand domain pair; EH domain; EH domain-containing protein, N-terminal; P-loop containing nucleoside triphosphate hydrolase",V,+,protein_coding,6208885,6217664,8780,1496,1690,2588,3006,17.04,19.25,36.29,762,2604,6605,405,3273,0,0,8780,0,0,1,0,0,0,0,0,1,0,1,0.0,0.384,0.0,0.0,0.0,0.0,0.0,0.1139,0.0,0.1139,0,0,0,0,0,0,0,0,0,0,0.0,0.0,0.0,0.0,0.0,0.0,0.0,0.0,0.0,0.0
WBGene00017430,bcl-11,none available,Zinc finger C2H2-type,V,+,protein_coding,6356025,6362997,6973,1269,1617,1970,2117,18.2,23.19,41.39,356,2100,3422,1261,3717,0,0,6973,0,0,0,0,1,0,0,0,1,0,1,0.0,0.0,0.0,0.793,0.0,0.0,0.0,0.1434,0.0,0.1434,0,0,0,0,0,0,0,0,0,0,0.0,0.0,0.0,0.0,0.0,0.0,0.0,0.0,0.0,0.0
WBGene00020264,acl-8,none available,"Acyltransferase, C-terminal domain; Phospholipid/glycerol acyltransferase",V,+,protein_coding,6450870,6453119,2250,402,388,704,756,17.87,17.24,35.11,28,1119,856,247,1394,0,0,2250,0,0,1,0,0,0,0,0,1,0,1,0.0,0.8937,0.0,0.0,0.0,0.0,0.0,0.4444,0.0,0.4444,0,0,0,0,0,0,0,0,0,0,0.0,0.0,0.0,0.0,0.0,0.0,0.0,0.0,0.0,0.0
WBGene00006815,unc-83,"unc-83 encodes a KASH domain-containing transmembrane protein; during development, UNC-83 is required for nuclear migrations in P cells, hyp7 hypodermal precursors, and intestinal cells and thus, for ventral nerve cord development, locomotion, and vulval formation; specifically, UNC-83 functions to recruit kinesin and dynein motor complexes to the nuclear envelope to regulate the directionality and extent of nuclear migrations; UNC-83 localizes to the outer nuclear membrane and its localization is dependent upon the SUN domain of UNC-84, an inner nuclear membrane protein with which it interacts in vitro; UNC-83 and UNC-84 are thus proposed to link the nuclear lamina with the cytoskeleton to properly effect nuclear migrations.",,V,+,protein_coding,6465065,6487883,22819,3876,4584,6701,7658,16.99,20.09,37.07,689,3126,19010,535,3819,0,0,22819,0,0,1,0,0,0,0,0,1,0,1,0.0,0.3199,0.0,0.0,0.0,0.0,0.0,0.0438,0.0,0.0438,0,0,0,0,0,0,0,0,0,0,0.0,0.0,0.0,0.0,0.0,0.0,0.0,0.0,0.0,0.0
WBGene00017618,F20A1.6,none available,,V,-,protein_coding,7024595,7027155,2561,464,420,832,845,18.12,16.4,34.52,75,747,1748,192,1014,0,0,2561,0,0,1,0,0,0,0,0,1,0,1,0.0,1.3387,0.0,0.0,0.0,0.0,0.0,0.3905,0.0,0.3905,0,0,0,0,0,0,0,0,0,0,0.0,0.0,0.0,0.0,0.0,0.0,0.0,0.0,0.0,0.0
WBGene00006666,twk-11,twk-11 encodes one of more than 40 TWK (two-P domain K+) potassium channels in C. elegans that contain two pore regions and four transmembrane domains; orthologous to C. briggsae CBG19123 with some similarity to Drosophila CG6004.,Potassium channel domain; Two pore domain potassium channel,V,-,protein_coding,7028258,7036575,8318,1485,1617,2389,2827,17.85,19.44,37.29,133,5242,3556,1521,5782,0,0,8318,0,0,0,0,0,0,0,0,0,0,0,0.0,0.0,0.0,0.0,0.0,0.0,0.0,0.0,0.0,0.0,0,0,1,0,0,0,0,1,0,1,0.0,0.0,0.2812,0.0,0.0,0.0,0.0,0.1202,0.0,0.1202
WBGene00201968,VC5.16,none available,,V,-,ncRNA,7098602,7098746,145,47,27,34,37,32.41,18.62,51.03,0,0,0,0,145,0,0,145,0,0,0,0,0,0,0,0,0,0,0,0.0,0.0,0.0,0.0,0.0,0.0,0.0,0.0,0.0,0.0,0,0,1,0,0,0,0,1,0,1,0.0,0.0,0.0,0.0,0.0,0.0,0.0,6.8966,0.0,6.8966
WBGene00020945,clec-219,none available,C-type lectin fold; C-type lectin-like/link domain,V,+,protein_coding,8318435,8322867,4433,744,738,1469,1482,16.78,16.65,33.43,23,732,3614,64,819,0,0,4433,0,0,0,0,0,0,0,0,0,0,0,0.0,0.0,0.0,0.0,0.0,0.0,0.0,0.0,0.0,0.0,0,0,1,0,0,0,0,1,0,1,0.0,0.0,0.2767,0.0,0.0,0.0,0.0,0.2256,0.0,0.2256
WBGene00017152,EGAP798.1,none available,,V,+,pseudogene,8876035,8878804,2770,582,746,780,662,21.01,26.93,47.94,0,0,0,0,0,0,0,2770,0,0,1,0,0,0,0,0,1,0,1,0.0,0.0,0.0,0.0,0.0,0.0,0.0,0.361,0.0,0.361,0,0,0,0,0,0,0,0,0,0,0.0,0.0,0.0,0.0,0.0,0.0,0.0,0.0,0.0,0.0
WBGene00001842,her-1,"her-1 generates two transcripts, the larger of which encodes a small,secreted, cysteine-rich protein (HER-1A) required for normal sexdetermination in wild-type XO male animals, while being dispensable forsex determination in XX hermaphrodites; transcription of her-1 in XXanimals is repressed by SDC-2; HER-1A protein has two all-helicaldomains, with fourteen conserved cysteine residues forming sevendisulfide bonds, at least eight of which residues are critical forfunction in vivo; HER-1A has no known homologs except in other nematodes(e.g., Brugia malayi), and does not structurally resemble otherwell-known secreted proteins; HER-1A inhibits the receptor TRA-2A invivo, and binds it in vitro; HER-1A functions nonautonomously andrequires a signal sequence for biological activity; the her-1(n695gf)mutation alters a site in the her-1 promoter bound by SDC-2, partiallytransforms XX animals into phenotypic males, and requires sup-26 andsup-27 to do so.",Protein Her-1,V,+,protein_coding,9697015,9702035,5021,835,891,1566,1729,16.63,17.75,34.38,193,528,3896,483,1127,0,0,5021,0,0,1,0,0,0,0,0,1,0,1,0.0,1.8939,0.0,0.0,0.0,0.0,0.0,0.1992,0.0,0.1992,0,0,0,0,0,0,0,0,0,0,0.0,0.0,0.0,0.0,0.0,0.0,0.0,0.0,0.0,0.0
WBGene00201401,T28B11.22,none available,,V,-,ncRNA,10716914,10717262,349,110,88,93,58,31.52,25.21,56.73,0,0,0,0,349,0,0,349,0,0,0,0,0,0,0,0,0,0,0,0.0,0.0,0.0,0.0,0.0,0.0,0.0,0.0,0.0,0.0,0,0,0,0,0,0,1,0,0,1,0.0,0.0,0.0,0.0,0.0,0.0,0.0,0.0,0.0,2.8653
WBGene00007799,nrx-1,"nrx-1 encodes the C. elegans ortholog of neurexins, presynaptic transmembrane neural adhesion molecules that contain extracellular laminin and EGF domains and play a critical role in synaptic development; genetic analyses suggest that nrx-1 may play a role in regulation of adult lifespan; nrx-1 expression is controlled by daf-2 and daf-16.",Concanavalin A-like lectin/glucanase domain; EGF-like domain; Laminin G domain,V,+,protein_coding,10825011,10846703,21693,3554,4142,6647,7350,16.38,19.09,35.48,209,5516,16775,282,6007,0,0,21693,0,0,0,1,0,0,0,0,1,0,1,0.0,0.0,0.0596,0.0,0.0,0.0,0.0,0.0461,0.0,0.0461,0,0,0,0,0,0,0,0,0,0,0.0,0.0,0.0,0.0,0.0,0.0,0.0,0.0,0.0,0.0
WBGene00000065,act-3,"act-3 encodes an invertebrate actin, highly similar to ACT-1, ACT-2, and ACT-4, that functions in body wall muscle; act-3 functions with two other action isoforms, act-1 and act-2, to control cytoplasmic microfilament function in the early embryo.",Actin family,V,-,protein_coding,11071690,11074498,2809,718,485,860,746,25.56,17.27,42.83,105,1131,1252,322,1558,0,0,2809,0,0,0,0,0,0,0,0,0,0,0,0.0,0.0,0.0,0.0,0.0,0.0,0.0,0.0,0.0,0.0,0,0,0,0,0,0,1,0,0,1,0.0,0.0,0.0,0.0,0.0,0.0,0.0,0.0,0.0,0.356
WBGene00010744,K10D6.4,none available,,V,+,protein_coding,11201925,11216776,14852,2450,2959,4400,5043,16.5,19.92,36.42,0,1101,13340,411,1512,0,0,14852,0,0,0,1,0,0,0,0,1,0,1,0.0,0.0,0.075,0.0,0.0,0.0,0.0,0.0673,0.0,0.0673,0,0,0,0,0,0,0,0,0,0,0.0,0.0,0.0,0.0,0.0,0.0,0.0,0.0,0.0,0.0
WBGene00219612,linc-153,none available,,V,-,lincRNA,11641024,11643916,2893,467,485,1026,915,16.14,16.76,32.91,0,0,0,0,2828,0,0,2893,0,0,0,1,0,0,0,0,1,0,1,0.0,0.0,0.0,0.0,0.0,0.0,0.0,0.3457,0.0,0.3457,0,0,0,0,0,0,0,0,0,0,0.0,0.0,0.0,0.0,0.0,0.0,0.0,0.0,0.0,0.0
WBGene00011436,T04F3.1,none available,"Aminotransferase, class I/classII; Pyridoxal phosphate-dependent transferase; Pyridoxal phosphate-dependent transferase, major region, subdomain 1; Pyridoxal phosphate-dependent transferase, subdomain 2",V,+,protein_coding,11740065,11754111,14047,2610,2488,4982,3967,18.58,17.71,36.29,165,10383,3413,86,10634,0,0,14047,0,0,0,0,1,0,0,0,1,0,1,0.0,0.0,0.0,11.6279,0.0,0.0,0.0,0.0712,0.0,0.0712,0,0,0,0,0,0,0,0,0,0,0.0,0.0,0.0,0.0,0.0,0.0,0.0,0.0,0.0,0.0
WBGene00077538,T04F3.5,none available,,V,+,protein_coding,11760671,11761962,1292,227,199,446,420,17.57,15.4,32.97,18,744,462,68,830,0,0,1292,0,0,0,0,0,0,0,0,0,0,0,0.0,0.0,0.0,0.0,0.0,0.0,0.0,0.0,0.0,0.0,0,1,0,0,0,0,0,1,0,1,0.0,1.3441,0.0,0.0,0.0,0.0,0.0,0.774,0.0,0.774
WBGene00197013,F58H1.14,none available,,V,+,ncRNA,11958072,11958253,182,23,62,32,65,12.64,34.07,46.7,0,0,0,0,182,0,0,182,0,0,0,1,0,0,0,0,1,0,1,0.0,0.0,0.0,0.0,0.0,0.0,0.0,5.4945,0.0,5.4945,0,0,0,0,0,0,0,0,0,0,0.0,0.0,0.0,0.0,0.0,0.0,0.0,0.0,0.0,0.0
WBGene00011449,slfl-5,none available,"P-loop containing nucleoside triphosphate hydrolase; Translation elongation factor EF1A/initiation factor IF2gamma, C-terminal; Translation protein, beta-barrel domain",V,-,protein_coding,12241971,12245044,3074,538,551,988,997,17.5,17.92,35.43,96,1767,852,359,2222,0,0,3074,0,0,0,0,0,0,0,0,0,0,0,0.0,0.0,0.0,0.0,0.0,0.0,0.0,0.0,0.0,0.0,0,0,0,1,0,0,0,1,0,1,0.0,0.0,0.0,2.7855,0.0,0.0,0.0,0.3253,0.0,0.3253
WBGene00007606,C15C8.4,none available,"Alpha-2-macroglobulin RAP, C-terminal; Alpha-2-macroglobulin receptor-associated protein, domain 1",V,-,protein_coding,12745201,12747463,2263,357,351,739,816,15.78,15.51,31.29,0,951,968,344,1295,0,0,2263,0,0,0,0,0,0,0,0,0,0,0,0.0,0.0,0.0,0.0,0.0,0.0,0.0,0.0,0.0,0.0,0,0,0,0,0,1,0,0,0,1,0.0,0.0,0.0,0.0,0.0,0.0,0.0,0.0,0.0,0.4419
WBGene00305465,F58E10.8,none available,,V,-,ncRNA,13995103,14006079,10977,1896,1881,3575,3625,17.27,17.14,34.41,0,0,0,0,0,0,0,10977,0,0,0,0,0,0,0,1,0,0,1,0.0,0.0,0.0,0.0,0.0,0.0,0.0,0.0,0.0,0.0911,0,0,0,0,0,0,0,0,0,0,0.0,0.0,0.0,0.0,0.0,0.0,0.0,0.0,0.0,0.0
WBGene00044109,K02E11.10,none available,,V,-,protein_coding,14240069,14241151,1083,311,314,216,242,28.72,28.99,57.71,0,1083,0,0,1083,0,0,1083,0,0,0,0,0,0,0,0,0,0,0,0.0,0.0,0.0,0.0,0.0,0.0,0.0,0.0,0.0,0.0,0,1,0,0,0,0,0,1,0,1,0.0,0.9234,0.0,0.0,0.0,0.0,0.0,0.9234,0.0,0.9234
WBGene00013027,Y49A3A.4,none available,ShKT domain,V,-,protein_coding,14356846,14358890,2045,391,392,636,626,19.12,19.17,38.29,540,732,719,54,1326,0,0,2045,0,0,0,0,0,0,0,0,0,0,0,0.0,0.0,0.0,0.0,0.0,0.0,0.0,0.0,0.0,0.0,1,0,0,0,0,0,0,1,0,1,1.8519,0.0,0.0,0.0,0.0,0.0,0.0,0.489,0.0,0.489
WBGene00023515,srz-97,none available,"7TM GPCR, serpentine receptor class z (Srz)",V,-,protein_coding,14463847,14468246,4400,766,700,1559,1375,17.41,15.91,33.32,0,864,2685,851,1715,0,0,4400,0,0,0,0,0,0,0,0,0,0,0,0.0,0.0,0.0,0.0,0.0,0.0,0.0,0.0,0.0,0.0,0,0,1,0,0,0,0,1,0,1,0.0,0.0,0.3724,0.0,0.0,0.0,0.0,0.2273,0.0,0.2273
WBGene00008320,slc-25A29,none available,Mitochondrial carrier domain; Mitochondrial substrate/solute carrier,V,-,protein_coding,14653489,14658175,4687,907,779,1495,1506,19.35,16.62,35.97,176,1119,3174,827,1936,0,0,4687,0,0,0,0,0,0,0,0,0,0,0,0.0,0.0,0.0,0.0,0.0,0.0,0.0,0.0,0.0,0.0,0,0,1,0,0,0,0,1,0,1,0.0,0.0,0.3151,0.0,0.0,0.0,0.0,0.2134,0.0,0.2134
WBGene00198681,W06A7.8,none available,,V,+,ncRNA,14833331,14833455,125,21,50,23,31,16.8,40.0,56.8,0,0,0,0,125,0,0,125,0,0,0,1,0,0,0,0,1,0,1,0.0,0.0,0.0,0.0,0.0,0.0,0.0,8.0,0.0,8.0,0,0,0,0,0,0,0,0,0,0,0.0,0.0,0.0,0.0,0.0,0.0,0.0,0.0,0.0,0.0
WBGene00010386,H12D21.10,none available,Glycosyltransferase 61,V,+,protein_coding,14899804,14911929,12126,2106,2014,4075,3931,17.37,16.61,33.98,82,1572,10376,96,1750,0,0,12126,0,0,0,1,0,0,0,0,1,0,1,0.0,0.0,0.0964,0.0,0.0,0.0,0.0,0.0825,0.0,0.0825,0,0,0,0,0,0,0,0,0,0,0.0,0.0,0.0,0.0,0.0,0.0,0.0,0.0,0.0,0.0
WBGene00008522,nlp-59,none available,,V,+,protein_coding,14971436,14972419,984,194,165,288,337,19.72,16.77,36.48,15,270,307,392,677,0,0,984,0,0,0,0,0,0,0,0,0,0,0,0.0,0.0,0.0,0.0,0.0,0.0,0.0,0.0,0.0,0.0,0,0,1,0,0,0,0,1,0,1,0.0,0.0,3.2573,0.0,0.0,0.0,0.0,1.0163,0.0,1.0163
WBGene00008520,F02D8.1,none available,,V,-,protein_coding,14972855,14978701,5847,1018,1058,1777,1994,17.41,18.09,35.51,170,528,5097,52,750,0,0,5847,0,0,0,1,0,0,0,0,1,0,1,0.0,0.0,0.1962,0.0,0.0,0.0,0.0,0.171,0.0,0.171,0,0,0,0,0,0,0,0,0,0,0.0,0.0,0.0,0.0,0.0,0.0,0.0,0.0,0.0,0.0
WBGene00004308,rap-2,"rap-2 encodes a Ras-related GTPase that is most similar to the RAP2 members of the Ras GTPase superfamily; by homology, RAP-2 is predicted to function as a membrane-localized GTPase that likely plays a role in signal transduction; loss-of- and gain-of-functions of rap-2 causes synapse patterning defect in DA motor neurons.","P-loop containing nucleoside triphosphate hydrolase; Small GTP-binding protein domain; Small GTPase superfamily; Small GTPase superfamily, Ras type",V,-,protein_coding,15061488,15064087,2600,421,410,856,913,16.19,15.77,31.96,15,546,1629,410,971,0,0,2600,0,0,0,0,0,0,0,0,0,0,0,0.0,0.0,0.0,0.0,0.0,0.0,0.0,0.0,0.0,0.0,0,1,0,0,0,0,0,1,0,1,0.0,1.8315,0.0,0.0,0.0,0.0,0.0,0.3846,0.0,0.3846
WBGene00008321,C55A1.1,none available,"7TM GPCR, serpentine receptor class r (Str)",V,+,protein_coding,15621818,15623077,1260,285,242,326,407,22.62,19.21,41.83,0,810,450,0,810,0,0,1260,0,0,0,0,0,0,0,0,0,0,0,0.0,0.0,0.0,0.0,0.0,0.0,0.0,0.0,0.0,0.0,0,0,1,0,0,0,0,1,0,1,0.0,0.0,2.2222,0.0,0.0,0.0,0.0,0.7937,0.0,0.7937
WBGene00010688,srz-12,none available,"7TM GPCR, serpentine receptor class z (Srz)",V,-,protein_coding,15861452,15862699,1248,234,186,439,389,18.75,14.9,33.65,0,996,252,0,996,0,0,1248,0,0,0,0,0,0,0,0,0,0,0,0.0,0.0,0.0,0.0,0.0,0.0,0.0,0.0,0.0,0.0,0,0,1,0,0,0,0,1,0,1,0.0,0.0,3.9683,0.0,0.0,0.0,0.0,0.8013,0.0,0.8013
WBGene00305396,F36G9.19,none available,,V,-,ncRNA,15987723,15996384,8662,1626,1626,2841,2569,18.77,18.77,37.54,0,0,0,0,0,0,0,8662,0,0,0,1,0,0,0,0,1,0,1,0.0,0.0,0.0,0.0,0.0,0.0,0.0,0.1154,0.0,0.1154,0,0,0,0,0,0,0,0,0,0,0.0,0.0,0.0,0.0,0.0,0.0,0.0,0.0,0.0,0.0
WBGene00014735,cyp-35D2,none available,,V,+,pseudogene,16063551,16064108,558,127,108,170,153,22.76,19.35,42.11,0,0,0,0,0,0,0,558,0,0,0,1,0,0,0,0,1,0,1,0.0,0.0,0.0,0.0,0.0,0.0,0.0,1.7921,0.0,1.7921,0,0,0,0,0,0,0,0,0,0,0.0,0.0,0.0,0.0,0.0,0.0,0.0,0.0,0.0,0.0
WBGene00005834,srw-87,none available,"7TM GPCR, serpentine receptor class w (Srw)",V,+,protein_coding,16336626,16338277,1652,305,338,482,527,18.46,20.46,38.92,0,1086,566,0,1086,0,0,1652,0,0,0,1,0,0,0,0,1,0,1,0.0,0.0,1.7668,0.0,0.0,0.0,0.0,0.6053,0.0,0.6053,0,0,0,0,0,0,0,0,0,0,0.0,0.0,0.0,0.0,0.0,0.0,0.0,0.0,0.0,0.0
WBGene00010215,nhr-193,none available,"Nuclear hormone receptor, ligand-binding domain; Zinc finger, NHR/GATA-type; Zinc finger, nuclear hormone receptor-type",V,+,protein_coding,16342308,16344401,2094,392,359,642,701,18.72,17.14,35.86,189,1155,604,146,1490,0,0,2094,0,0,0,1,0,0,0,0,1,0,1,0.0,0.0,1.6556,0.0,0.0,0.0,0.0,0.4776,0.0,0.4776,0,0,0,0,0,0,0,0,0,0,0.0,0.0,0.0,0.0,0.0,0.0,0.0,0.0,0.0,0.0
WBGene00012348,pptr-1,"pptr-1 encodes a PP2A holoenzyme regulatory subunit, a member of the B56 family of genes  homologous to mammalian PPP2R5B (OMIM: 601644); out of the seven PP2A regulatory subunits only pptr-1 regulates dauer formation downstream of daf-2;pptr-1 controls dauer formation specifically through the IIS pathway; pptr-1 regulates multiple phenotypes associated with the IIS pathways like stress resistance and life span; genetically pptr-1 is at the level of or downstream of akt-1 in IIS pathway; PPTR-1/mammalian B56beta regulatory subunit function to modulate AKT-1 phosphorylation in a conserved manner across phylogeny; changes in PPTR-1 levels affect the activity of AKT-1 and as a result, modulate DAF-16 subcellular localization; PPTR-1 positively regulates DAF-16 nuclear localization and thereby its activity on transcriptional targets; PPTR1 expression is predominantly cytosolic and overlaps with AKT-2  in pharynx, head neurons, nerve ring, spermathecae and vulva.","Armadillo-type fold; Protein phosphatase 2A, regulatory B subunit, B56",V,+,protein_coding,16357521,16367574,10054,1447,1661,3605,3341,14.39,16.52,30.91,131,1629,7319,975,2735,0,0,10054,0,0,1,0,0,0,0,0,1,0,1,0.0,0.6139,0.0,0.0,0.0,0.0,0.0,0.0995,0.0,0.0995,0,0,0,0,0,0,0,0,0,0,0.0,0.0,0.0,0.0,0.0,0.0,0.0,0.0,0.0,0.0
WBGene00013490,Y70C5A.2,none available,"7TM GPCR, serpentine receptor class h (Srh)",V,-,protein_coding,16621396,16623211,1816,398,354,597,467,21.92,19.49,41.41,0,1068,748,0,1068,0,0,1816,0,0,0,0,0,0,0,0,0,0,0,0.0,0.0,0.0,0.0,0.0,0.0,0.0,0.0,0.0,0.0,0,0,1,0,0,0,0,1,0,1,0.0,0.0,1.3369,0.0,0.0,0.0,0.0,0.5507,0.0,0.5507
WBGene00005789,srw-42,none available,"7TM GPCR, serpentine receptor class w (Srw); G protein-coupled receptor, rhodopsin-like",V,-,protein_coding,16692125,16693832,1708,348,302,597,461,20.37,17.68,38.06,0,1149,559,0,1149,0,0,1708,0,0,0,0,0,0,0,0,0,0,0,0.0,0.0,0.0,0.0,0.0,0.0,0.0,0.0,0.0,0.0,0,0,1,0,0,0,0,1,0,1,0.0,0.0,1.7889,0.0,0.0,0.0,0.0,0.5855,0.0,0.5855
WBGene00004026,phy-3,"phy-3 encodes  a catalytic alpha subunit of  collagen prolyl 4-hydroxylase (P4H) orthologous to human P4H alpha (III) isoform (OMIM: 608987). phy-3 belongs to a family of genes coding for catalytic subunits of the collagen modifying enzyme prolyl 4-hydroxylase; PHY-3 is involved in the synthesis of collagens in early embryos; PHY-3 have no obvious phenotypic abnormalities, but the 4-hydroxyproline content of their embryos is markedly reduced; C-P4H activity is only generated when it is coexpressed with another C. elegans PDI isoform; PHY-3 is expressed in the embryos, late larval stages, and adult nematodes, its expression in the larval and adult stages restricted to the spermatheca.","Oxoglutarate/iron-dependent dioxygenase; Prolyl 4-hydroxylase, alpha subunit",V,+,protein_coding,16833165,16839142,5978,1260,1203,1698,1817,21.08,20.12,41.2,65,957,4887,71,1093,0,0,5978,0,0,0,1,0,0,0,0,1,0,1,0.0,0.0,0.2046,0.0,0.0,0.0,0.0,0.1673,0.0,0.1673,0,0,0,0,0,0,0,0,0,0,0.0,0.0,0.0,0.0,0.0,0.0,0.0,0.0,0.0,0.0
WBGene00005521,sri-9,none available,"7TM GPCR, serpentine chemoreceptor class i (Sri)",V,+,protein_coding,17001467,17003587,2121,365,418,643,695,17.21,19.71,36.92,0,1044,1077,0,1044,0,0,2121,0,0,0,1,0,0,0,0,1,0,1,0.0,0.0,0.9285,0.0,0.0,0.0,0.0,0.4715,0.0,0.4715,0,0,0,0,0,0,0,0,0,0,0.0,0.0,0.0,0.0,0.0,0.0,0.0,0.0,0.0,0.0
WBGene00045506,F57G4.10,none available,"Domain of unknown function DUF38, Caenorhabditis species",V,+,protein_coding,17628866,17630215,1350,386,296,303,365,28.59,21.93,50.52,0,438,912,0,438,0,0,1350,0,0,0,0,0,0,0,0,0,0,0,0.0,0.0,0.0,0.0,0.0,0.0,0.0,0.0,0.0,0.0,0,0,1,0,0,0,0,1,0,1,0.0,0.0,1.0965,0.0,0.0,0.0,0.0,0.7407,0.0,0.7407
WBGene00189932,spp-29,none available,Saposin-like,V,-,protein_coding,17696125,17696853,729,143,129,252,205,19.62,17.7,37.31,5,312,347,65,382,0,0,729,0,0,0,1,0,0,0,0,1,0,1,0.0,0.0,2.8818,0.0,0.0,0.0,0.0,1.3717,0.0,1.3717,0,0,0,0,0,0,0,0,0,0,0.0,0.0,0.0,0.0,0.0,0.0,0.0,0.0,0.0,0.0
WBGene00008126,sre-21,"C47A10.4 is orthologous to the human gene ALBINISM, OCULAR, TYPE I (OA1; OMIM:300500), which when mutated leads to Nettleship-Falls type ocular albinism.","7TM GPCR, serpentine receptor class e (Sre)",V,-,protein_coding,17769653,17773208,3556,904,558,1067,1027,25.42,15.69,41.11,0,1098,2458,0,1098,0,0,3556,0,0,0,0,0,0,0,0,0,0,0,0.0,0.0,0.0,0.0,0.0,0.0,0.0,0.0,0.0,0.0,0,0,1,0,0,0,0,1,0,1,0.0,0.0,0.4068,0.0,0.0,0.0,0.0,0.2812,0.0,0.2812
WBGene00012567,Y37H2A.7,none available,"Domain of unknown function DUF38, Caenorhabditis species; F-box domain; Leucine-rich repeat domain, L domain-like",V,-,protein_coding,18133300,18134478,1179,203,244,335,397,17.22,20.7,37.91,0,897,282,0,897,0,0,1179,0,0,1,0,0,0,0,0,1,0,1,0.0,1.1148,0.0,0.0,0.0,0.0,0.0,0.8482,0.0,0.8482,0,0,0,0,0,0,0,0,0,0,0.0,0.0,0.0,0.0,0.0,0.0,0.0,0.0,0.0,0.0
WBGene00008894,F16H6.4,none available,"Peptidase C15, pyroglutamyl peptidase I-like; Putative pyroglutamyl peptidase PgaPase_1",V,+,protein_coding,18198721,18205815,7095,1176,1136,2388,2395,16.58,16.01,32.59,0,1363,5452,518,1881,0,0,7095,0,0,1,0,0,0,0,0,1,0,1,0.0,0.7337,0.0,0.0,0.0,0.0,0.0,0.1409,0.0,0.1409,0,0,0,0,0,0,0,0,0,0,0.0,0.0,0.0,0.0,0.0,0.0,0.0,0.0,0.0,0.0
WBGene00011207,R10E8.1,none available,"Domain of unknown function DUF38, Caenorhabditis species",V,-,protein_coding,18242323,18252416,10094,1697,1776,3340,3281,16.81,17.59,34.41,1228,939,8709,293,2460,0,0,10094,0,0,0,1,0,0,0,0,1,0,1,0.0,0.0,0.1148,0.0,0.0,0.0,0.0,0.0991,0.0,0.0991,0,0,0,0,0,0,0,0,0,0,0.0,0.0,0.0,0.0,0.0,0.0,0.0,0.0,0.0,0.0
WBGene00194695,B0462.5,none available,,V,-,protein_coding,18322215,18323331,1117,236,221,306,354,21.13,19.79,40.91,20,558,333,206,784,0,0,1117,0,0,0,0,0,0,0,0,0,0,0,0.0,0.0,0.0,0.0,0.0,0.0,0.0,0.0,0.0,0.0,0,0,1,0,0,0,0,1,0,1,0.0,0.0,3.003,0.0,0.0,0.0,0.0,0.8953,0.0,0.8953
WBGene00007440,C08E8.4,none available,NADAR,V,+,protein_coding,18371846,18373532,1687,292,278,578,539,17.31,16.48,33.79,256,630,745,56,942,0,0,1687,0,0,0,1,0,0,0,0,1,0,1,0.0,0.0,1.3423,0.0,0.0,0.0,0.0,0.5928,0.0,0.5928,0,0,0,0,0,0,0,0,0,0,0.0,0.0,0.0,0.0,0.0,0.0,0.0,0.0,0.0,0.0
WBGene00013073,hmit-1.1,"hmit-1.1 encodes one of three C. elegans proton (H+)-dependent myo-inositol transporters; loss of hmit-1.1 activity via large-scale RNAi result in no obvious abnormalities but by homology, HMIT-1.1 is predicted to function as a plasma membrane protein required for the regulated uptake of myo-inositol and thus potentially for regulation of cell signaling and intracellular osmolarity.","Major facilitator superfamily domain; Major facilitator,  sugar transporter-like; Sugar/inositol transporter",V,+,protein_coding,18516789,18523875,7087,1254,1292,2308,2233,17.69,18.23,35.92,91,1821,4996,179,2091,0,0,7087,0,0,0,1,0,0,0,0,1,0,1,0.0,0.0,0.2002,0.0,0.0,0.0,0.0,0.1411,0.0,0.1411,0,0,0,0,0,0,0,0,0,0,0.0,0.0,0.0,0.0,0.0,0.0,0.0,0.0,0.0,0.0
WBGene00013075,ints-5,none available,"Integrator complex subunit 5, C-terminal; Integrator complex subunit 5, N-terminal",V,+,protein_coding,18533953,18549101,15149,2512,3140,5026,4471,16.58,20.73,37.31,10,3174,11888,77,3261,0,0,15149,0,0,0,0,0,0,0,0,0,0,0,0.0,0.0,0.0,0.0,0.0,0.0,0.0,0.0,0.0,0.0,0,0,1,0,0,0,0,1,0,1,0.0,0.0,0.0841,0.0,0.0,0.0,0.0,0.066,0.0,0.066
WBGene00013076,Y51A2D.8,none available,"Cathepsin propeptide inhibitor domain (I29); Peptidase C1A; Peptidase C1A, papain C-terminal",V,-,protein_coding,18550003,18553850,3848,643,701,1196,1308,16.71,18.22,34.93,4,1161,2634,49,1214,0,0,3848,0,0,1,0,0,0,0,0,1,0,1,0.0,0.8613,0.0,0.0,0.0,0.0,0.0,0.2599,0.0,0.2599,0,0,0,0,0,0,0,0,0,0,0.0,0.0,0.0,0.0,0.0,0.0,0.0,0.0,0.0,0.0
WBGene00013480,egas-3,none available,EGF-like calcium-binding domain; EGF-like domain; Epithelial sodium channel,V,-,protein_coding,18628655,18636348,7694,1307,1467,2448,2472,16.99,19.07,36.05,175,2766,4728,25,2966,0,0,7694,0,0,1,0,0,0,0,0,1,0,1,0.0,0.3615,0.0,0.0,0.0,0.0,0.0,0.13,0.0,0.13,0,0,0,0,0,0,0,0,0,0,0.0,0.0,0.0,0.0,0.0,0.0,0.0,0.0,0.0,0.0
WBGene00013481,Y69H2.3,none available,"Follistatin-like, N-terminal; Trypsin Inhibitor-like, cysteine rich domain",V,-,protein_coding,18656088,18664126,8039,1950,1918,2086,2085,24.26,23.86,48.12,30,3215,5902,214,3459,0,0,8039,0,0,0,0,0,0,0,0,0,0,0,0.0,0.0,0.0,0.0,0.0,0.0,0.0,0.0,0.0,0.0,0,1,0,0,0,0,0,1,0,1,0.0,0.311,0.0,0.0,0.0,0.0,0.0,0.1244,0.0,0.1244
WBGene00013485,Y69H2.10,none available,"Trypsin Inhibitor-like, cysteine rich domain",V,+,protein_coding,18670317,18684378,14062,1889,2571,5244,4358,13.43,18.28,31.72,2065,2943,12032,147,3746,0,0,14062,0,0,1,0,0,0,0,0,1,0,1,0.0,0.3398,0.0,0.0,0.0,0.0,0.0,0.0711,0.0,0.0711,0,0,0,0,0,0,0,0,0,0,0.0,0.0,0.0,0.0,0.0,0.0,0.0,0.0,0.0,0.0
WBGene00045361,clec-253,none available,C-type lectin fold; C-type lectin-like; C-type lectin-like/link domain; PAN-3 domain,V,-,pseudogene,18751265,18752299,1035,194,262,297,282,18.74,25.31,44.06,0,0,0,0,0,0,0,1035,0,0,1,0,0,0,0,0,1,0,1,0.0,0.0,0.0,0.0,0.0,0.0,0.0,0.9662,0.0,0.9662,0,0,0,0,0,0,0,0,0,0,0.0,0.0,0.0,0.0,0.0,0.0,0.0,0.0,0.0,0.0
WBGene00003655,nhr-65,"nhr-65 encodes a protein with similarity to members of the nuclear hormone receptor superfamily; although nhr-65 is not predicted to encode a complete DNA-binding domain, it is expressed, based on mRNA analysis cgc3416.","Nuclear hormone receptor, ligand-binding domain; Zinc finger, NHR/GATA-type; Zinc finger, nuclear hormone receptor-type",V,+,protein_coding,18839304,18845443,6140,1123,1038,1957,2022,18.29,16.91,35.2,14,1305,4765,272,1483,0,0,6140,0,0,0,0,0,0,0,0,0,0,0,0.0,0.0,0.0,0.0,0.0,0.0,0.0,0.0,0.0,0.0,0,0,1,0,0,0,0,1,0,1,0.0,0.0,0.2099,0.0,0.0,0.0,0.0,0.1629,0.0,0.1629
WBGene00012700,Y39B6A.42,none available,,V,-,protein_coding,18967905,18969640,1736,401,311,517,507,23.1,17.91,41.01,82,318,1188,163,563,0,0,1736,0,0,0,0,0,0,0,0,0,0,0,0.0,0.0,0.0,0.0,0.0,0.0,0.0,0.0,0.0,0.0,0,1,0,0,0,0,0,1,0,1,0.0,3.1447,0.0,0.0,0.0,0.0,0.0,0.576,0.0,0.576
WBGene00012676,pro-3,none available,"Armadillo-type fold; SDA1 domain; Uncharacterised domain NUC130/133, N-terminal",V,-,protein_coding,19101347,19118412,17066,2549,2514,5649,6354,14.94,14.73,29.67,8,2406,13553,1099,3513,0,0,17066,0,0,0,0,0,0,0,0,0,0,0,0.0,0.0,0.0,0.0,0.0,0.0,0.0,0.0,0.0,0.0,0,0,1,0,0,0,0,1,0,1,0.0,0.0,0.0738,0.0,0.0,0.0,0.0,0.0586,0.0,0.0586
WBGene00012665,pph-5,"pph-5 encodes a protein phosphatase that is the sole C. elegans ortholog of protein phosphatase 5; during anaphase, PPH-5 negatively regulates the cortical granule exocytosis and cytokinesis activities of SEP-1/separase; in this capactiy, PPH-5 appears to function to regulate SEP-1 localization to vesicles at the appropriate times during cell division; pph-5 is expressed throughout development in both the soma and the germ line; in the germ line, a GFP::PPH-5 is cytoplasmic during interphase, becomes enriched at the spindle matrix during mitosis, and then disperses from the spindle during anaphase.","Calcineurin-like phosphoesterase domain, ApaH type; Metallo-dependent phosphatase-like; PPP domain; Serine/threonine protein phosphatase 5; Serine/threonine-specific protein phosphatase/bis(5-nucleosyl)-tetraphosphatase; Tetratricopeptide repeat; Tetratricopeptide-like helical domain",V,+,protein_coding,19190547,19199272,8726,1564,1428,2727,3007,17.92,16.36,34.29,8,1491,6878,349,1848,0,0,8726,0,0,0,0,1,0,0,0,1,0,1,0.0,0.0,0.0,2.8653,0.0,0.0,0.0,0.1146,0.0,0.1146,0,0,0,0,0,0,0,0,0,0,0.0,0.0,0.0,0.0,0.0,0.0,0.0,0.0,0.0,0.0
WBGene00012067,sqst-3,none available,"Zinc finger, ZZ-type",V,+,protein_coding,19230782,19232020,1239,310,278,287,364,25.02,22.44,47.46,0,690,549,0,690,0,0,1239,0,0,0,0,0,0,0,0,0,0,0,0.0,0.0,0.0,0.0,0.0,0.0,0.0,0.0,0.0,0.0,0,0,1,0,0,0,0,1,0,1,0.0,0.0,1.8215,0.0,0.0,0.0,0.0,0.8071,0.0,0.8071
WBGene00012813,Y43F8B.2,none available,GSKIP domain; Protein of unknown function DUF727,V,-,protein_coding,19519938,19533110,13173,2316,2007,4583,4267,17.58,15.24,32.82,94,1115,11989,230,1439,0,0,13173,0,0,0,0,0,0,0,0,0,0,0,0.0,0.0,0.0,0.0,0.0,0.0,0.0,0.0,0.0,0.0,0,0,1,0,0,0,0,1,0,1,0.0,0.0,0.0834,0.0,0.0,0.0,0.0,0.0759,0.0,0.0759
WBGene00007176,kcnl-1,kcnl-1 encodes a small-conductance calcium-activated potassium channel subunit.,"Calmodulin-binding domain; Potassium channel domain; Potassium channel, calcium-activated, SK",V,+,protein_coding,19565382,19606124,40743,6796,7667,12738,13542,16.68,18.82,35.5,376,2862,38260,236,3474,0,0,40743,0,0,1,0,0,0,0,0,1,0,1,0.0,0.3494,0.0,0.0,0.0,0.0,0.0,0.0245,0.0,0.0245,0,0,0,0,0,0,0,0,0,0,0.0,0.0,0.0,0.0,0.0,0.0,0.0,0.0,0.0,0.0
WBGene00012831,Y43F8C.9,none available,,V,+,protein_coding,19646105,19647338,1234,227,277,374,356,18.4,22.45,40.84,12,327,842,53,392,0,0,1234,0,0,0,0,0,0,0,0,0,0,0,0.0,0.0,0.0,0.0,0.0,0.0,0.0,0.0,0.0,0.0,0,0,1,0,0,0,0,1,0,1,0.0,0.0,1.1876,0.0,0.0,0.0,0.0,0.8104,0.0,0.8104
WBGene00012832,dmd-3,"dmd-3 encodes a transcription factor with two DNA-binding Zn finger DM domains that is homologous to vertebrate dmrt-1 (OMIM:154230); dmd-3 is necessary for male-specific morphogenesis of the tail tip; dmd-3 acts with mab-3 to coordinate both tail tip cell fusion and retraction; dmd-3::YFP was expressed in a number of sexually dimorphic or sex-specific cells, including the tail tip, hindgut, B lineage, ray RnA neurons and somatic gonad; dmd-3 expression parallels tail tip remodeling, consistent with a cell autonomous, instructive role for dmd-3 in the control of morphogenesis; dmd-3 is a direct target of repression by TRA-1A in hermaphrodite tail tip and hindgut; sexually dimorphic dmd-3 expression determines the sexual specificity of tail tip morphogenesis; tail tip dmd-3 expression is regulated in an initial Wnt-independent induction of dmd-3, followed by Wnt-dependent maintenance and amplification; maintenance phase expression of dmd-3 requires lin-44 and tlp-1.",DM DNA-binding domain; DMRT/protein doublesex/protein male abnormal 3,V,-,protein_coding,19650025,19655251,5227,993,983,1630,1621,19.0,18.81,37.8,70,805,3925,537,1412,0,0,5227,0,0,0,0,0,0,0,0,0,0,0,0.0,0.0,0.0,0.0,0.0,0.0,0.0,0.0,0.0,0.0,0,1,0,0,0,0,0,1,0,1,0.0,1.2422,0.0,0.0,0.0,0.0,0.0,0.1913,0.0,0.1913
WBGene00196534,Y113G7A.18,none available,,V,+,ncRNA,20132985,20133132,148,43,30,34,41,29.05,20.27,49.32,0,0,0,0,148,0,0,148,0,0,0,0,0,0,0,0,0,0,0,0.0,0.0,0.0,0.0,0.0,0.0,0.0,0.0,0.0,0.0,0,1,0,0,0,0,0,1,0,1,0.0,0.0,0.0,0.0,0.0,0.0,0.0,6.7568,0.0,6.7568
WBGene00013751,Y113G7A.14,none available,,V,-,protein_coding,20135841,20138457,2617,351,383,912,971,13.41,14.64,28.05,14,615,1857,131,760,0,0,2617,0,0,0,0,0,0,0,0,0,0,0,0.0,0.0,0.0,0.0,0.0,0.0,0.0,0.0,0.0,0.0,0,1,0,0,0,0,0,1,0,1,0.0,1.626,0.0,0.0,0.0,0.0,0.0,0.3821,0.0,0.3821
WBGene00009848,F48F5.6,none available,,V,-,protein_coding,20448270,20453184,4915,850,816,1696,1553,17.29,16.6,33.9,49,587,3360,112,712,0,0,4915,0,0,0,0,0,0,0,0,0,0,0,0.0,0.0,0.0,0.0,0.0,0.0,0.0,0.0,0.0,0.0,0,0,1,0,0,0,0,1,0,1,0.0,0.0,0.2976,0.0,0.0,0.0,0.0,0.2035,0.0,0.2035
WBGene00012184,mnr-1,none available,Protein of unknown function DUF2181,V,+,protein_coding,20654650,20659744,5095,1006,970,1548,1571,19.74,19.04,38.78,45,1593,3399,220,1858,0,0,5095,0,0,0,0,0,0,0,0,0,0,0,0.0,0.0,0.0,0.0,0.0,0.0,0.0,0.0,0.0,0.0,0,0,1,0,0,0,0,1,0,1,0.0,0.0,0.2942,0.0,0.0,0.0,0.0,0.1963,0.0,0.1963
WBGene00012850,Y44A6C.1,none available,,V,+,protein_coding,20713920,20716872,2953,469,500,984,1000,15.88,16.93,32.81,26,978,1681,268,1272,0,0,2953,0,0,0,1,0,0,0,0,1,0,1,0.0,0.0,0.5949,0.0,0.0,0.0,0.0,0.3386,0.0,0.3386,0,0,0,0,0,0,0,0,0,0,0.0,0.0,0.0,0.0,0.0,0.0,0.0,0.0,0.0,0.0
WBGene00004013,pha-4,"pha-4 encodes a FoxA transcription factor; during embryonic development, PHA-4 functions as an organ identity gene whose activity is necessary and sufficient for development of the pharynx/foregut; in addition, PHA-4 plays a key role in regulation of diet-restriction-induced longevity in adult animals; PHA-4 expression begins early in embryogenesis and is seen in pharyngeal and intestinal cells (foregut and midgut); PHA-4 is also expressed later in the developing somatic gonad.",Fork head domain; Winged helix-turn-helix DNA-binding domain,V,+,protein_coding,20753052,20760317,7266,1239,1458,2258,2311,17.05,20.07,37.12,3,1521,5108,637,2158,0,0,7266,0,0,0,1,0,0,0,0,1,0,1,0.0,0.0,0.1958,0.0,0.0,0.0,0.0,0.1376,0.0,0.1376,0,0,0,0,0,0,0,0,0,0,0.0,0.0,0.0,0.0,0.0,0.0,0.0,0.0,0.0,0.0
WBGene00022205,Y73B3A.3,none available,,X,-,pseudogene,84041,94978,10938,1920,1991,3493,3534,17.55,18.2,35.76,0,0,0,0,0,0,0,10938,0,0,0,0,0,0,0,0,0,0,0,0.0,0.0,0.0,0.0,0.0,0.0,0.0,0.0,0.0,0.0,0,0,1,0,0,0,0,1,0,1,0.0,0.0,0.0,0.0,0.0,0.0,0.0,0.0914,0.0,0.0914
WBGene00022211,Y73B3A.9,none available,,X,-,pseudogene,150363,157246,6884,1306,1238,1992,2348,18.97,17.98,36.96,0,0,0,0,0,0,0,6884,0,0,0,0,0,0,0,0,0,0,0,0.0,0.0,0.0,0.0,0.0,0.0,0.0,0.0,0.0,0.0,0,0,1,0,0,0,0,1,0,1,0.0,0.0,0.0,0.0,0.0,0.0,0.0,0.1453,0.0,0.1453
WBGene00015430,C04E7.3,none available,,X,-,protein_coding,334567,347217,12651,2187,2262,3870,4332,17.29,17.88,35.17,23,3141,8623,864,4028,0,0,12651,0,0,0,1,0,0,0,0,1,0,1,0.0,0.0,0.116,0.0,0.0,0.0,0.0,0.079,0.0,0.079,0,0,0,0,0,0,0,0,0,0,0.0,0.0,0.0,0.0,0.0,0.0,0.0,0.0,0.0,0.0
WBGene00045270,C04E7.5,none available,,X,+,protein_coding,360779,362965,2187,381,399,702,705,17.42,18.24,35.67,75,405,1677,30,510,0,0,2187,0,0,0,0,0,0,0,0,0,0,0,0.0,0.0,0.0,0.0,0.0,0.0,0.0,0.0,0.0,0.0,0,0,1,0,0,0,0,1,0,1,0.0,0.0,0.5963,0.0,0.0,0.0,0.0,0.4572,0.0,0.4572
WBGene00199585,ZK1193.9,none available,,X,+,ncRNA,434390,434522,133,55,17,43,18,41.35,12.78,54.14,0,0,0,0,133,0,0,133,0,0,0,0,0,0,0,0,0,0,0,0.0,0.0,0.0,0.0,0.0,0.0,0.0,0.0,0.0,0.0,0,0,0,0,0,1,0,0,0,1,0.0,0.0,0.0,0.0,0.0,0.0,0.0,0.0,0.0,7.5188
WBGene00200462,B0310.9,none available,,X,+,ncRNA,498840,498977,138,36,34,36,32,26.09,24.64,50.72,0,0,0,0,138,0,0,138,0,0,0,0,0,0,0,0,0,0,0,0.0,0.0,0.0,0.0,0.0,0.0,0.0,0.0,0.0,0.0,0,0,1,0,0,0,0,1,0,1,0.0,0.0,0.0,0.0,0.0,0.0,0.0,7.2464,0.0,7.2464
WBGene00015139,B0310.3,none available,,X,-,protein_coding,510673,520981,10309,1605,1860,3419,3425,15.57,18.04,33.61,484,1254,8524,145,1883,0,0,10309,0,0,0,1,0,0,0,0,1,0,1,0.0,0.0,0.1173,0.0,0.0,0.0,0.0,0.097,0.0,0.097,0,0,0,0,0,0,0,0,0,0,0.0,0.0,0.0,0.0,0.0,0.0,0.0,0.0,0.0,0.0
WBGene00002056,ifc-2,"ifc-2 encodes three isoforms of an intermediate filament protein dispensable for viability but required for normal movement, growth rate, body size, body shape, and cuticle strength; IFC-2 is present in the cytoplasm of intestinal cells, and at the desmosomes of intestinal and pharyngeal cells.",Intermediate filament protein; Lamin Tail Domain,X,-,protein_coding,642156,654904,12749,2429,2311,3958,4051,19.05,18.13,37.18,371,4247,8588,632,5016,0,0,12749,0,0,0,0,0,0,0,0,0,0,0,0.0,0.0,0.0,0.0,0.0,0.0,0.0,0.0,0.0,0.0,0,0,1,0,0,0,0,1,0,1,0.0,0.0,0.1164,0.0,0.0,0.0,0.0,0.0784,0.0,0.0784
WBGene00021185,Y9C12A.1,none available,Tumor protein p53-inducible protein 11,X,-,protein_coding,680461,682791,2331,444,436,752,699,19.05,18.7,37.75,11,777,862,681,1469,0,0,2331,0,0,0,0,0,0,0,0,0,0,0,0.0,0.0,0.0,0.0,0.0,0.0,0.0,0.0,0.0,0.0,0,0,1,0,0,0,0,1,0,1,0.0,0.0,1.1601,0.0,0.0,0.0,0.0,0.429,0.0,0.429
WBGene00017184,ncam-1,none available,Fibronectin type III; Immunoglobulin I-set; Immunoglobulin subtype; Immunoglobulin subtype 2; Immunoglobulin-like domain; Immunoglobulin-like fold; Neural cell adhesion,X,+,protein_coding,691913,703047,11135,2141,2007,3569,3418,19.23,18.02,37.25,1175,2927,6843,600,4653,0,0,11135,0,0,0,0,0,0,0,0,0,0,0,0.0,0.0,0.0,0.0,0.0,0.0,0.0,0.0,0.0,0.0,0,0,1,0,0,0,0,1,0,1,0.0,0.0,0.1461,0.0,0.0,0.0,0.0,0.0898,0.0,0.0898
WBGene00219645,linc-166,none available,,X,+,lincRNA,737234,742376,5143,873,746,1874,1650,16.97,14.51,31.48,0,0,0,0,3004,0,0,5143,0,0,0,0,0,0,0,0,0,0,0,0.0,0.0,0.0,0.0,0.0,0.0,0.0,0.0,0.0,0.0,0,0,1,0,0,0,0,1,0,1,0.0,0.0,0.0,0.0,0.0,0.0,0.0,0.1944,0.0,0.1944
WBGene00017780,F25E2.2,none available,,X,-,protein_coding,806991,810794,3804,641,709,1153,1301,16.85,18.64,35.49,71,1955,1765,218,2244,0,0,3804,0,0,0,0,0,0,0,0,0,0,0,0.0,0.0,0.0,0.0,0.0,0.0,0.0,0.0,0.0,0.0,1,0,0,0,0,0,0,1,0,1,14.0845,0.0,0.0,0.0,0.0,0.0,0.0,0.2629,0.0,0.2629
WBGene00000958,dgk-1,"dgk-1 encodes an ortholog of mammalian diacylglycerol kinase theta (DGKQ); dgk-1 activity functions downstream in a serotonin signaling pathway that regulates locomotion and synaptic transmission; in addition, dgk-1 activity negatively regulates egg laying; dgk-1 genetically interacts with the goa-1 and egl-30 signaling pathways; a GFP::DGK-1 reporter fusion protein is expressed in the excretory canals and in most neurons, including the ventral cord neurons; in neurons, GFP::DGK-1 localizes to axons and cell bodies; when expressed ectopically in HEK293 cells, DGK-1 exhibits DAG kinase activity.","Diacylglycerol kinase, accessory domain; Diacylglycerol kinase, catalytic domain; Diacylglycerol/phorbol-ester binding; NAD kinase/diacylglycerol kinase-like domain; Protein kinase C-like, phorbol ester/diacylglycerol-binding domain; Ras-associating (RA) domain; Ubiquitin-related domain; Zinc finger, PHD-type",X,-,protein_coding,983903,991456,7554,1418,1453,2367,2316,18.77,19.23,38.01,143,2879,4413,732,3754,0,0,7554,0,0,0,0,1,0,0,0,1,0,1,0.0,0.0,0.0,1.3661,0.0,0.0,0.0,0.1324,0.0,0.1324,0,0,0,0,0,0,0,0,0,0,0.0,0.0,0.0,0.0,0.0,0.0,0.0,0.0,0.0,0.0
WBGene00006741,unc-1,"unc-1 encodes one of ten C. elegans stomatin-like proteins (SLPs) homologous to human erythrocyte surface protein band 7.2 (EPB72/Stomatin) (OMIM:133090; deficient in stomatocytosis); UNC-1 activity regulates electrical coupling between body wall muscles and is required in neurons for normal locomotion; unc-1 is also required for anesthetic sensitivity; an unc-1 promoter::DsRED2 fusion is expressed in body wall muscle, vulval muscle, anal-depressor muscle, stomatointestinal muscle, nearly all ventral cord motor neurons and the nerve ring; in neurons and body wall muscle, UNC-1 colocalizes with UNC-9, an innexin, at intercellular junctions; unc-24, which also encodes a stomatin homolog, is epistatic to unc-1 and required for UNC-1 localization in the nerve ring.",Band 7 domain; Protein Unc-1; Stomatin family,X,-,protein_coding,1057487,1062453,4967,865,771,1689,1642,17.41,15.52,32.94,10,870,3755,344,1224,0,0,4967,0,0,0,1,0,0,0,0,1,0,1,0.0,0.0,0.2663,0.0,0.0,0.0,0.0,0.2013,0.0,0.2013,0,0,0,0,0,0,0,0,0,0,0.0,0.0,0.0,0.0,0.0,0.0,0.0,0.0,0.0,0.0
WBGene00002988,lim-6,"lim-6 encodes a LIM class homeodomain protein that contains two Zinc-finger-like LIM domains N-terminal to a predicted DNA-binding homeodomain; LIM-6 is predicted to function as a transcription factor whose activity is required for regulating uterine morphogenesis and specific aspects of terminal neuronal differentiation, including normal axonal morphology, full expression of UNC-25/glutamic acid decarboxylase in select GABAergic neurons, and repression of sensory receptor gene expression in the ASEL chemosensory neuron; LIM-6 is expressed in a group of nine chemosensory-, inter-, and motorneurons,  uterine toroid cells, spermathecal junction cells, and the binucleate excretory gland cell.","Homeobox domain; Homeobox domain-like; Zinc finger, LIM-type",X,+,protein_coding,1072452,1079452,7001,1271,1229,2157,2344,18.15,17.55,35.71,372,1043,5567,813,2118,0,0,7001,0,0,0,0,0,0,0,0,0,0,0,0.0,0.0,0.0,0.0,0.0,0.0,0.0,0.0,0.0,0.0,0,0,1,0,0,0,0,1,0,1,0.0,0.0,0.1796,0.0,0.0,0.0,0.0,0.1428,0.0,0.1428
WBGene00020490,tmc-1,"tmc-1 encodes a multipass transmembrane protein; TMC-1 functions specifically as a sodium-sensitive channel that is required for salt taste chemosensation in the ASH neurons and for high salt avoidance behavior; when expressed in other neurons, TMC-1 is sufficient to generate a salt response in vivo, and when expressed in mammalian cells, TMC-1 generates a predominantly cationic current activated by high extracellular sodium but not other cations or uncharged small molecules; tmc-1 is expressed in sensory neurons, including the ASH, ADF, ASE, ADL, AQR, PQR, URX, and PHA neurons and also at lower frequency in AWC, AFD, and BAG; in ASH, TMC-1 localizes to the cell soma as well as the sensory cilium.",TMC,X,+,protein_coding,1162207,1177174,14968,2630,2739,4843,4756,17.57,18.3,35.87,206,3858,10475,429,4493,0,0,14968,0,0,0,1,0,0,0,0,1,0,1,0.0,0.0,0.0955,0.0,0.0,0.0,0.0,0.0668,0.0,0.0668,0,0,0,0,0,0,0,0,0,0,0.0,0.0,0.0,0.0,0.0,0.0,0.0,0.0,0.0,0.0
WBGene00020489,hot-8,none available,Caenorhabditis elegans ly-6-related,X,+,protein_coding,1180284,1187971,7688,1291,1370,2582,2445,16.79,17.82,34.61,102,582,6760,244,928,0,0,7688,0,0,0,0,0,0,0,0,0,0,0,0.0,0.0,0.0,0.0,0.0,0.0,0.0,0.0,0.0,0.0,0,0,1,0,0,0,0,1,0,1,0.0,0.0,0.1479,0.0,0.0,0.0,0.0,0.1301,0.0,0.1301
WBGene00017670,F21E9.6,none available,,X,-,pseudogene,1350553,1356482,5930,1303,1098,1612,1917,21.97,18.52,40.49,0,0,0,0,0,0,0,5930,0,0,0,0,0,0,0,0,0,0,0,0.0,0.0,0.0,0.0,0.0,0.0,0.0,0.0,0.0,0.0,0,0,1,0,0,0,0,1,0,1,0.0,0.0,0.0,0.0,0.0,0.0,0.0,0.1686,0.0,0.1686
WBGene00018946,F56C3.9,none available,BTB/POZ domain; SKP1/BTB/POZ domain,X,-,protein_coding,1391800,1393991,2192,370,316,789,717,16.88,14.42,31.3,4,621,1446,121,746,0,0,2192,0,0,0,1,0,0,0,0,1,0,1,0.0,0.0,0.6916,0.0,0.0,0.0,0.0,0.4562,0.0,0.4562,0,0,0,0,0,0,0,0,0,0,0.0,0.0,0.0,0.0,0.0,0.0,0.0,0.0,0.0,0.0
WBGene00022731,ZK402.5,none available,SPK domain,X,-,protein_coding,1398824,1401359,2536,427,499,791,819,16.84,19.68,36.51,209,1476,851,0,1685,0,0,2536,0,0,0,0,0,0,0,0,0,0,0,0.0,0.0,0.0,0.0,0.0,0.0,0.0,0.0,0.0,0.0,0,1,0,0,0,0,0,1,0,1,0.0,0.6775,0.0,0.0,0.0,0.0,0.0,0.3943,0.0,0.3943
WBGene00195186,F19G12.10,none available,,X,+,lincRNA,1420699,1423497,2799,506,517,948,828,18.08,18.47,36.55,0,0,0,0,886,0,0,2799,0,0,0,1,0,0,0,0,1,0,1,0.0,0.0,0.0,0.0,0.0,0.0,0.0,0.3573,0.0,0.3573,0,0,0,0,0,0,0,0,0,0,0.0,0.0,0.0,0.0,0.0,0.0,0.0,0.0,0.0,0.0
WBGene00016997,cebp-1,"cebp-1 encodes a bZip domain-containing protein that is a member of the CCAAT/enhancer-binding proteins (C/EBP) subfamily of bZip proteins; in C. elegans, CEBP-1 functions together with a DLK-1 signaling pathway to effect axon regeneration after laser axotomy in adult neurons; cebp-1 protein and mRNA are located in synapses and axons, and translation of axonal cebp-1 mRNA is upregulated via the DLK-1 signaling pathway in response to axonal injury.",,X,-,protein_coding,1452695,1453868,1174,323,277,220,354,27.51,23.59,51.11,10,960,98,106,1076,0,0,1174,0,0,0,0,0,0,0,0,0,0,0,0.0,0.0,0.0,0.0,0.0,0.0,0.0,0.0,0.0,0.0,0,1,0,0,0,0,0,1,0,1,0.0,1.0417,0.0,0.0,0.0,0.0,0.0,0.8518,0.0,0.8518
WBGene00017298,toca-1,none available,FCH domain; SH3 domain,X,-,protein_coding,1510481,1521487,11007,2108,2216,3421,3262,19.15,20.13,39.28,93,1779,8548,587,2459,0,0,11007,0,0,0,0,0,0,0,0,0,0,0,0.0,0.0,0.0,0.0,0.0,0.0,0.0,0.0,0.0,0.0,0,1,0,0,0,0,0,1,0,1,0.0,0.5621,0.0,0.0,0.0,0.0,0.0,0.0909,0.0,0.0909
WBGene00219711,anr-49,none available,,X,+,asRNA,1531977,1535983,4007,701,652,1393,1261,17.49,16.27,33.77,0,0,0,0,2057,0,0,4007,0,0,0,0,0,0,0,0,0,0,0,0.0,0.0,0.0,0.0,0.0,0.0,0.0,0.0,0.0,0.0,0,0,0,0,0,0,0,1,0,1,0.0,0.0,0.0,0.0,0.0,0.0,0.0,0.2496,0.0,0.2496
WBGene00006955,wrt-9,"wrt-9 encodes a hedgehog-like protein, with an N-terminal signalsequence, a Wart domain, and a C-terminal region of proline-rich,low-complexity sequence; the Wart domain is predicted to form acysteine-crosslinked protein involved in intercellular signalling, andit has subtle similarity to the N-terminal Hedge domain of HEDGEHOGproteins; WRT-9 has no obvious function in RNAi assays.",,X,+,protein_coding,1576637,1591320,14684,2661,2689,4679,4655,18.12,18.31,36.43,1,1662,12596,425,2088,0,0,14684,0,0,0,1,0,0,0,0,1,0,1,0.0,0.0,0.0794,0.0,0.0,0.0,0.0,0.0681,0.0,0.0681,0,0,0,0,0,0,0,0,0,0,0.0,0.0,0.0,0.0,0.0,0.0,0.0,0.0,0.0,0.0
WBGene00015775,C14E2.6,none available,Alpha/Beta hydrolase fold; Fungal lipase-like domain,X,-,protein_coding,1827738,1830037,2300,411,475,743,671,17.87,20.65,38.52,0,984,1316,0,984,0,0,2300,0,0,0,1,0,0,0,0,1,0,1,0.0,0.0,0.7599,0.0,0.0,0.0,0.0,0.4348,0.0,0.4348,0,0,0,0,0,0,0,0,0,0,0.0,0.0,0.0,0.0,0.0,0.0,0.0,0.0,0.0,0.0
WBGene00018587,F48B9.1,none available,,X,+,protein_coding,2180888,2185854,4967,875,888,1677,1527,17.62,17.88,35.49,10,1473,3484,0,1483,0,0,4967,0,0,0,1,0,0,0,0,1,0,1,0.0,0.0,0.287,0.0,0.0,0.0,0.0,0.2013,0.0,0.2013,0,0,0,0,0,0,0,0,0,0,0.0,0.0,0.0,0.0,0.0,0.0,0.0,0.0,0.0,0.0
WBGene00196676,T14F9.10,none available,,X,-,ncRNA,2213659,2214017,359,100,99,75,85,27.86,27.58,55.43,0,0,0,0,359,0,0,359,0,0,0,1,0,0,0,0,1,0,1,0.0,0.0,0.0,0.0,0.0,0.0,0.0,2.7855,0.0,2.7855,0,0,0,0,0,0,0,0,0,0,0.0,0.0,0.0,0.0,0.0,0.0,0.0,0.0,0.0,0.0
WBGene00020135,aakg-4,aakg-4 encodes one of five C. elegans AMP kinase (AMPK) gamma regulatory subunits.,Aldolase-type TIM barrel; CBS domain,X,-,protein_coding,2314894,2319338,4445,850,895,1366,1334,19.12,20.13,39.26,460,1413,2575,467,2340,0,0,4445,0,0,0,0,0,0,0,1,0,0,1,0.0,0.0,0.0,0.0,0.0,0.0,0.0,0.0,0.0,0.225,0,0,0,0,0,0,0,0,0,0,0.0,0.0,0.0,0.0,0.0,0.0,0.0,0.0,0.0,0.0
WBGene00020134,T01B6.1,none available,Suppressor APC domain-containing protein 1/2,X,+,protein_coding,2335684,2348643,12960,2493,2302,4157,4008,19.24,17.76,37.0,58,996,11841,65,1119,0,0,12960,0,0,0,0,1,0,0,0,1,0,1,0.0,0.0,0.0,15.3846,0.0,0.0,0.0,0.0772,0.0,0.0772,0,0,0,0,0,0,0,0,0,0,0.0,0.0,0.0,0.0,0.0,0.0,0.0,0.0,0.0,0.0
WBGene00001484,fox-1,"fox-1 encodes an RNA-binding protein of the RNA recognition motif (RRM) superfamily of ribonucleic acid binding proteins; during C. elegans development, FOX-1 functions redundantly with other numerator elements to effect proper dosage compensation in the early embryo; in influencing dosage compensation, FOX-1 likely acts via post-transcriptional regulation of xol-1 mRNA levels; in addition to its role in dosage compensation, fox-1 activity is also required for normal male mating behavior; Western analysis and lacZ reporter constructs indicate that FOX-1 is expressed throughout the life cycle, beginning at the 18-20-cell stage of embryogenesis and continuing on through larval stages and into adult hermaphrodites and males; while early embryonic expression of fox-1 is ubiquitous, postembryonic expression is limited to a subset of head and tail neurons.",RNA recognition motif domain,X,-,protein_coding,2445117,2459893,14777,3044,2559,4814,4360,20.6,17.32,37.92,363,1290,12510,958,2521,0,0,14777,0,0,0,1,0,0,0,0,1,0,1,0.0,0.0,0.0799,0.0,0.0,0.0,0.0,0.0677,0.0,0.0677,0,0,0,0,0,0,0,0,0,0,0.0,0.0,0.0,0.0,0.0,0.0,0.0,0.0,0.0,0.0
WBGene00199638,R04B3.6,none available,,X,+,ncRNA,2459885,2460033,149,48,26,24,51,32.21,17.45,49.66,0,0,0,0,149,0,0,149,0,0,0,0,0,0,0,0,0,0,0,0.0,0.0,0.0,0.0,0.0,0.0,0.0,0.0,0.0,0.0,0,0,1,0,0,0,0,1,0,1,0.0,0.0,0.0,0.0,0.0,0.0,0.0,6.7114,0.0,6.7114
WBGene00019868,R04B3.3,none available,,X,-,protein_coding,2473758,2475973,2216,452,442,701,621,20.4,19.95,40.34,44,1641,403,128,1813,0,0,2216,0,0,0,0,0,0,0,0,0,0,0,0.0,0.0,0.0,0.0,0.0,0.0,0.0,0.0,0.0,0.0,0,1,0,0,0,0,0,1,0,1,0.0,0.6094,0.0,0.0,0.0,0.0,0.0,0.4513,0.0,0.4513
WBGene00000004,aat-3,"aat-3 encodes an amino acid transporter catalytic subunit; when co-expressed in Xenopus oocytes with the ATG-2 glycoprotein subunit, AAT-3 is able to facilitate amino acid uptake and exchange, showing a relatively high affinity for small and some large neutral amino acids; in addition, AAT-3 is able to covalently associate with ATG-2 or ATG-1 to form heterodimers in the Xenopus expression system; when co-expressed with ATG-2, AAT-3 localizes to the cell surface of oocytes, but when expressed alone, or with ATG-1, AAT-3 localizes intracellularly.",Amino acid/polyamine transporter I,X,+,protein_coding,2552260,2557736,5477,936,1099,1597,1845,17.09,20.07,37.16,183,1590,3450,261,2027,0,0,5477,0,0,1,0,0,0,0,0,1,0,1,0.0,0.6289,0.0,0.0,0.0,0.0,0.0,0.1826,0.0,0.1826,0,0,0,0,0,0,0,0,0,0,0.0,0.0,0.0,0.0,0.0,0.0,0.0,0.0,0.0,0.0
WBGene00003630,nhr-40,"nhr-40 encodes, by alternative splicing and promoters, three isoforms ofa nuclear hormone receptor specific to nematodes; NHR-40 is required fornormal development of bodywall muscles, and hence for normal movement;both nhr-40 promoters are active in body wall and pharygeal musclecells, as well as in some (perhaps non-overlapping) neurons of the headand ventral nerve cord; NHR-40 is a divergent ortholog of HNF4, with 17closely related paralogs in C. elegans belonging to the class 1,subgroup 8 of C. elegans NHRs with the P box sequence CNGCKT; nhr-40 ismost strongly transcribed in L2 larvae; nhr-40(RNAi), overexpression ofnhr-40 by heat shock, or the nhr-40(ok667) mutation all result indevelopmentally arrested embryos or larvae, with surviving larvae beingsmaller, abnormally bulging, and sluggish; nhr-40(RNAi) animals havedisorganized epithelial cells and missing body wall muscle cells;nhr-40(ok667) mutants are slow-moving and uncoordinated, frequentlyreversing direction or going in circles; transgenic expression of nhr-40cDNA in muscles rescues larval but not embryonic arrest.","Nuclear hormone receptor, ligand-binding domain; Zinc finger, NHR/GATA-type; Zinc finger, nuclear hormone receptor-type",X,+,protein_coding,2594003,2606732,12730,2007,2180,4174,4369,15.77,17.12,32.89,115,1366,10873,458,1939,0,0,12730,0,0,0,1,0,0,0,0,1,0,1,0.0,0.0,0.092,0.0,0.0,0.0,0.0,0.0786,0.0,0.0786,0,0,0,0,0,0,0,0,0,0,0.0,0.0,0.0,0.0,0.0,0.0,0.0,0.0,0.0,0.0
WBGene00020160,igcm-3,"igcm-3 encodes protein containing an immunoglobulin-like domain; loss of igcm-3 activity via RNAi results in a moderate increase in fat content, suggesting that igcm-3 may play a role in regulating lipid metabolism.",Immunoglobulin-like domain; Immunoglobulin-like fold,X,-,protein_coding,2698250,2705859,7610,1504,1444,2347,2315,19.76,18.98,38.74,3,1986,5381,1030,2803,0,0,7610,0,0,0,1,0,0,0,0,1,0,1,0.0,0.0,0.1858,0.0,0.0,0.0,0.0,0.1314,0.0,0.1314,0,0,0,0,0,0,0,0,0,0,0.0,0.0,0.0,0.0,0.0,0.0,0.0,0.0,0.0,0.0
WBGene00006496,cgef-1,"cgef-1 encodes a putative guanine nucleotide exchange factor (GEF) and positively regulates CDC-42 during asymmetric division in the embryo; cgef-1 also affects the localization of PAR proteins in the embryo; since cgef-1 mutants exhibit mild phenotypes, cgef-1 may function redundantly with other GEFs to regulate CDC-42 function; CGEF-1 expressed under germline regulatory control is enriched in the nucleoplasm and cell cortex and localizes to the cytoplasm.",Dbl homology (DH) domain; PH domain-like,X,+,protein_coding,2772042,2799250,27209,4603,5104,8452,9050,16.92,18.76,35.68,224,3282,23531,480,3986,0,0,27209,0,0,0,1,0,0,0,0,1,0,1,0.0,0.0,0.0425,0.0,0.0,0.0,0.0,0.0368,0.0,0.0368,0,0,0,0,0,0,0,0,0,0,0.0,0.0,0.0,0.0,0.0,0.0,0.0,0.0,0.0,0.0
WBGene00006055,ssr-2,none available,"P-loop containing nucleoside triphosphate hydrolase; Small GTP-binding protein domain; Small GTPase superfamily; Small GTPase superfamily, Ras type",X,-,protein_coding,2823501,2827752,4252,806,772,1291,1383,18.96,18.16,37.11,0,1008,3166,78,1086,0,0,4252,0,0,0,0,0,0,0,0,0,0,0,0.0,0.0,0.0,0.0,0.0,0.0,0.0,0.0,0.0,0.0,0,0,1,0,0,0,0,1,0,1,0.0,0.0,0.3159,0.0,0.0,0.0,0.0,0.2352,0.0,0.2352
WBGene00018743,F53B3.5,"F53B3.5 encodes a claudin homolog that may regulate ion channels; F53B3.5 is distantly similar to mammalian voltage-dependent calcium channel gamma subunits that are known or suspected to prevent epilepsy in vivo (e.g., stargazin; MGI:1316660); F53B3.5 has no obvious function in mass RNAi assays; claudins are integral membrane proteins with four transmembrane sequences that are found in mammalian tight junctions (TJs), induce TJs when transgenically expressed in cells normally lacking them, and can mediate the specific conductance of of specific ions (e.g., magnesium or calcium) through TJs while blocking the flow of water.",PMP-22/EMP/MP20/Claudin superfamily,X,-,protein_coding,2872744,2879579,6836,1227,1100,2306,2203,17.95,16.09,34.04,8,891,5304,633,1532,0,0,6836,0,0,0,0,0,0,0,0,0,0,0,0.0,0.0,0.0,0.0,0.0,0.0,0.0,0.0,0.0,0.0,0,1,0,0,0,0,0,1,0,1,0.0,1.1223,0.0,0.0,0.0,0.0,0.0,0.1463,0.0,0.1463
WBGene00196294,Y41G9A.14,none available,,X,+,ncRNA,2953538,2953746,209,41,64,49,55,19.62,30.62,50.24,0,0,0,0,209,0,0,209,0,0,0,1,0,0,0,0,1,0,1,0.0,0.0,0.0,0.0,0.0,0.0,0.0,4.7847,0.0,4.7847,0,0,0,0,0,0,0,0,0,0,0.0,0.0,0.0,0.0,0.0,0.0,0.0,0.0,0.0,0.0
WBGene00021530,Y41G9A.6,none available,,X,-,protein_coding,3000512,3003803,3292,557,533,1087,1115,16.92,16.19,33.11,0,846,2446,0,846,0,0,3292,0,0,0,1,0,0,0,0,1,0,1,0.0,0.0,0.4088,0.0,0.0,0.0,0.0,0.3038,0.0,0.3038,0,0,0,0,0,0,0,0,0,0,0.0,0.0,0.0,0.0,0.0,0.0,0.0,0.0,0.0,0.0
WBGene00198051,F52E4.12,none available,,X,+,ncRNA,3094437,3094566,130,42,33,26,29,32.31,25.38,57.69,0,0,0,0,130,0,0,130,0,0,0,0,0,0,0,0,0,0,0,0.0,0.0,0.0,0.0,0.0,0.0,0.0,0.0,0.0,0.0,0,0,1,0,0,0,0,1,0,1,0.0,0.0,0.0,0.0,0.0,0.0,0.0,7.6923,0.0,7.6923
WBGene00015790,C15C7.4,none available,,X,+,protein_coding,3145565,3147517,1953,302,435,598,618,15.46,22.27,37.74,89,636,939,291,1016,0,0,1953,0,0,0,0,1,0,0,0,1,0,1,0.0,0.0,0.0,3.4364,0.0,0.0,0.0,0.512,0.0,0.512,0,0,0,0,0,0,0,0,0,0,0.0,0.0,0.0,0.0,0.0,0.0,0.0,0.0,0.0,0.0
WBGene00002217,klp-4,"klp-4 encodes a kinesin-like motor protein paralogous to UNC-104 and KLP-6 and orthologous to Drosophila KHC-73 and the vertebrate KIF1A, KIF13B, and GAKIN motor proteins; as loss of KLP-4 function via RNA-mediated interference (RNAi) does not result in any abnormalities, the precise role of KLP-4 in C. elegans development and/or behavior is not yet known; based on sequence similarity, however, KLP-4 is predicted to play a role in neuronal development or function; a klp-4::gfp transcriptional reporter fusion is expressed in larvae and adults in the pharynx, intestine, and nervous system, including head and tail neurons, the nerve ring, and ventral nerve cord.",Forkhead-associated (FHA) domain; Kinesin motor domain; Kinesin-associated; Kinesin-like; Kinesin-like KIF1-type; P-loop containing nucleoside triphosphate hydrolase; SMAD/FHA domain,X,-,protein_coding,3171420,3178701,7282,1346,1443,2197,2296,18.48,19.82,38.3,39,4731,2275,282,5052,0,0,7282,0,0,0,0,0,0,0,0,0,0,0,0.0,0.0,0.0,0.0,0.0,0.0,0.0,0.0,0.0,0.0,0,1,0,0,0,0,0,1,0,1,0.0,0.2114,0.0,0.0,0.0,0.0,0.0,0.1373,0.0,0.1373
WBGene00199181,F28B4.7,none available,,X,-,ncRNA,3223306,3223569,264,69,61,68,66,26.14,23.11,49.24,0,0,0,0,264,0,0,264,0,0,0,1,0,0,0,0,1,0,1,0.0,0.0,0.0,0.0,0.0,0.0,0.0,3.7879,0.0,3.7879,0,0,0,0,0,0,0,0,0,0,0.0,0.0,0.0,0.0,0.0,0.0,0.0,0.0,0.0,0.0
WBGene00022825,ZK816.1,none available,,X,+,protein_coding,3351712,3360775,9064,1396,1639,2863,3166,15.4,18.08,33.48,489,315,7901,427,1231,0,0,9064,0,0,0,1,0,0,0,0,1,0,1,0.0,0.0,0.1266,0.0,0.0,0.0,0.0,0.1103,0.0,0.1103,0,0,0,0,0,0,0,0,0,0,0.0,0.0,0.0,0.0,0.0,0.0,0.0,0.0,0.0,0.0
WBGene00195727,ZK377.4,none available,,X,-,ncRNA,3469570,3469765,196,65,38,60,33,33.16,19.39,52.55,0,0,0,0,196,0,0,196,0,0,0,0,0,0,0,0,0,0,0,0.0,0.0,0.0,0.0,0.0,0.0,0.0,0.0,0.0,0.0,0,0,1,0,0,0,0,1,0,1,0.0,0.0,0.0,0.0,0.0,0.0,0.0,5.102,0.0,5.102
WBGene00006864,npr-16,npr-16 encodes a G protein-coupled receptor that is most similar to the mammalian somatostatin receptors; npr-16 was first identified in molecular analyses of gene products linked to the vitellogenin (vit) loci on the X chromosome; npr-16 mRNA is expressed weakly in adult hermaphrodites.,"G protein-coupled receptor, rhodopsin-like",X,+,protein_coding,3518794,3531862,13069,2126,2418,4096,4429,16.27,18.5,34.77,396,1311,11244,166,1867,0,0,13069,0,0,0,0,0,0,0,0,0,0,0,0.0,0.0,0.0,0.0,0.0,0.0,0.0,0.0,0.0,0.0,0,0,1,0,0,0,0,1,0,1,0.0,0.0,0.0889,0.0,0.0,0.0,0.0,0.0765,0.0,0.0765
WBGene00004350,rgs-7,"rgs-7 encodes three isoforms of an atypical regulator of G protein signaling (RGS) protein that contains both a C2 and an RGS domain, and that binds EGL-30 via both domains, similar in organization to mammalian PDZ-RGS3; the RGS domain has GTPase activator protein (GAP) activity in vitro on mammalian G[alphai]3; RGS-7 thus may stably bind EGL-30 at all stages of EGL-30's GTPase cycle, might organize EGL-30 into a stable multiprotein signalling complex (with GTP[gamma]S), and might persistently inhibit EGL-30 when triggered by calcium or phospholipids; rgs-7 has no obvious function in mass RNAi assays","C2 domain; RGS domain; RGS, subdomain 1",X,+,protein_coding,3542542,3557783,15242,2679,3054,4554,4955,17.58,20.04,37.61,356,2847,12070,623,3826,0,0,15242,0,1,0,0,0,0,0,0,1,0,1,2.809,0.0,0.0,0.0,0.0,0.0,0.0,0.0656,0.0,0.0656,0,0,0,0,0,0,0,0,0,0,0.0,0.0,0.0,0.0,0.0,0.0,0.0,0.0,0.0,0.0
WBGene00018537,F47B7.6,none available,,X,-,pseudogene,3769729,3770643,915,266,194,213,242,29.07,21.2,50.27,0,0,0,0,0,0,0,915,0,0,0,0,0,0,0,0,0,0,0,0.0,0.0,0.0,0.0,0.0,0.0,0.0,0.0,0.0,0.0,0,1,0,0,0,0,0,1,0,1,0.0,0.0,0.0,0.0,0.0,0.0,0.0,1.0929,0.0,1.0929
WBGene00199627,K03C7.10,none available,,X,+,ncRNA,3822565,3822795,231,71,33,82,45,30.74,14.29,45.02,0,0,0,0,231,0,0,231,0,0,0,0,0,0,0,0,0,0,0,0.0,0.0,0.0,0.0,0.0,0.0,0.0,0.0,0.0,0.0,0,0,1,0,0,0,0,1,0,1,0.0,0.0,0.0,0.0,0.0,0.0,0.0,4.329,0.0,4.329
WBGene00018569,F47F2.1,none available,"AGC-kinase, C-terminal; Protein kinase domain; Protein kinase-like domain",X,+,protein_coding,3878533,3893311,14779,2563,2623,4570,5023,17.34,17.75,35.09,475,1302,13339,271,1814,0,0,14779,0,0,0,1,0,0,0,0,1,0,1,0.0,0.0,0.075,0.0,0.0,0.0,0.0,0.0677,0.0,0.0677,0,0,0,0,0,0,0,0,0,0,0.0,0.0,0.0,0.0,0.0,0.0,0.0,0.0,0.0,0.0
WBGene00200744,T22B2.11,none available,,X,-,ncRNA,3902998,3903145,148,22,39,38,49,14.86,26.35,41.22,0,0,0,0,148,0,0,148,0,0,0,1,0,0,0,0,1,0,1,0.0,0.0,0.0,0.0,0.0,0.0,0.0,6.7568,0.0,6.7568,0,0,0,0,0,0,0,0,0,0,0.0,0.0,0.0,0.0,0.0,0.0,0.0,0.0,0.0,0.0
WBGene00022745,ZK470.2,none available,,X,+,protein_coding,4135155,4147844,12690,2131,2646,3741,4172,16.79,20.85,37.64,5,836,11280,622,1463,0,0,12690,0,0,1,0,0,0,0,0,1,0,1,0.0,1.1962,0.0,0.0,0.0,0.0,0.0,0.0788,0.0,0.0788,0,0,0,0,0,0,0,0,0,0,0.0,0.0,0.0,0.0,0.0,0.0,0.0,0.0,0.0,0.0
WBGene00196704,C52B9.15,none available,,X,-,ncRNA,4294742,4294952,211,53,37,79,42,25.12,17.54,42.65,0,0,0,0,211,0,0,211,0,0,0,0,0,0,0,0,0,0,0,0.0,0.0,0.0,0.0,0.0,0.0,0.0,0.0,0.0,0.0,0,0,1,0,0,0,0,1,0,1,0.0,0.0,0.0,0.0,0.0,0.0,0.0,4.7393,0.0,4.7393
WBGene00005008,spr-3,none available,,X,+,protein_coding,4514093,4516895,2803,523,567,892,821,18.66,20.23,38.89,15,2055,294,442,2512,0,0,2803,0,0,1,0,0,0,0,0,1,0,1,0.0,0.4866,0.0,0.0,0.0,0.0,0.0,0.3568,0.0,0.3568,0,0,0,0,0,0,0,0,0,0,0.0,0.0,0.0,0.0,0.0,0.0,0.0,0.0,0.0,0.0
WBGene00219805,C07A12.19,none available,,X,+,ncRNA,4524046,4524172,127,47,39,19,22,37.01,30.71,67.72,0,0,0,0,127,0,0,127,0,0,0,0,0,0,0,0,0,0,0,0.0,0.0,0.0,0.0,0.0,0.0,0.0,0.0,0.0,0.0,0,1,0,0,0,0,0,1,0,1,0.0,0.0,0.0,0.0,0.0,0.0,0.0,7.874,0.0,7.874
WBGene00002044,hyl-2,"hyl-2 encodes a predicted transmembrane protein orthologous to Saccharomyces cerevisiae Lag1p (longevity assurance gene), a protein preferentially expressed in young yeasts; by homology, HYL-2 is predicted to have several possible functions, including regulation of lipid, particularly ceramide, biosynthesis, regulation of lipid transport, and regulation of protein translocation in the endoplasmic reticulum ; however, as loss of hyl-2 activity via RNA-mediated interference (RNAi) does not result in any obvious abnormalities, the precise role of hyl-2 in C. elegans development and/or behavior is not yet known.",Ceramide synthase component Lag1/Lac1; TRAM/LAG1/CLN8 homology domain,X,-,protein_coding,4696754,4699461,2708,525,454,931,798,19.39,16.77,36.15,2,990,1224,492,1484,0,0,2708,0,0,0,0,0,0,0,0,0,0,0,0.0,0.0,0.0,0.0,0.0,0.0,0.0,0.0,0.0,0.0,0,1,0,0,0,0,0,1,0,1,0.0,1.0101,0.0,0.0,0.0,0.0,0.0,0.3693,0.0,0.3693
WBGene00000176,aqp-8,"aqp-8 encodes, by alternative splicing, two isoforms of a putative aquaglyceroporin with no known substrate, since AQP-8 expressed in Xenopus oocytes has no effect on water, glycerol, or urea permeability; loss of AQP-8 activity via mutation or RNAi results in no obvious defects; however, AQP-8, in conjunction with AQP-2, AQP-3, and AQP-4, is weakly required for recovery from hypotonic stress; AQP-8 is expressed in the excretory cell.",Aquaporin-like; Major intrinsic protein,X,-,protein_coding,4702167,4704977,2811,564,524,924,799,20.06,18.64,38.71,9,1044,1502,820,1714,0,0,2811,0,0,0,0,0,0,0,0,0,0,0,0.0,0.0,0.0,0.0,0.0,0.0,0.0,0.0,0.0,0.0,0,1,0,0,0,0,0,1,0,1,0.0,0.9579,0.0,0.0,0.0,0.0,0.0,0.3557,0.0,0.3557
WBGene00020324,T07F12.4,none available,Protein kinase domain; Protein kinase-like domain,X,-,protein_coding,4896597,4900814,4218,800,807,1419,1192,18.97,19.13,38.1,85,990,3052,163,1166,0,0,4218,0,0,0,1,0,0,0,0,1,0,1,0.0,0.0,0.3277,0.0,0.0,0.0,0.0,0.2371,0.0,0.2371,0,0,0,0,0,0,0,0,0,0,0.0,0.0,0.0,0.0,0.0,0.0,0.0,0.0,0.0,0.0
WBGene00196140,T07F12.6,none available,,X,-,ncRNA,4899803,4899948,146,22,58,19,47,15.07,39.73,54.79,0,0,0,0,146,0,0,146,0,0,0,1,0,0,0,0,1,0,1,0.0,0.0,0.0,0.0,0.0,0.0,0.0,6.8493,0.0,6.8493,0,0,0,0,0,0,0,0,0,0,0.0,0.0,0.0,0.0,0.0,0.0,0.0,0.0,0.0,0.0
WBGene00022501,ZC8.6,none available,"Phosphatidylinositol 3-/4-kinase, catalytic domain",X,-,protein_coding,4972515,4997598,25084,4806,4975,8013,7290,19.16,19.83,38.99,19,1782,22882,401,2202,0,0,25084,0,0,0,0,0,0,0,0,0,0,0,0.0,0.0,0.0,0.0,0.0,0.0,0.0,0.0,0.0,0.0,0,0,1,0,0,0,0,1,0,1,0.0,0.0,0.0437,0.0,0.0,0.0,0.0,0.0399,0.0,0.0399
WBGene00022614,ZC449.4,none available,,X,-,protein_coding,5028138,5033968,5831,1106,871,2016,1838,18.97,14.94,33.9,2061,231,4879,308,2600,0,0,5831,0,0,0,0,0,0,0,0,0,0,0,0.0,0.0,0.0,0.0,0.0,0.0,0.0,0.0,0.0,0.0,1,0,0,0,0,0,0,1,0,1,0.4852,0.0,0.0,0.0,0.0,0.0,0.0,0.1715,0.0,0.1715
WBGene00016067,clc-7,"C24H10.1 encodes a claudin homolog that may be required for normal cohesion of apical junctions in epithelia; C24H10.1 is worm-specific, with obvious homologs only in C. elegans; C24H10.1 has no obvious function in mass RNAi assays; claudins are integral membrane proteins with four transmembrane sequences that are found in mammalian tight junctions (TJs), induce TJs when transgenically expressed in cells normally lacking them, and can mediate the specific conductance of of specific ions (e.g., magnesium or calcium) through TJs while blocking the flow of water.",Clc protein-like,X,+,protein_coding,5068096,5074447,6352,994,1070,2049,2239,15.65,16.85,32.49,9,801,5335,216,1017,0,0,6352,0,0,0,0,0,0,0,0,0,0,0,0.0,0.0,0.0,0.0,0.0,0.0,0.0,0.0,0.0,0.0,0,0,1,0,0,0,0,1,0,1,0.0,0.0,0.1874,0.0,0.0,0.0,0.0,0.1574,0.0,0.1574
WBGene00016292,tbc-7,none available,Rab-GTPase-TBC domain; TLDc domain,X,+,protein_coding,5134280,5146744,12465,2083,2024,4102,4256,16.71,16.24,32.95,391,2064,9935,458,2887,0,0,12465,0,0,0,1,0,0,0,0,1,0,1,0.0,0.0,0.1007,0.0,0.0,0.0,0.0,0.0802,0.0,0.0802,0,0,0,0,0,0,0,0,0,0,0.0,0.0,0.0,0.0,0.0,0.0,0.0,0.0,0.0,0.0
WBGene00197582,T03G11.17,none available,,X,+,ncRNA,5195549,5195833,285,102,48,88,47,35.79,16.84,52.63,0,0,0,0,285,0,0,285,0,0,0,0,0,0,0,0,0,0,0,0.0,0.0,0.0,0.0,0.0,0.0,0.0,0.0,0.0,0.0,0,0,1,0,0,0,0,1,0,1,0.0,0.0,0.0,0.0,0.0,0.0,0.0,3.5088,0.0,3.5088
WBGene00200665,Y34B4A.16,none available,,X,-,ncRNA,5263977,5264191,215,34,42,64,75,15.81,19.53,35.35,0,0,0,0,215,0,0,215,0,0,0,0,0,0,0,0,0,0,0,0.0,0.0,0.0,0.0,0.0,0.0,0.0,0.0,0.0,0.0,0,0,1,0,0,0,0,1,0,1,0.0,0.0,0.0,0.0,0.0,0.0,0.0,4.6512,0.0,4.6512
WBGene00003990,pfn-2,none available,Profilin,X,-,protein_coding,5353103,5354072,970,211,178,338,243,21.75,18.35,40.1,18,396,196,360,774,0,0,970,0,0,0,0,0,0,0,0,0,0,0,0.0,0.0,0.0,0.0,0.0,0.0,0.0,0.0,0.0,0.0,0,1,0,0,0,0,0,1,0,1,0.0,2.5253,0.0,0.0,0.0,0.0,0.0,1.0309,0.0,1.0309
WBGene00016559,C41A3.2,none available,,X,-,protein_coding,5406562,5414350,7789,1331,1431,2550,2477,17.09,18.37,35.46,85,2357,5212,156,2598,0,0,7789,0,0,0,0,0,0,0,0,0,0,0,0.0,0.0,0.0,0.0,0.0,0.0,0.0,0.0,0.0,0.0,0,0,1,0,0,0,0,1,0,1,0.0,0.0,0.1919,0.0,0.0,0.0,0.0,0.1284,0.0,0.1284
WBGene00044623,bus-8B,"bus-8 encodes a glycosyltransferase related to mannosyltransferases that play a role in protein N-linked glycosylation ; bus-8 is required for colonization by Microbacterium nematophilum and the tail-swelling response to M. nematophilum infection; bus-8 is also essential for enclosure during embryonic morphogenesis, functioning in or with ephrin-mediated signaling to effect the proper neuroblast organization that facilitates epidermal migration; bus-8 is also required for cuticle integrity, normal cuticle antigens, completely normal traction during movement, and viability; a BUS-8::GFP fusion protein is detected during embryonic morphogenesis in cells underlying the ventral epidermis (possibly neuroblasts), subsequent expression is then restricted to the hypodermal seam cells which continues throughout postembryonic development.","Glycosyl transferase, family 1; Glycosyltransferase subfamily 4-like, N-terminal domain",X,+,protein_coding,5493390,5496050,2661,475,556,746,884,17.85,20.89,38.74,0,1356,802,503,1859,0,0,2661,0,0,1,0,0,0,0,0,1,0,1,0.0,0.7375,0.0,0.0,0.0,0.0,0.0,0.3758,0.0,0.3758,0,0,0,0,0,0,0,0,0,0,0.0,0.0,0.0,0.0,0.0,0.0,0.0,0.0,0.0,0.0
WBGene00020735,T23F2.2,none available,,X,-,protein_coding,5495985,5505248,9264,1528,1717,2697,3322,16.49,18.53,35.03,60,4671,4210,323,5054,0,0,9264,0,0,0,0,0,0,0,0,0,0,0,0.0,0.0,0.0,0.0,0.0,0.0,0.0,0.0,0.0,0.0,0,1,0,0,0,0,0,1,0,1,0.0,0.2141,0.0,0.0,0.0,0.0,0.0,0.1079,0.0,0.1079
WBGene00200828,F13D11.17,none available,,X,-,ncRNA,5819105,5819343,239,46,84,38,71,19.25,35.15,54.39,0,0,0,0,239,0,0,239,0,0,0,1,0,0,0,0,1,0,1,0.0,0.0,0.0,0.0,0.0,0.0,0.0,4.1841,0.0,4.1841,0,0,0,0,0,0,0,0,0,0,0.0,0.0,0.0,0.0,0.0,0.0,0.0,0.0,0.0,0.0
WBGene00006424,ctbp-1,tag-45 encodes a D-isomer specific 2-hydroxyacid dehydrogenase.,"D-isomer specific 2-hydroxyacid dehydrogenase, NAD-binding domain; D-isomer specific 2-hydroxyacid dehydrogenase, catalytic domain; NAD(P)-binding domain; Zinc finger, C2CH-type",X,+,protein_coding,5862708,5873347,10640,1796,2037,3314,3493,16.88,19.14,36.02,98,2239,7806,601,2938,0,0,10640,0,0,0,1,0,0,0,0,1,0,1,0.0,0.0,0.1281,0.0,0.0,0.0,0.0,0.094,0.0,0.094,0,0,0,0,0,0,0,0,0,0,0.0,0.0,0.0,0.0,0.0,0.0,0.0,0.0,0.0,0.0
WBGene00002190,kin-2,"kin-2 encodes a predicted regulatory subunit of a cAMP-dependent protein kinase that may act downstream of, or in parallel to, ric-8.","Cyclic nucleotide-binding domain; Cyclic nucleotide-binding-like; RmlC-like jelly roll fold; cAMP-dependent protein kinase regulatory subunit; cAMP-dependent protein kinase regulatory subunit, dimerization-anchoring domain",X,-,protein_coding,5970647,5977854,7208,1398,1286,2343,2181,19.4,17.84,37.24,36,1209,5029,1048,2279,0,0,7208,0,0,0,0,0,0,0,0,0,0,0,0.0,0.0,0.0,0.0,0.0,0.0,0.0,0.0,0.0,0.0,0,1,0,0,0,0,0,1,0,1,0.0,0.8271,0.0,0.0,0.0,0.0,0.0,0.1387,0.0,0.1387
WBGene00016661,C45B2.6,none available,Acyl transferase/acyl hydrolase/lysophospholipase; Ankyrin repeat; Ankyrin repeat-containing domain; Patatin-like phospholipase domain,X,+,protein_coding,6052879,6057315,4437,823,784,1428,1402,18.55,17.67,36.22,173,2289,1668,307,2769,0,0,4437,0,0,1,0,0,0,0,0,1,0,1,0.0,0.4369,0.0,0.0,0.0,0.0,0.0,0.2254,0.0,0.2254,0,0,0,0,0,0,0,0,0,0,0.0,0.0,0.0,0.0,0.0,0.0,0.0,0.0,0.0,0.0
WBGene00001587,lgc-58,"ggr-2 encodes a predicted member of the GABA/ glycine receptor family of ligand-gated chloride channels that affects thermotaxis; expressed in neurons that include SMDV, SMDD, SIAV, CAN, HSN, DD, and is weakly expressed in the egg-laying muscles.",Gamma-aminobutyric acid A receptor/Glycine receptor alpha; Neurotransmitter-gated ion-channel; Neurotransmitter-gated ion-channel ligand-binding domain; Neurotransmitter-gated ion-channel transmembrane domain,X,+,protein_coding,6075509,6081881,6373,1156,1167,2012,2038,18.14,18.31,36.45,115,1684,4516,375,2153,0,0,6373,0,0,1,0,0,0,0,0,1,0,1,0.0,0.5938,0.0,0.0,0.0,0.0,0.0,0.1569,0.0,0.1569,0,0,0,0,0,0,0,0,0,0,0.0,0.0,0.0,0.0,0.0,0.0,0.0,0.0,0.0,0.0
WBGene00201756,C34H3.22,none available,,X,+,ncRNA,6165127,6165273,147,47,19,50,31,31.97,12.93,44.9,0,0,0,0,147,0,0,147,0,0,0,0,0,0,0,0,0,0,0,0.0,0.0,0.0,0.0,0.0,0.0,0.0,0.0,0.0,0.0,0,0,1,0,0,0,0,1,0,1,0.0,0.0,0.0,0.0,0.0,0.0,0.0,6.8027,0.0,6.8027
WBGene00000739,col-166,none available,"Collagen triple helix repeat; Nematode cuticle collagen, N-terminal",X,+,protein_coding,6280016,6280921,906,262,285,239,120,28.92,31.46,60.38,0,906,0,0,906,0,0,906,0,0,1,0,0,0,0,0,1,0,1,0.0,1.1038,0.0,0.0,0.0,0.0,0.0,1.1038,0.0,1.1038,0,0,0,0,0,0,0,0,0,0,0.0,0.0,0.0,0.0,0.0,0.0,0.0,0.0,0.0,0.0
WBGene00003394,mom-1,"mom-1 encodes a putative O-acyltransferase orthologous to Drosophila PORCUPINE and human PORCN (OMIM:300651, mutated in focal dermal hypoplasia); MOM-1 functions as part of a Wnt/MAPK signaling pathway required maternally for endoderm induction in the early embryo; by orthology, MOM-1 is predicted to be a membrane-spanning endoplasmic reticulum protein that stimulates post-translational processing of Wnt signaling molecules such as MOM-2; embryonic mosaic analysis indicates that MOM-1 activity is required in the signaling cell, P2, for proper specification of endoderm, consistent with its predicted role in processing MOM-2/Wnt.","Membrane bound O-acyl transferase, MBOAT",X,+,protein_coding,6293112,6298305,5194,831,870,1690,1803,16.0,16.75,32.75,15,1329,3538,312,1656,0,0,5194,0,0,0,0,0,0,0,0,0,0,0,0.0,0.0,0.0,0.0,0.0,0.0,0.0,0.0,0.0,0.0,0,0,1,0,0,0,0,1,0,1,0.0,0.0,0.2826,0.0,0.0,0.0,0.0,0.1925,0.0,0.1925
WBGene00000740,col-167,none available,"Collagen triple helix repeat; Nematode cuticle collagen, N-terminal",X,+,protein_coding,6323488,6324393,906,260,286,242,118,28.7,31.57,60.26,0,906,0,0,906,0,0,906,0,0,1,0,0,0,0,0,1,0,1,0.0,1.1038,0.0,0.0,0.0,0.0,0.0,1.1038,0.0,1.1038,0,0,0,0,0,0,0,0,0,0,0.0,0.0,0.0,0.0,0.0,0.0,0.0,0.0,0.0,0.0
WBGene00000741,col-168,none available,"Collagen triple helix repeat; Nematode cuticle collagen, N-terminal",X,+,protein_coding,6326388,6327293,906,261,284,242,119,28.81,31.35,60.15,0,906,0,0,906,0,0,906,0,0,1,0,0,0,0,0,1,0,1,0.0,1.1038,0.0,0.0,0.0,0.0,0.0,1.1038,0.0,1.1038,0,0,0,0,0,0,0,0,0,0,0.0,0.0,0.0,0.0,0.0,0.0,0.0,0.0,0.0,0.0
WBGene00000743,col-170,none available,"Collagen triple helix repeat; Nematode cuticle collagen, N-terminal",X,+,protein_coding,6331709,6332611,903,261,281,241,120,28.9,31.12,60.02,0,903,0,0,903,0,0,903,0,0,1,0,0,0,0,0,1,0,1,0.0,1.1074,0.0,0.0,0.0,0.0,0.0,1.1074,0.0,1.1074,0,0,0,0,0,0,0,0,0,0,0.0,0.0,0.0,0.0,0.0,0.0,0.0,0.0,0.0,0.0
WBGene00019617,ctsa-2,none available,"Alpha/Beta hydrolase fold; Peptidase S10, serine carboxypeptidase",X,-,protein_coding,6421036,6430610,9575,2114,1785,2789,2887,22.08,18.64,40.72,137,6945,2400,93,7175,0,0,9575,0,1,0,0,0,0,0,0,1,0,1,7.2993,0.0,0.0,0.0,0.0,0.0,0.0,0.1044,0.0,0.1044,0,0,0,0,0,0,0,0,0,0,0.0,0.0,0.0,0.0,0.0,0.0,0.0,0.0,0.0,0.0
WBGene00019844,abts-4,"abts-4 encodes an anion transporter; ABTS-4::GFP fusion proteins are expressed solely in the intestine, with highest levels seen in the most anterior and posterior gut cells and subcellular localization restricted to the basolateral membrane.","Band 3 cytoplasmic domain; Bicarbonate transporter, C-terminal; Bicarbonate transporter, eukaryotic; Phosphotransferase/anion transporter",X,-,protein_coding,6747296,6761738,14443,2521,2414,4980,4528,17.45,16.71,34.17,42,2916,11277,335,3293,0,0,14443,0,0,0,0,0,0,0,0,0,0,0,0.0,0.0,0.0,0.0,0.0,0.0,0.0,0.0,0.0,0.0,0,0,1,0,0,0,0,1,0,1,0.0,0.0,0.0887,0.0,0.0,0.0,0.0,0.0692,0.0,0.0692
WBGene00202147,F41C6.14,none available,,X,-,ncRNA,6891415,6891563,149,37,31,42,39,24.83,20.81,45.64,0,0,0,0,149,0,0,149,0,0,0,0,0,0,0,0,0,0,0,0.0,0.0,0.0,0.0,0.0,0.0,0.0,0.0,0.0,0.0,0,1,0,0,0,0,0,1,0,1,0.0,0.0,0.0,0.0,0.0,0.0,0.0,6.7114,0.0,6.7114
WBGene00006746,unc-6,"unc-6 encodes a netrin orthologous to the human and mouse netrin-1 precursor proteins; UNC-6 functions as a guidance molecule that regulates circumferential axon migrations as well as migration of mesodermal cells, such as the gonadal distal tip cell, along the dorsoventral axis; in addition, UNC-6 mediates anchor cell (AC) invasion by regulating localization of the UNC-40 netrin receptor to the invasive plasma membrane of the AC, allowing for subsequent formation of an invasive membrane domain; a secreted molecule, UNC-6 is first expressed during embryogenesis in ventral epidermoblasts; additional expression is seen in neurons and sheath cells; UNC-6 is involved in both attractive and repulsive interactions mediated by the UNC-40 and UNC-5 netrin receptors, respectively.","Laminin EGF domain; Laminin, N-terminal; Netrin module, non-TIMP type; Tissue inhibitor of metalloproteinases-like, OB-fold",X,+,protein_coding,6889674,6897147,7474,1431,1493,2288,2262,19.15,19.98,39.12,66,1839,5239,519,2424,0,0,7474,0,0,0,0,0,0,0,0,0,0,0,0.0,0.0,0.0,0.0,0.0,0.0,0.0,0.0,0.0,0.0,0,0,1,0,0,0,0,1,0,1,0.0,0.0,0.1909,0.0,0.0,0.0,0.0,0.1338,0.0,0.1338
WBGene00003732,nhx-4,"nhx-4 encodes two isoforms of a sodium/proton exchanger expressed in the plasma membrane of nearly all cells and cell types; in polarized epithelial cells, NHX-4::GFP appears specifically located in the basolateral membrane, like human SLC9A1 ('NHE1'; OMIM:107310); nhx-4 has no reported mutant or RNAi phenotype, but, given its ubiquitous expression, may represent a housekeeping exchanger generally required for cellular viability; transgenic NHX-4A, when expressed in cell culture, mediates Na[+]-dependent pH recovery after intracellular acidification, independently of extracellular Cl[-].","Cation/H+ exchanger; Cation/H+ exchanger, CPA1 family; Na+/H+ exchanger",X,+,protein_coding,6914289,6921136,6848,1107,1382,2087,2272,16.17,20.18,36.35,87,2250,3881,631,2967,0,0,6848,0,0,0,1,0,0,0,0,1,0,1,0.0,0.0,0.2577,0.0,0.0,0.0,0.0,0.146,0.0,0.146,0,0,0,0,0,0,0,0,0,0,0.0,0.0,0.0,0.0,0.0,0.0,0.0,0.0,0.0,0.0
WBGene00002123,inx-1,inx-1 encodes a predicted member of the innexin family; expressed in 4-6 anterior neurons.,Innexin,X,-,protein_coding,6943735,6956399,12665,2551,2161,4121,3832,20.14,17.06,37.2,565,1323,10110,1372,3089,0,0,12665,0,0,0,0,0,0,0,0,0,0,0,0.0,0.0,0.0,0.0,0.0,0.0,0.0,0.0,0.0,0.0,0,0,1,0,0,0,0,1,0,1,0.0,0.0,0.0989,0.0,0.0,0.0,0.0,0.079,0.0,0.079
WBGene00199758,F43E12.5,none available,,X,+,ncRNA,7170884,7171017,134,21,42,30,41,15.67,31.34,47.01,0,0,0,0,134,0,0,134,0,0,0,1,0,0,0,0,1,0,1,0.0,0.0,0.0,0.0,0.0,0.0,0.0,7.4627,0.0,7.4627,0,0,0,0,0,0,0,0,0,0,0.0,0.0,0.0,0.0,0.0,0.0,0.0,0.0,0.0,0.0
WBGene00018523,lact-1,lact-1 encodes a beta-lactamase domain-containing protein.,Beta-lactamase-related; Beta-lactamase/transpeptidase-like,X,-,protein_coding,7258116,7260377,2262,347,449,655,811,15.34,19.85,35.19,0,1182,989,91,1273,0,0,2262,0,0,0,1,0,0,0,0,1,0,1,0.0,0.0,1.0111,0.0,0.0,0.0,0.0,0.4421,0.0,0.4421,0,0,0,0,0,0,0,0,0,0,0.0,0.0,0.0,0.0,0.0,0.0,0.0,0.0,0.0,0.0
WBGene00006750,unc-10,"unc-10 encodes a protein with zinc-finger, Q/N-rich, PDZ, and C2 domains that is homologous to vertebrate Rim1, a presynaptic protein which binds, and effects the activity of, synaptic vesicle-associated GTP-Rab3; UNC-10 is required for normal locomotion and synaptic transmission, and localizes to a subdomain of presynaptic termini, where it probably acts to regulate the priming step of presynaptic vesicle fusion by promoting conformational changes in syntaxin.","C2 domain; PDZ domain; Zinc finger, FYVE/PHD-type; Zinc finger, RING/FYVE/PHD-type",X,-,protein_coding,7272317,7280322,8006,1566,1632,2201,2607,19.56,20.38,39.95,21,4698,3496,748,4950,0,0,8006,0,0,0,0,0,0,0,0,0,0,0,0.0,0.0,0.0,0.0,0.0,0.0,0.0,0.0,0.0,0.0,0,1,0,0,0,0,0,1,0,1,0.0,0.2129,0.0,0.0,0.0,0.0,0.0,0.1249,0.0,0.1249
WBGene00196275,K08A8.7,none available,,X,+,ncRNA,7467846,7468059,214,61,33,73,47,28.5,15.42,43.93,0,0,0,0,214,0,0,214,0,0,0,0,0,0,0,0,0,0,0,0.0,0.0,0.0,0.0,0.0,0.0,0.0,0.0,0.0,0.0,0,1,0,0,0,0,0,1,0,1,0.0,0.0,0.0,0.0,0.0,0.0,0.0,4.6729,0.0,4.6729
WBGene00000438,ceh-14,"ceh-14 encodes a LIM homeodomain protein orthologous to Drosophila Lim3 and the vertebrate Lhx3 and Lhx4 proteins; ceh-14 is required for specification of the AFD thermosensory neurons and for normal thermotactic behavior; a ceh-14::GFP reporter fusion is expressed in head and tail neurons, including the AFD thermosensory neurons, during late embryonic, larval, and adult stages.  Animals triply mutant for the LIM homeobox genes ceh-14, lin-11, and ttx-3 which are required for function of the AFD, AIZ, and AIY neurons, respectively, exhibit a basic cryophilic thermotaxis response suggesting that, in C. elegans, there is more than one pathway for integration of thermosensory input.","Homeobox domain; Homeobox domain-like; Zinc finger, LIM-type",X,-,protein_coding,7527769,7532732,4964,962,814,1627,1561,19.38,16.4,35.78,0,1056,3061,847,1903,0,0,4964,0,0,0,0,0,0,0,0,0,0,0,0.0,0.0,0.0,0.0,0.0,0.0,0.0,0.0,0.0,0.0,0,0,0,1,0,0,0,1,0,1,0.0,0.0,0.0,1.1806,0.0,0.0,0.0,0.2015,0.0,0.2015
WBGene00019847,R03G5.6,none available,,X,-,protein_coding,7805624,7816924,11301,1923,1943,3493,3942,17.02,17.19,34.21,219,564,10075,481,1264,0,0,11301,0,0,0,1,0,0,0,0,1,0,1,0.0,0.0,0.0993,0.0,0.0,0.0,0.0,0.0885,0.0,0.0885,0,0,0,0,0,0,0,0,0,0,0.0,0.0,0.0,0.0,0.0,0.0,0.0,0.0,0.0,0.0
WBGene00001169,eef-1A.2,"eef-1A.2 encodes a translation elongation factor 1-alpha homolog that is required for embryonic viability, fertility, and a normal postembryonic growth rate; eef-1A.2 encodes at least one alternatively spliced coding sequence identical to that of eef-1A.1.","P-loop containing nucleoside triphosphate hydrolase; Transcription factor, GTP-binding domain; Translation elongation factor EF1A, eukaryotic/archaeal; Translation elongation factor EF1A/initiation factor IF2gamma, C-terminal; Translation elongation factor EFTu-like, domain 2; Translation elongation factor EFTu/EF1A, C-terminal; Translation protein, beta-barrel domain",X,+,protein_coding,7823654,7825769,2116,421,570,583,542,19.9,26.94,46.83,23,1392,593,502,1917,0,0,2116,0,0,1,0,0,0,0,0,1,0,1,0.0,0.7184,0.0,0.0,0.0,0.0,0.0,0.4726,0.0,0.4726,0,0,0,0,0,0,0,0,0,0,0.0,0.0,0.0,0.0,0.0,0.0,0.0,0.0,0.0,0.0
WBGene00006310,sul-3,"sul-3 is orthologous to the human gene ARYLSULFATASE B (ARSB; OMIM:253200), which when mutated leads to mucopolysaccharidosis type VI.","Alkaline phosphatase-like, alpha/beta/alpha; Alkaline-phosphatase-like, core domain; Sulfatase, N-terminal",X,-,protein_coding,7827085,7834217,7133,1183,1193,2339,2418,16.58,16.73,33.31,182,1455,5387,109,1746,0,0,7133,0,0,0,0,0,0,0,0,0,0,0,0.0,0.0,0.0,0.0,0.0,0.0,0.0,0.0,0.0,0.0,1,0,0,0,0,0,0,1,0,1,5.4945,0.0,0.0,0.0,0.0,0.0,0.0,0.1402,0.0,0.1402
WBGene00006962,xol-1,"xol-1 encodes an acidic protein structurally related to members of the GHMP(galactokinase, homoserine kinase, mevalonate kinase, and phosphomevalonate kinase) family of small molecule metabolic kinases; during early development, xol-1, the master sex-determination switch gene that is a direct molecular target of the X chromosome to autosome signal, functions to specify male sexual fate and the activation state of the dosage compensation machinery (inactive in males); in XX hermaphrodites, xol-1 expression is repressed, while in males, xol-1 expression is elevated; the T-box transcription factor SEA-1 positively regulates xol-1 transcription, while the CEH-39 ONECUT homeodomain protein and SEX-1 nuclear receptor repress xol-1 transcription; two 10-bp motifs shown to be strong binding locations of two components of the dosage compensation machinery, DPY-27 and SDC-3, are found upstream of xol-1; xol-1 expression is also regulated on the posttranscriptional level by the RNA-binding protein FOX-1, which inhibits splicing of the last intron in the xol-1 pre-mRNA.","GHMP kinase, C-terminal domain; Ribosomal protein S5 domain 2-type fold; Ribosomal protein S5 domain 2-type fold, subgroup; Switch protein XOL-1, GHMP-like; Switch protein XOL-1, N-terminal",X,+,protein_coding,8041313,8044409,3097,500,586,1019,992,16.14,18.92,35.07,14,1569,1802,712,1993,0,0,3097,0,0,0,1,0,0,0,0,1,0,1,0.0,0.0,0.5549,0.0,0.0,0.0,0.0,0.3229,0.0,0.3229,0,0,0,0,0,0,0,0,0,0,0.0,0.0,0.0,0.0,0.0,0.0,0.0,0.0,0.0,0.0
WBGene00019493,catp-5,none available,"HAD-like domain; P-type ATPase; P-type ATPase, A  domain; P-type ATPase, cytoplasmic domain N; P-type ATPase, subfamily  V",X,-,protein_coding,8089785,8098863,9079,1635,1627,2963,2854,18.01,17.92,35.93,366,3609,4804,590,4481,0,0,9079,0,0,0,1,0,0,0,0,1,0,1,0.0,0.0,0.2082,0.0,0.0,0.0,0.0,0.1101,0.0,0.1101,0,0,0,0,0,0,0,0,0,0,0.0,0.0,0.0,0.0,0.0,0.0,0.0,0.0,0.0,0.0
WBGene00202218,M60.14,none available,,X,+,ncRNA,8233592,8233718,127,31,37,25,34,24.41,29.13,53.54,0,0,0,0,127,0,0,127,0,0,0,1,0,0,0,0,1,0,1,0.0,0.0,0.0,0.0,0.0,0.0,0.0,7.874,0.0,7.874,0,0,0,0,0,0,0,0,0,0,0.0,0.0,0.0,0.0,0.0,0.0,0.0,0.0,0.0,0.0
WBGene00019780,M60.4,none available,,X,-,protein_coding,8232251,8236314,4064,772,730,1356,1206,19.0,17.96,36.96,1,489,3382,193,682,0,0,4064,0,0,0,1,0,0,0,0,1,0,1,0.0,0.0,0.2957,0.0,0.0,0.0,0.0,0.2461,0.0,0.2461,0,0,0,0,0,0,0,0,0,0,0.0,0.0,0.0,0.0,0.0,0.0,0.0,0.0,0.0,0.0
WBGene00019148,H03E18.1,none available,PAN/Apple domain,X,+,protein_coding,8507876,8514136,6261,1194,1091,2216,1760,19.07,17.43,36.5,37,3444,2543,237,3718,0,0,6261,0,0,0,0,0,0,0,0,0,0,0,0.0,0.0,0.0,0.0,0.0,0.0,0.0,0.0,0.0,0.0,0,0,1,0,0,0,0,1,0,1,0.0,0.0,0.3932,0.0,0.0,0.0,0.0,0.1597,0.0,0.1597
WBGene00019149,H03E18.2,none available,,X,-,protein_coding,8514083,8520502,6420,1010,996,2401,2013,15.73,15.51,31.25,205,759,5546,106,1013,0,0,6420,0,0,1,0,0,0,0,0,1,0,1,0.0,1.3175,0.0,0.0,0.0,0.0,0.0,0.1558,0.0,0.1558,0,0,0,0,0,0,0,0,0,0,0.0,0.0,0.0,0.0,0.0,0.0,0.0,0.0,0.0,0.0
WBGene00015391,sdha-1,"sdha-1 is orthologous to the human gene SUCCINATE DEHYDROGENASE COMPLEX, SUBUNIT A, FLAVOPROTEIN (SDHA; OMIM:600857), which when mutated leads to complex II mitochondrial respiratory chain deficiency presenting as Leigh syndrome.","FAD-dependent oxidoreductase 2, FAD binding domain; FAD/NAD(P)-binding domain; Fumarate reductase/succinate dehydrogenase flavoprotein-like, C-terminal; Succinate dehydrogenase, flavoprotein subunit; Succinate dehydrogenase/fumarate reductase flavoprotein, catalytic domain; Succinate dehydrogenase/fumarate reductase, flavoprotein subunit",X,-,protein_coding,8542757,8546021,3265,743,664,902,956,22.76,20.34,43.09,6,1941,865,453,2400,0,0,3265,0,0,0,0,0,0,0,0,0,0,0,0.0,0.0,0.0,0.0,0.0,0.0,0.0,0.0,0.0,0.0,0,1,0,0,0,0,0,1,0,1,0.0,0.5152,0.0,0.0,0.0,0.0,0.0,0.3063,0.0,0.3063
WBGene00004369,rig-1,none available,Fibronectin type III; Immunoglobulin I-set; Immunoglobulin subtype; Immunoglobulin subtype 2; Immunoglobulin-like domain; Immunoglobulin-like fold,X,+,protein_coding,8660619,8671827,11209,1906,1981,3593,3729,17.0,17.67,34.68,4174,3252,7420,472,5549,0,0,11209,0,0,0,1,0,0,0,0,1,0,1,0.0,0.0,0.1348,0.0,0.0,0.0,0.0,0.0892,0.0,0.0892,0,0,0,0,0,0,0,0,0,0,0.0,0.0,0.0,0.0,0.0,0.0,0.0,0.0,0.0,0.0
WBGene00019871,R04E5.8,none available,,X,-,protein_coding,8801558,8806120,4563,1068,893,1212,1390,23.41,19.57,42.98,2547,2998,760,1101,4077,0,0,4563,0,0,0,0,0,0,0,0,0,0,0,0.0,0.0,0.0,0.0,0.0,0.0,0.0,0.0,0.0,0.0,0,1,0,0,0,0,0,1,0,1,0.0,0.3336,0.0,0.0,0.0,0.0,0.0,0.2192,0.0,0.2192
WBGene00195497,C48C5.4,none available,,X,+,ncRNA,8952183,8952308,126,42,29,39,16,33.33,23.02,56.35,0,0,0,0,126,0,0,126,0,0,0,0,0,0,0,0,0,0,0,0.0,0.0,0.0,0.0,0.0,0.0,0.0,0.0,0.0,0.0,0,0,1,0,0,0,0,1,0,1,0.0,0.0,0.0,0.0,0.0,0.0,0.0,7.9365,0.0,7.9365
WBGene00195313,F47E1.8,none available,,X,-,ncRNA,9056626,9056729,104,27,27,24,26,25.96,25.96,51.92,0,0,0,0,104,0,0,104,0,0,0,1,0,0,0,0,1,0,1,0.0,0.0,0.0,0.0,0.0,0.0,0.0,9.6154,0.0,9.6154,0,0,0,0,0,0,0,0,0,0,0.0,0.0,0.0,0.0,0.0,0.0,0.0,0.0,0.0,0.0
WBGene00196378,F47E1.10,none available,,X,+,ncRNA,9059347,9059400,54,18,17,7,12,33.33,31.48,64.81,0,0,0,0,54,0,0,54,0,0,0,0,0,0,0,0,0,0,0,0.0,0.0,0.0,0.0,0.0,0.0,0.0,0.0,0.0,0.0,0,0,1,0,0,0,0,1,0,1,0.0,0.0,0.0,0.0,0.0,0.0,0.0,18.5185,0.0,18.5185
WBGene00044788,ttr-38,none available,Transthyretin-like,X,-,protein_coding,9312515,9314497,1983,318,333,652,680,16.04,16.79,32.83,9,426,1363,185,620,0,0,1983,0,0,0,1,0,0,0,0,1,0,1,0.0,0.0,0.7337,0.0,0.0,0.0,0.0,0.5043,0.0,0.5043,0,0,0,0,0,0,0,0,0,0,0.0,0.0,0.0,0.0,0.0,0.0,0.0,0.0,0.0,0.0
WBGene00001516,gap-2,"gap-2 encodes a Ras GTPase-activating protein (RasGAP) that is orthologous to mammalian nGAP and synGAP (OMIM:606136, OMIM:603384, synGAP is essential for postnatal survival and neuronal development); by homology, GAP-2 is predicted to function as a negative regulator of Ras signaling by enhancing the intrinsically weak Ras GTPase activity; gap-2 loss-of-function mutations partially suppress the larval lethality of let-23 and let-60 loss-of-function mutations, supporting a role for gap-2 in negative regulation of Ras signaling in vivo; gap-2 can encode at least eight different isoforms that appear to be expressed in a wide variety of tissues including the vulva, gonad, pharynx, neurons, and blast/rectal cells of the tail.",C2 domain; PH domain-like; Pleckstrin homology domain; Ras GTPase-activating protein; Rho GTPase activation protein,X,+,protein_coding,9472470,9516454,43985,7120,8398,13405,15062,16.19,19.09,35.28,2772,4812,39802,565,7364,0,0,43985,0,0,0,1,0,0,0,0,1,0,1,0.0,0.0,0.0251,0.0,0.0,0.0,0.0,0.0227,0.0,0.0227,0,0,0,0,0,0,0,0,0,0,0.0,0.0,0.0,0.0,0.0,0.0,0.0,0.0,0.0,0.0
WBGene00200846,F19C6.11,none available,,X,-,ncRNA,9999605,9999776,172,46,68,30,28,26.74,39.53,66.28,0,0,0,0,172,0,0,172,0,0,0,1,0,0,0,0,1,0,1,0.0,0.0,0.0,0.0,0.0,0.0,0.0,5.814,0.0,5.814,0,0,0,0,0,0,0,0,0,0,0.0,0.0,0.0,0.0,0.0,0.0,0.0,0.0,0.0,0.0
WBGene00007397,C07A4.2,none available,"CAP domain; Cysteine-rich  secretory protein, allergen V5/Tpx-1-related",X,+,protein_coding,10172198,10174179,1982,346,399,616,621,17.46,20.13,37.59,148,1254,427,153,1555,0,0,1982,0,1,0,0,0,0,0,0,1,0,1,6.7568,0.0,0.0,0.0,0.0,0.0,0.0,0.5045,0.0,0.5045,0,0,0,0,0,0,0,0,0,0,0.0,0.0,0.0,0.0,0.0,0.0,0.0,0.0,0.0,0.0
WBGene00006870,vab-3,"vab-3 encodes a homeodomain protein that is the C. elegans Pax-6 orthologue; during development, vab-3 activity is required for proper patterning of anterior (head) hypodermal cells; vab-3 effects head development, in part, through positively regulating transcription of ceh-32, a Six/sine oculis class homeobox gene coexpressed with vab-3 in head hypodermis; vab-3 is also required for epidermal morphogenesis, epidermal cell fates, gonad cell migration and the development of sensory structures in the male tail; multiple genetic pathways including the Wnt signalling pathway and the homeobox gene, egl-5, regulate the expression of vab-3.",Homeobox domain; Homeobox domain-like; Paired domain; Winged helix-turn-helix DNA-binding domain,X,+,protein_coding,10499890,10519580,19691,3235,3696,6111,6649,16.43,18.77,35.2,313,1493,17092,929,2735,0,0,19691,0,0,1,0,0,0,0,0,1,0,1,0.0,0.6698,0.0,0.0,0.0,0.0,0.0,0.0508,0.0,0.0508,0,0,0,0,0,0,0,0,0,0,0.0,0.0,0.0,0.0,0.0,0.0,0.0,0.0,0.0,0.0
WBGene00201375,C05A9.7,none available,,X,+,ncRNA,10829970,10830118,149,24,41,39,45,16.11,27.52,43.62,0,0,0,0,149,0,0,149,0,0,1,0,0,0,0,0,1,0,1,0.0,0.0,0.0,0.0,0.0,0.0,0.0,6.7114,0.0,6.7114,0,0,0,0,0,0,0,0,0,0,0.0,0.0,0.0,0.0,0.0,0.0,0.0,0.0,0.0,0.0
WBGene00006896,ver-3,none available,"Immunoglobulin subtype; Immunoglobulin subtype 2; Immunoglobulin-like domain; Immunoglobulin-like fold; Protein kinase-like domain; Serine-threonine/tyrosine-protein kinase, catalytic domain; Tyrosine-protein kinase, catalytic domain",X,+,protein_coding,10992477,10997851,5375,946,970,1836,1623,17.6,18.05,35.65,54,3684,1152,485,4223,0,0,5375,0,0,0,0,1,0,0,0,1,0,1,0.0,0.0,0.0,2.0619,0.0,0.0,0.0,0.186,0.0,0.186,0,0,0,0,0,0,0,0,0,0,0.0,0.0,0.0,0.0,0.0,0.0,0.0,0.0,0.0,0.0
WBGene00002261,ldb-1,"ldb-1 encodes an Ldb/NLI/Clim member of the nuclear LIM binding protein family that affects coordinated locomotion, vulval development, mechanosensation, and growth of larvae and is required for transcriptional activation of mec-2; can interact with MEC-3 to activate transcription using yeast two-hybrid assays and is expressed in all neurons, vulval cells, gonadal sheath cells, and in some body muscle cells.",LIM-domain binding protein/SEUSS,X,+,protein_coding,11028917,11040612,11696,2024,2512,3383,3777,17.31,21.48,38.78,262,2021,9243,578,2750,0,0,11696,0,0,0,0,0,0,0,0,0,0,0,0.0,0.0,0.0,0.0,0.0,0.0,0.0,0.0,0.0,0.0,0,0,1,0,0,0,0,1,0,1,0.0,0.0,0.1082,0.0,0.0,0.0,0.0,0.0855,0.0,0.0855
WBGene00200390,R08B4.12,none available,,X,+,ncRNA,11126633,11126782,150,44,27,34,45,29.33,18.0,47.33,0,0,0,0,150,0,0,150,0,0,0,0,0,0,0,0,0,0,0,0.0,0.0,0.0,0.0,0.0,0.0,0.0,0.0,0.0,0.0,0,0,1,0,0,0,0,1,0,1,0.0,0.0,0.0,0.0,0.0,0.0,0.0,6.6667,0.0,6.6667
WBGene00044135,F08G12.11,none available,,X,-,protein_coding,11313385,11315572,2188,369,406,673,740,16.86,18.56,35.42,0,414,1774,0,414,0,0,2188,0,0,0,0,0,0,0,0,0,0,0,0.0,0.0,0.0,0.0,0.0,0.0,0.0,0.0,0.0,0.0,0,0,1,0,0,0,0,1,0,1,0.0,0.0,0.5637,0.0,0.0,0.0,0.0,0.457,0.0,0.457
WBGene00001490,frm-3,none available,"Band 4.1 domain; Dbl homology (DH) domain; Ezrin/radixin/moesin-like; FERM adjacent (FA); FERM central domain; FERM, C-terminal PH-like domain; FERM, N-terminal; FERM/acyl-CoA-binding protein, 3-helical bundle; PH domain-like; Pleckstrin homology domain; Ubiquitin-related domain",X,+,protein_coding,11572505,11585126,12622,2283,2409,3833,4097,18.09,19.09,37.17,556,5265,9189,1089,6406,0,0,12622,0,0,0,0,0,0,0,0,0,0,0,0.0,0.0,0.0,0.0,0.0,0.0,0.0,0.0,0.0,0.0,0,0,1,0,0,0,0,1,0,1,0.0,0.0,0.1088,0.0,0.0,0.0,0.0,0.0792,0.0,0.0792
WBGene00200110,F52D10.11,none available,,X,+,ncRNA,11605596,11605744,149,35,42,39,33,23.49,28.19,51.68,0,0,0,0,149,0,0,149,0,0,0,1,0,0,0,0,1,0,1,0.0,0.0,0.0,0.0,0.0,0.0,0.0,6.7114,0.0,6.7114,0,0,0,0,0,0,0,0,0,0,0.0,0.0,0.0,0.0,0.0,0.0,0.0,0.0,0.0,0.0
WBGene00007935,C34E11.2,none available,"SMAD domain, Dwarfin-type; SMAD domain-like; SMAD/FHA domain",X,-,protein_coding,11805360,11814750,9391,1783,1563,3119,2926,18.99,16.64,35.63,97,2438,6626,689,3133,0,0,9391,0,0,0,0,0,0,0,0,0,0,0,0.0,0.0,0.0,0.0,0.0,0.0,0.0,0.0,0.0,0.0,0,0,1,0,0,0,0,1,0,1,0.0,0.0,0.1509,0.0,0.0,0.0,0.0,0.1065,0.0,0.1065
WBGene00201867,C15A7.7,none available,,X,-,ncRNA,12062234,12062379,146,28,47,37,34,19.18,32.19,51.37,0,0,0,0,146,0,0,146,0,0,0,1,0,0,0,0,1,0,1,0.0,0.0,0.0,0.0,0.0,0.0,0.0,6.8493,0.0,6.8493,0,0,0,0,0,0,0,0,0,0,0.0,0.0,0.0,0.0,0.0,0.0,0.0,0.0,0.0,0.0
WBGene00012226,W03G11.4,none available,,X,-,protein_coding,12076481,12093143,16663,3409,2988,5486,4780,20.46,17.93,38.39,283,1365,13860,1212,2860,0,0,16663,0,0,0,1,0,0,0,0,1,0,1,0.0,0.0,0.0722,0.0,0.0,0.0,0.0,0.06,0.0,0.06,0,0,0,0,0,0,0,0,0,0,0.0,0.0,0.0,0.0,0.0,0.0,0.0,0.0,0.0,0.0
WBGene00196663,W03G11.10,none available,,X,-,ncRNA,12084778,12084983,206,55,42,54,55,26.7,20.39,47.09,0,0,0,0,206,0,0,206,0,0,0,0,0,0,0,0,0,0,0,0.0,0.0,0.0,0.0,0.0,0.0,0.0,0.0,0.0,0.0,0,0,1,0,0,0,0,1,0,1,0.0,0.0,0.0,0.0,0.0,0.0,0.0,4.8544,0.0,4.8544
WBGene00011361,lyst-1,"T01H10.8 encodes a BEACH domain-containing protein that is orthologous to the mammalian lysosomal trafficking regulator LYST which when mutated leads to Chediak-Higashi syndrome (CHS, OMIM:606897).",BEACH domain,X,-,protein_coding,12128144,12141151,13008,2202,2316,4086,4404,16.93,17.8,34.73,0,8283,4518,207,8490,0,0,13008,0,0,0,0,0,0,0,0,0,0,0,0.0,0.0,0.0,0.0,0.0,0.0,0.0,0.0,0.0,0.0,0,1,0,0,0,0,0,1,0,1,0.0,0.1207,0.0,0.0,0.0,0.0,0.0,0.0769,0.0,0.0769
WBGene00196672,F57G12.4,none available,,X,-,ncRNA,12175905,12176054,150,28,50,38,34,18.67,33.33,52.0,0,0,0,0,150,0,0,150,0,0,0,1,0,0,0,0,1,0,1,0.0,0.0,0.0,0.0,0.0,0.0,0.0,6.6667,0.0,6.6667,0,0,0,0,0,0,0,0,0,0,0.0,0.0,0.0,0.0,0.0,0.0,0.0,0.0,0.0,0.0
WBGene00008961,F19H6.6,none available,,X,+,protein_coding,12360827,12363127,2301,378,481,750,692,16.43,20.9,37.33,1634,552,90,25,2211,0,0,2301,0,0,0,0,0,0,0,0,0,0,0,0.0,0.0,0.0,0.0,0.0,0.0,0.0,0.0,0.0,0.0,1,0,0,0,0,0,0,1,0,1,0.612,0.0,0.0,0.0,0.0,0.0,0.0,0.4346,0.0,0.4346
WBGene00000082,adt-1,The adt-1 gene encodes a metalloproteinase with disintegrin-like and metalloproteinase with thrombospondin type I motifs (ADAMTS) that is required for male tail morphogenesis.,"Metallopeptidase, catalytic domain; Peptidase M12B, ADAM/reprolysin; Peptidase M12B, propeptide; Thrombospondin type-1 (TSP1) repeat",X,+,protein_coding,12678832,12689279,10448,2043,1854,3340,3211,19.55,17.75,37.3,320,4386,5655,96,4802,0,0,10448,0,0,0,0,0,0,0,1,0,0,1,0.0,0.0,0.0,0.0,0.0,0.0,0.0,0.0,0.0,0.0957,0,0,0,0,0,0,0,0,0,0,0.0,0.0,0.0,0.0,0.0,0.0,0.0,0.0,0.0,0.0
WBGene00004345,rgs-2,"rgs-2 encodes a regulator of G protein signaling; by homology, RGS-2 is predicted to function as a GTPase-activating protein for heterotrimeric G-protein alpha-subunits, and in vitro RGS-2 can stimulate the GTPase activity of purified GOA-1; in vivo, rgs-2 appears to function redundantly with rgs-1 to regulate egg-laying behavior when animals are refed following starvation; rgs-2 is expressed in pharyngeal and uterine muscles and in a subset of neurons, including neurons in the ventral cord and head- and tail-ganglia.","RGS domain; RGS, subdomain 1",X,+,protein_coding,12712653,12728391,15739,2533,2976,4892,5338,16.09,18.91,35.0,1084,660,14366,819,2516,0,0,15739,0,0,0,1,0,0,0,0,1,0,1,0.0,0.0,0.0696,0.0,0.0,0.0,0.0,0.0635,0.0,0.0635,0,0,0,0,0,0,0,0,0,0,0.0,0.0,0.0,0.0,0.0,0.0,0.0,0.0,0.0,0.0
WBGene00196086,F16H9.4,none available,,X,-,ncRNA,12721602,12721842,241,71,42,79,49,29.46,17.43,46.89,0,0,0,0,241,0,0,241,0,0,0,0,0,0,0,0,0,0,0,0.0,0.0,0.0,0.0,0.0,0.0,0.0,0.0,0.0,0.0,0,0,1,0,0,0,0,1,0,1,0.0,0.0,0.0,0.0,0.0,0.0,0.0,4.1494,0.0,4.1494
WBGene00008901,nhr-27,none available,"Nuclear hormone receptor, ligand-binding domain; Zinc finger, NHR/GATA-type; Zinc finger, nuclear hormone receptor-type",X,-,protein_coding,12705563,12808318,102756,18291,17897,33482,33086,17.8,17.42,35.22,237,1062,101564,61,1303,0,0,102756,0,0,0,0,0,0,0,0,0,0,0,0.0,0.0,0.0,0.0,0.0,0.0,0.0,0.0,0.0,0.0,0,0,1,0,0,0,0,1,0,1,0.0,0.0,0.0098,0.0,0.0,0.0,0.0,0.0097,0.0,0.0097
WBGene00011938,alh-13,none available,Aldehyde dehydrogenase N-terminal domain; Aldehyde dehydrogenase domain; Aldehyde/histidinol dehydrogenase; Aspartate/glutamate/uridylate kinase; Delta l-pyrroline-5-carboxylate synthetase; GPR domain; Glutamate 5-kinase/delta-1-pyrroline-5-carboxylate synthase; Glutamate/acetylglutamate kinase,X,+,protein_coding,12782394,12787147,4754,921,881,1584,1368,19.37,18.53,37.9,17,2409,2186,148,2574,0,0,4754,0,0,0,1,0,0,0,0,1,0,1,0.0,0.0,0.4575,0.0,0.0,0.0,0.0,0.2103,0.0,0.2103,0,0,0,0,0,0,0,0,0,0,0.0,0.0,0.0,0.0,0.0,0.0,0.0,0.0,0.0,0.0
WBGene00004108,pqn-18,"The protein product of this gene is predicted to contain a glutamine/asparagine (Q/N)-rich ('prion') domain, by the algorithm of Michelitsch and Weissman (as of the WS77 release of WormBase, i.e., in wormpep77).",,X,+,protein_coding,12907832,12920260,12429,2083,2454,3886,4006,16.76,19.74,36.5,84,1518,10112,722,2324,0,0,12429,0,0,0,1,0,0,0,0,1,0,1,0.0,0.0,0.0989,0.0,0.0,0.0,0.0,0.0805,0.0,0.0805,0,0,0,0,0,0,0,0,0,0,0.0,0.0,0.0,0.0,0.0,0.0,0.0,0.0,0.0,0.0
WBGene00010519,K03A11.1,none available,,X,+,protein_coding,13051705,13055435,3731,662,639,1348,1082,17.74,17.13,34.87,91,2208,1123,309,2608,0,0,3731,0,0,1,0,0,0,0,0,1,0,1,0.0,0.4529,0.0,0.0,0.0,0.0,0.0,0.268,0.0,0.268,0,0,0,0,0,0,0,0,0,0,0.0,0.0,0.0,0.0,0.0,0.0,0.0,0.0,0.0,0.0
WBGene00164968,K08H2.10,none available,,X,+,protein_coding,13257806,13261065,3260,498,559,1090,1113,15.28,17.15,32.42,92,975,2033,167,1234,0,0,3260,0,0,0,1,0,0,0,0,1,0,1,0.0,0.0,0.4919,0.0,0.0,0.0,0.0,0.3067,0.0,0.3067,0,0,0,0,0,0,0,0,0,0,0.0,0.0,0.0,0.0,0.0,0.0,0.0,0.0,0.0,0.0
WBGene00201893,F15A2.14,none available,,X,+,ncRNA,13495836,13496144,309,86,61,94,68,27.83,19.74,47.57,0,0,0,0,309,0,0,309,0,0,0,0,0,0,0,0,0,0,0,0.0,0.0,0.0,0.0,0.0,0.0,0.0,0.0,0.0,0.0,0,0,1,0,0,0,0,1,0,1,0.0,0.0,0.0,0.0,0.0,0.0,0.0,3.2362,0.0,3.2362
WBGene00198881,C40C9.13,none available,,X,+,ncRNA,13638364,13638493,130,26,40,30,34,20.0,30.77,50.77,0,0,0,0,130,0,0,130,0,0,0,1,0,0,0,0,1,0,1,0.0,0.0,0.0,0.0,0.0,0.0,0.0,7.6923,0.0,7.6923,0,0,0,0,0,0,0,0,0,0,0.0,0.0,0.0,0.0,0.0,0.0,0.0,0.0,0.0,0.0
WBGene00195496,C40C9.8,none available,,X,+,ncRNA,13654544,13654669,126,41,29,34,22,32.54,23.02,55.56,0,0,0,0,126,0,0,126,0,0,0,0,0,0,0,0,0,0,0,0.0,0.0,0.0,0.0,0.0,0.0,0.0,0.0,0.0,0.0,0,0,0,0,0,0,0,1,0,1,0.0,0.0,0.0,0.0,0.0,0.0,0.0,7.9365,0.0,7.9365
WBGene00007287,gck-4,none available,Polo kinase kinase; Protein kinase domain; Protein kinase-like domain,X,+,protein_coding,13677192,13682340,5149,1084,1074,1630,1361,21.05,20.86,41.91,68,3699,1132,262,4029,0,0,5149,0,0,0,0,1,0,0,0,1,0,1,0.0,0.0,0.0,3.8168,0.0,0.0,0.0,0.1942,0.0,0.1942,0,0,0,0,0,0,0,0,0,0,0.0,0.0,0.0,0.0,0.0,0.0,0.0,0.0,0.0,0.0
WBGene00198046,F19D8.10,none available,,X,-,ncRNA,13812181,13812397,217,56,36,66,59,25.81,16.59,42.4,0,0,0,0,217,0,0,217,0,0,0,0,0,0,0,0,0,0,0,0.0,0.0,0.0,0.0,0.0,0.0,0.0,0.0,0.0,0.0,0,0,0,0,0,0,1,0,0,1,0.0,0.0,0.0,0.0,0.0,0.0,0.0,0.0,0.0,4.6083
WBGene00011904,hlb-1,"hlb-1 encodes the C. elegans ortholog of human beta-liprin, a coiled-coil domain-containing protein that interacts with alpha-liprin, a transmembrane protein-tyrosine phosphatase-interacting protein; hlb-1 functions cell non-autonomously in the organization and proper function of neuromuscular junctions and hence, is also required for wild type locomotory behavior; an hlb-1 reporter fusion construct directs expression in pharyngeal and body wall muscles, and in regions adjacent to the dorsal and ventral nerve cords; expression in the pharynx is particularly strong in the posterior bulb.","LAR-interacting protein, Liprin; Liprin-beta; Sterile alpha motif domain; Sterile alpha motif/pointed domain",X,-,protein_coding,13865033,13882739,17707,3290,3027,5896,5494,18.58,17.09,35.68,265,3525,14407,511,4097,0,0,17707,0,0,0,0,0,0,0,0,0,0,0,0.0,0.0,0.0,0.0,0.0,0.0,0.0,0.0,0.0,0.0,0,0,1,0,0,0,0,1,0,1,0.0,0.0,0.0694,0.0,0.0,0.0,0.0,0.0565,0.0,0.0565
WBGene00198154,C04C11.12,none available,,X,+,ncRNA,14042892,14043079,188,54,38,55,41,28.72,20.21,48.94,0,0,0,0,188,0,0,188,0,0,0,0,0,0,0,0,0,0,0,0.0,0.0,0.0,0.0,0.0,0.0,0.0,0.0,0.0,0.0,0,0,1,0,0,0,0,1,0,1,0.0,0.0,0.0,0.0,0.0,0.0,0.0,5.3191,0.0,5.3191
WBGene00004191,prx-1,"prx-1 encodes a predicted peroxin, a subfamily 2 member of the AAA (ATPases Associated with diverse cellular Activities) family that affects growth in one large-scale RNAi screen; expressed in intestinal cells throughout development.","AAA+ ATPase domain; ATPase, AAA-type, core; CDC48 domain 2-like; P-loop containing nucleoside triphosphate hydrolase; Peroxisome biogenesis factor 1; Peroxisome biogenesis factor 1, N-terminal, psi beta-barrel fold",X,+,protein_coding,14313927,14326726,12800,2314,2044,4405,4037,18.08,15.97,34.05,15,2991,9639,155,3161,0,0,12800,0,0,0,0,0,0,0,0,0,0,0,0.0,0.0,0.0,0.0,0.0,0.0,0.0,0.0,0.0,0.0,0,0,1,0,0,0,0,1,0,1,0.0,0.0,0.1037,0.0,0.0,0.0,0.0,0.0781,0.0,0.0781
WBGene00010570,K04G11.1,none available,,X,+,protein_coding,14335520,14335861,342,58,98,95,91,16.96,28.65,45.61,0,342,0,0,342,0,0,342,0,0,1,0,0,0,0,0,1,0,1,0.0,2.924,0.0,0.0,0.0,0.0,0.0,2.924,0.0,2.924,0,0,0,0,0,0,0,0,0,0,0.0,0.0,0.0,0.0,0.0,0.0,0.0,0.0,0.0,0.0
WBGene00004764,sel-7,"sel-7 encodes a novel protein with two predicted PEST sequences that is conserved in the related nematode C. briggsae and several parasitic nematodes, but has no known homologs in other organisms; sel-7 was identified in screens for suppressors of dominant lin-12 mutations that result in vulvaless and egg-laying defective animals; although loss of SEL-7 function via mutation or RNAi results in no obvious defects in a wild-type background, genetic studies suggests that SEL-7 acts downstream of LIN-12/Notch to positively regulate LIN-12 signaling, perhaps by regulating the activity or formation of the LAG-1, LIN-12(intra), SEL-8 nuclear complex; in vitro, SEL-7 self-associates and also interacts with TIR-1 (F13B10.1B), a protein that contains sterile alpha and Toll interleukin receptor motifs, and MDT-29 (K08E3.8), a glutamine-rich protein similar to mediator complex subunits, however the functional significance of these interactions is not yet known; a SEL-7::GFP translational fusion reveals expression in the nuclei of several cell types, including vulval precursor cells and those of the developing gonad.",,X,-,protein_coding,14332738,14340481,7744,1437,1449,2414,2444,18.56,18.71,37.27,9,975,5929,831,1815,0,0,7744,0,0,0,1,0,0,0,0,1,0,1,0.0,0.0,0.1687,0.0,0.0,0.0,0.0,0.1291,0.0,0.1291,0,0,0,0,0,0,0,0,0,0,0.0,0.0,0.0,0.0,0.0,0.0,0.0,0.0,0.0,0.0
WBGene00003602,nhr-3,nhr-3 encodes a member of the superfamily of nuclear receptors which is one of the most abundant class of transcriptional regulators; nuclear receptors have a well conserved DNA binding domain and a less conserved C-terminal ligand binding domain; nhr-3 has been identified and characterised as a gene affected by ethanol exposure in a microarray analysis of all C. elegans ORFs.,"Nuclear hormone receptor, ligand-binding domain; Zinc finger, NHR/GATA-type; Zinc finger, nuclear hormone receptor-type",X,+,protein_coding,14558504,14561432,2929,595,624,805,905,20.31,21.3,41.62,2,1392,1185,350,1744,0,0,2929,0,0,0,0,0,0,0,1,0,0,1,0.0,0.0,0.0,0.0,0.0,0.0,0.0,0.0,0.0,0.3414,0,0,0,0,0,0,0,0,0,0,0.0,0.0,0.0,0.0,0.0,0.0,0.0,0.0,0.0,0.0
WBGene00002282,let-4,"let-4 encodes an extracellular leucine-rich repeat only protein; let-4 was originally identified in a screen for essential genes, and let-4 mutants exhibit early larval lethality; let-4 is required for organization of the apical extracellular matrix, and is involved in excretory cell canal morphology and renal function as mutants exhibit excretory canal cysts and impaired renal function.","Leucine rich repeat 4; Leucine rich repeat 5; Leucine-rich repeat; Leucine-rich repeat domain, L domain-like; Leucine-rich repeat, typical subtype",X,+,protein_coding,14577935,14580923,2989,526,654,960,849,17.6,21.88,39.48,96,2322,476,95,2513,0,0,2989,0,0,0,0,0,0,0,0,0,0,0,0.0,0.0,0.0,0.0,0.0,0.0,0.0,0.0,0.0,0.0,0,0,0,0,0,0,1,0,0,1,0.0,0.0,0.0,0.0,0.0,0.0,0.0,0.0,0.0,0.3346
WBGene00198535,C44H4.9,none available,,X,-,ncRNA,14594940,14595085,146,28,53,22,43,19.18,36.3,55.48,0,0,0,0,146,0,0,146,0,0,0,0,0,0,0,0,1,0,1,0.0,0.0,0.0,0.0,0.0,0.0,0.0,6.8493,0.0,6.8493,0,0,0,0,0,0,0,0,0,0,0.0,0.0,0.0,0.0,0.0,0.0,0.0,0.0,0.0,0.0
WBGene00010059,F54E4.3,none available,,X,-,protein_coding,14632069,14636421,4353,666,796,1473,1418,15.3,18.29,33.59,14,819,2857,663,1496,0,0,4353,0,0,0,1,0,0,0,0,1,0,1,0.0,0.0,0.35,0.0,0.0,0.0,0.0,0.2297,0.0,0.2297,0,0,0,0,0,0,0,0,0,0,0.0,0.0,0.0,0.0,0.0,0.0,0.0,0.0,0.0,0.0
WBGene00200735,C26G2.9,none available,,X,+,ncRNA,14655687,14655935,249,67,63,61,58,26.91,25.3,52.21,0,0,0,0,249,0,0,249,0,0,0,0,0,0,0,0,0,0,0,0.0,0.0,0.0,0.0,0.0,0.0,0.0,0.0,0.0,0.0,0,0,1,0,0,0,0,1,0,1,0.0,0.0,0.0,0.0,0.0,0.0,0.0,4.0161,0.0,4.0161
WBGene00200326,F42D1.12,none available,,X,+,ncRNA,14798117,14798262,146,51,19,44,32,34.93,13.01,47.95,0,0,0,0,146,0,0,146,0,0,0,0,0,0,0,0,0,0,0,0.0,0.0,0.0,0.0,0.0,0.0,0.0,0.0,0.0,0.0,0,0,1,0,0,0,0,1,0,1,0.0,0.0,0.0,0.0,0.0,0.0,0.0,6.8493,0.0,6.8493
WBGene00197969,Y70D2A.6,none available,,X,+,ncRNA,14905400,14905614,215,55,38,56,66,25.58,17.67,43.26,0,0,0,0,215,0,0,215,0,0,0,0,0,0,0,0,0,0,0,0.0,0.0,0.0,0.0,0.0,0.0,0.0,0.0,0.0,0.0,0,0,1,0,0,0,0,1,0,1,0.0,0.0,0.0,0.0,0.0,0.0,0.0,4.6512,0.0,4.6512
WBGene00013496,npr-40,none available,"G protein-coupled receptor, rhodopsin-like",X,+,protein_coding,14918838,14924164,5327,918,888,1738,1783,17.23,16.67,33.9,2088,1320,3582,276,3684,0,0,5327,0,0,1,0,0,0,0,0,1,0,1,0.0,0.7576,0.0,0.0,0.0,0.0,0.0,0.1877,0.0,0.1877,0,0,0,0,0,0,0,0,0,0,0.0,0.0,0.0,0.0,0.0,0.0,0.0,0.0,0.0,0.0
WBGene00003909,pag-3,"pag-3 encodes a C2H2 zinc-finger protein orthologous to DrosophilaSENSELESS, and to human GFI1 (OMIM:600871, mutated in neutropenia) andGFI1B (OMIM:604383); pag-3 is expressed in neurons (touch receptors, BDUinterneurons, ventral cord motor neurons, and others); PAG-3 is requiredto repress the touch neuron-specific genes mec-4 and mec-7 in BDUneurons, but since this repression does not occur in touch neurons(which also have PAG-3), PAG-3 may require another protein or proteinsfor repression (such as PRK-1 or PRK-2, the C. elegans orthologs ofhuman PIM-1); PAG-3 is also needed for normal neuroblast lineages in theventral nerve cord, and for normal locomotion; pag-3 mutants have areverse kinker uncoordinated phenotype, and occasional axonal guidanceerrors in the PLM and BDU neurons; PAG-3's similarity to GFI1 and GFIBfalls mainly within residues 159-261, but within these residues (whichoverlap PAG-3's five zinc-finger domains in residues 126-265) the aminoacid identity is 87%; pag-3 transcript quantities are doubled in pag-3mutants, suggesting that PAG-3 inhibits its own gene.",Zinc finger C2H2-type,X,-,protein_coding,14950752,14954648,3897,773,669,1236,1219,19.84,17.17,37.0,127,1011,2311,448,1586,0,0,3897,0,0,0,1,0,0,0,0,1,0,1,0.0,0.0,0.4327,0.0,0.0,0.0,0.0,0.2566,0.0,0.2566,0,0,0,0,0,0,0,0,0,0,0.0,0.0,0.0,0.0,0.0,0.0,0.0,0.0,0.0,0.0
WBGene00006747,unc-7,"unc-7 encodes an innexin required for gap junction formation in invertebrates; UNC-7 is also required for normal locomotion, egg-laying, inhibition of feeding by tapping, avermectin sensitivity, and ivermectin sensitivity, as well as for the antagonism of UNC-79 and UNC-80 activity by volatile anesthetics; unc-7 is genetically required, and transcribed in, neurons rather than muscle cells, from larval stages L1 through L4; homologs of UNC-7 include Drosophila OGRE and SHAKING-B, as well as 24 C. elegans paralogs (including EAT-5, UNC-9, and INX-1 through INX-20); UNC-7 genetically interacts with UNC-124, and unc-7 mutants are phenotypically similar to unc-9 and unc-124 mutants; UNC-7 genetically interacts with AVR-14 and GLC-1 in the response to ivermectin.",Innexin,X,-,protein_coding,15120846,15147740,26895,4999,4701,8956,8239,18.59,17.48,36.07,1195,1953,24482,976,3692,0,0,26895,0,0,0,0,0,0,1,0,0,0,1,0.0,0.0,0.0,0.0,0.0,0.0,0.0,0.0,0.0,0.0372,0,0,0,0,0,0,0,0,0,0,0.0,0.0,0.0,0.0,0.0,0.0,0.0,0.0,0.0,0.0
WBGene00011681,T10B10.4,none available,Acyl-CoA N-acyltransferase; Glycine N-acyltransferase,X,+,protein_coding,15190123,15193073,2951,527,563,953,908,17.86,19.08,36.94,17,894,1588,452,1363,0,0,2951,0,0,1,0,0,0,0,0,1,0,1,0.0,1.1186,0.0,0.0,0.0,0.0,0.0,0.3389,0.0,0.3389,0,0,0,0,0,0,0,0,0,0,0.0,0.0,0.0,0.0,0.0,0.0,0.0,0.0,0.0,0.0
WBGene00011683,phat-6,none available,,X,-,protein_coding,15193086,15194383,1298,251,298,408,341,19.34,22.96,42.3,70,615,494,119,804,0,0,1298,0,0,1,0,0,0,0,0,1,0,1,0.0,1.626,0.0,0.0,0.0,0.0,0.0,0.7704,0.0,0.7704,0,0,0,0,0,0,0,0,0,0,0.0,0.0,0.0,0.0,0.0,0.0,0.0,0.0,0.0,0.0
WBGene00009789,F46F2.5,none available,,X,+,protein_coding,15262723,15267987,5265,999,910,1694,1662,18.97,17.28,36.26,20,1113,4002,130,1263,0,0,5265,0,0,0,1,0,0,0,0,1,0,1,0.0,0.0,0.2499,0.0,0.0,0.0,0.0,0.1899,0.0,0.1899,0,0,0,0,0,0,0,0,0,0,0.0,0.0,0.0,0.0,0.0,0.0,0.0,0.0,0.0,0.0
WBGene00002203,kin-20,none available,Protein kinase domain; Protein kinase-like domain,X,-,protein_coding,15268602,15277764,9163,1961,1647,3120,2435,21.4,17.97,39.38,139,1557,7090,1570,3175,0,0,9163,0,0,0,0,0,0,0,0,0,0,0,0.0,0.0,0.0,0.0,0.0,0.0,0.0,0.0,0.0,0.0,0,0,0,1,0,0,0,1,0,1,0.0,0.0,0.0,0.6369,0.0,0.0,0.0,0.1091,0.0,0.1091
WBGene00201828,Y15E3A.14,none available,,X,-,ncRNA,15307558,15307779,222,31,77,54,60,13.96,34.68,48.65,0,0,0,0,222,0,0,222,0,0,0,1,0,0,0,0,1,0,1,0.0,0.0,0.0,0.0,0.0,0.0,0.0,4.5045,0.0,4.5045,0,0,0,0,0,0,0,0,0,0,0.0,0.0,0.0,0.0,0.0,0.0,0.0,0.0,0.0,0.0
WBGene00202333,Y15E3A.15,none available,,X,-,ncRNA,15310400,15310693,294,98,83,61,52,33.33,28.23,61.56,0,0,0,0,294,0,0,294,0,0,0,0,0,0,0,0,0,0,0,0.0,0.0,0.0,0.0,0.0,0.0,0.0,0.0,0.0,0.0,0,1,0,0,0,0,0,1,0,1,0.0,0.0,0.0,0.0,0.0,0.0,0.0,3.4014,0.0,3.4014
WBGene00012444,Y15E3A.5,none available,,X,+,protein_coding,15340558,15344146,3589,571,804,1021,1193,15.91,22.4,38.31,151,252,2588,598,1001,0,0,3589,0,0,0,1,0,0,0,0,1,0,1,0.0,0.0,0.3864,0.0,0.0,0.0,0.0,0.2786,0.0,0.2786,0,0,0,0,0,0,0,0,0,0,0.0,0.0,0.0,0.0,0.0,0.0,0.0,0.0,0.0,0.0
WBGene00197651,R03A10.10,none available,,X,-,ncRNA,15433616,15433741,126,34,30,39,23,26.98,23.81,50.79,0,0,0,0,126,0,0,126,0,0,0,0,0,0,0,0,0,0,0,0.0,0.0,0.0,0.0,0.0,0.0,0.0,0.0,0.0,0.0,0,1,0,0,0,0,0,1,0,1,0.0,0.0,0.0,0.0,0.0,0.0,0.0,7.9365,0.0,7.9365
WBGene00202056,R03A10.14,none available,,X,+,ncRNA,15446452,15446675,224,36,54,66,68,16.07,24.11,40.18,0,0,0,0,224,0,0,224,0,0,0,1,0,0,0,0,1,0,1,0.0,0.0,0.0,0.0,0.0,0.0,0.0,4.4643,0.0,4.4643,0,0,0,0,0,0,0,0,0,0,0.0,0.0,0.0,0.0,0.0,0.0,0.0,0.0,0.0,0.0
WBGene00195834,H13N06.8,none available,,X,-,ncRNA,15487433,15487568,136,17,44,34,41,12.5,32.35,44.85,0,0,0,0,136,0,0,136,0,0,0,1,0,0,0,0,1,0,1,0.0,0.0,0.0,0.0,0.0,0.0,0.0,7.3529,0.0,7.3529,0,0,0,0,0,0,0,0,0,0,0.0,0.0,0.0,0.0,0.0,0.0,0.0,0.0,0.0,0.0
WBGene00198590,H30A04.4,none available,,X,+,ncRNA,15516032,15516181,150,38,54,21,37,25.33,36.0,61.33,0,0,0,0,150,0,0,150,0,0,1,0,0,0,0,0,1,0,1,0.0,0.0,0.0,0.0,0.0,0.0,0.0,6.6667,0.0,6.6667,0,0,0,0,0,0,0,0,0,0,0.0,0.0,0.0,0.0,0.0,0.0,0.0,0.0,0.0,0.0
WBGene00201649,H30A04.12,none available,,X,-,ncRNA,15519439,15519567,129,25,45,21,38,19.38,34.88,54.26,0,0,0,0,129,0,0,129,0,0,0,1,0,0,0,0,1,0,1,0.0,0.0,0.0,0.0,0.0,0.0,0.0,7.7519,0.0,7.7519,0,0,0,0,0,0,0,0,0,0,0.0,0.0,0.0,0.0,0.0,0.0,0.0,0.0,0.0,0.0
WBGene00010724,K09E9.1,none available,Major facilitator superfamily; Major facilitator superfamily domain,X,+,protein_coding,15620500,15626620,6121,1056,1109,1879,2077,17.25,18.12,35.37,70,1557,4185,339,1936,0,0,6121,0,0,0,0,0,0,0,0,0,0,0,0.0,0.0,0.0,0.0,0.0,0.0,0.0,0.0,0.0,0.0,0,0,1,0,0,0,0,1,0,1,0.0,0.0,0.2389,0.0,0.0,0.0,0.0,0.1634,0.0,0.1634
WBGene00174147,21ur-15388,none available,,X,+,piRNA,15627936,15627956,21,0,7,6,8,0.0,33.33,33.33,0,0,0,0,21,0,0,21,0,0,0,1,0,0,0,0,1,0,1,0.0,0.0,0.0,0.0,0.0,0.0,0.0,47.619,0.0,47.619,0,0,0,0,0,0,0,0,0,0,0.0,0.0,0.0,0.0,0.0,0.0,0.0,0.0,0.0,0.0
WBGene00044155,Y7A5A.11,none available,,X,+,pseudogene,15811967,15819541,7575,1272,1268,2406,2629,16.79,16.74,33.53,0,0,0,0,0,0,0,7575,0,0,0,0,0,0,0,0,0,0,0,0.0,0.0,0.0,0.0,0.0,0.0,0.0,0.0,0.0,0.0,0,0,1,0,0,0,0,1,0,1,0.0,0.0,0.0,0.0,0.0,0.0,0.0,0.132,0.0,0.132
WBGene00010337,serp-1.1,none available,Stress-associated endoplasmic reticulum protein,X,+,protein_coding,15841572,15842379,808,128,204,221,255,15.84,25.25,41.09,28,198,326,256,482,0,0,808,0,0,1,0,0,0,0,0,1,0,1,0.0,5.0505,0.0,0.0,0.0,0.0,0.0,1.2376,0.0,1.2376,0,0,0,0,0,0,0,0,0,0,0.0,0.0,0.0,0.0,0.0,0.0,0.0,0.0,0.0,0.0
WBGene00010010,gmeb-2,none available,Glucocorticoid modulatory element-binding protein 1/2; SAND domain; SAND domain-like,X,+,protein_coding,15879085,15885626,6542,1210,1274,2027,2031,18.5,19.47,37.97,11,1554,4494,483,2048,0,0,6542,0,0,0,0,0,0,0,0,0,0,0,0.0,0.0,0.0,0.0,0.0,0.0,0.0,0.0,0.0,0.0,0,0,0,0,0,1,0,0,0,1,0.0,0.0,0.0,0.0,0.0,0.0,0.0,0.0,0.0,0.1529
WBGene00007486,C09G1.4,none available,PDZ domain,X,-,protein_coding,15987966,16006629,18664,3458,3320,6336,5550,18.53,17.79,36.32,114,1638,16553,361,2113,0,0,18664,0,0,1,0,0,0,0,0,1,0,1,0.0,0.6105,0.0,0.0,0.0,0.0,0.0,0.0536,0.0,0.0536,0,0,0,0,0,0,0,0,0,0,0.0,0.0,0.0,0.0,0.0,0.0,0.0,0.0,0.0,0.0
WBGene00012073,cpd-2,"T27A8.1 encodes a putative metallocarboxypeptidase orthologous to humanAEBP1 (OMIM:602981) and carboxypeptidase D, E, M, N, X2, and Zprecursors; T27A8.1 and its human orthologs, along with other proteins,comprise an M14B peptidase subfamily; T27A8.1 has no obvious function inmass RNAi assays.","Carboxypeptidase-like, regulatory domain; Peptidase M14, carboxypeptidase A",X,+,protein_coding,16049873,16054646,4774,832,913,1575,1454,17.43,19.12,36.55,13,1479,3160,122,1614,0,0,4774,0,0,0,0,0,0,0,0,0,0,0,0.0,0.0,0.0,0.0,0.0,0.0,0.0,0.0,0.0,0.0,0,0,1,0,0,0,0,1,0,1,0.0,0.0,0.3165,0.0,0.0,0.0,0.0,0.2095,0.0,0.2095
WBGene00000760,col-187,none available,Collagen triple helix repeat,X,+,protein_coding,16072895,16074923,2029,403,369,633,624,19.86,18.19,38.05,8,924,1026,71,1003,0,0,2029,0,0,0,0,0,0,0,0,0,0,0,0.0,0.0,0.0,0.0,0.0,0.0,0.0,0.0,0.0,0.0,0,1,0,0,0,0,0,1,0,1,0.0,1.0823,0.0,0.0,0.0,0.0,0.0,0.4929,0.0,0.4929
WBGene00014213,ZK1073.1,none available,Alpha/Beta hydrolase fold; NDRG,X,-,protein_coding,16123942,16128865,4924,896,841,1614,1573,18.2,17.08,35.28,52,978,3600,457,1487,0,0,4924,0,0,0,0,0,0,0,0,0,0,0,0.0,0.0,0.0,0.0,0.0,0.0,0.0,0.0,0.0,0.0,0,0,0,1,0,0,0,1,0,1,0.0,0.0,0.0,2.1882,0.0,0.0,0.0,0.2031,0.0,0.2031
WBGene00219300,W10G6.6,none available,,X,-,protein_coding,16247684,16250779,3096,521,443,1056,1076,16.83,14.31,31.14,225,249,2386,236,710,0,0,3096,0,0,0,0,0,0,0,0,0,0,0,0.0,0.0,0.0,0.0,0.0,0.0,0.0,0.0,0.0,0.0,1,0,0,0,0,0,0,1,0,1,4.4444,0.0,0.0,0.0,0.0,0.0,0.0,0.323,0.0,0.323
WBGene00004789,sgk-1,"sgk-1 encodes a serine/threonine protein kinase that is orthologous to the mammalian serum- and glucocorticoid-inducible kinases (SGKs); in C. elegans, sgk-1 activity is required for normal egg laying, generation time, stress response, and adult life span; SGK-1 forms a complex with the AKT kinases with which it functions in parallel to mediate certain aspects of DAF-2/insulin-signaling; SGK-1 phosphorylates DAF-16 in vitro in a manner strictly dependent upon pdk-1 which encodes a 3-phosphoinositide-dependent kinase; an SGK-1::GFP fusion protein is expressed beginning in late embryonic stages and in larvae is seen in sensory and motor neurons as well as in the intestine; in neurons SGK-1::GFP localizes to the cytoplasm and the nucleus, while in the intestine SGK-1::GFP is found exclusively in the cytoplasm.","AGC-kinase, C-terminal; Phox homologous domain; Protein kinase domain; Protein kinase-like domain",X,-,protein_coding,16254842,16262122,7281,1299,1268,2435,2279,17.84,17.42,35.26,101,1392,5645,173,1636,0,0,7281,0,0,0,1,0,0,0,0,1,0,1,0.0,0.0,0.1771,0.0,0.0,0.0,0.0,0.1373,0.0,0.1373,0,0,0,0,0,0,0,0,0,0,0.0,0.0,0.0,0.0,0.0,0.0,0.0,0.0,0.0,0.0
WBGene00202447,T27B1.9,none available,,X,+,ncRNA,16530116,16530265,150,44,36,35,35,29.33,24.0,53.33,0,0,0,0,150,0,0,150,0,0,0,0,0,0,0,0,0,0,0,0.0,0.0,0.0,0.0,0.0,0.0,0.0,0.0,0.0,0.0,0,0,1,0,0,0,0,1,0,1,0.0,0.0,0.0,0.0,0.0,0.0,0.0,6.6667,0.0,6.6667
WBGene00199396,T27B1.5,none available,,X,-,ncRNA,16532556,16532730,175,51,43,37,44,29.14,24.57,53.71,0,0,0,0,175,0,0,175,0,0,0,0,0,0,0,0,0,0,0,0.0,0.0,0.0,0.0,0.0,0.0,0.0,0.0,0.0,0.0,0,0,1,0,0,0,0,1,0,1,0.0,0.0,0.0,0.0,0.0,0.0,0.0,5.7143,0.0,5.7143
WBGene00019519,K08B5.2,none available,"Leucine-rich repeat domain, L domain-like",X,-,protein_coding,16551167,16553887,2721,455,482,853,931,16.72,17.71,34.44,11,912,1734,64,987,0,0,2721,0,0,1,0,0,0,0,0,1,0,1,0.0,1.0965,0.0,0.0,0.0,0.0,0.0,0.3675,0.0,0.3675,0,0,0,0,0,0,0,0,0,0,0.0,0.0,0.0,0.0,0.0,0.0,0.0,0.0,0.0,0.0
WBGene00195401,C06G1.7,none available,,X,+,ncRNA,16647194,16647336,143,50,14,48,31,34.97,9.79,44.76,0,0,0,0,143,0,0,143,0,0,0,0,0,0,0,0,0,0,0,0.0,0.0,0.0,0.0,0.0,0.0,0.0,0.0,0.0,0.0,0,0,1,0,0,0,0,1,0,1,0.0,0.0,0.0,0.0,0.0,0.0,0.0,6.993,0.0,6.993
WBGene00015675,C10E2.5,none available,,X,-,protein_coding,16749493,16754574,5082,820,858,1755,1649,16.14,16.88,33.02,672,777,3516,262,1711,0,0,5082,0,0,0,0,0,0,0,0,0,0,0,0.0,0.0,0.0,0.0,0.0,0.0,0.0,0.0,0.0,0.0,0,0,1,0,0,0,0,1,0,1,0.0,0.0,0.2844,0.0,0.0,0.0,0.0,0.1968,0.0,0.1968
WBGene00021188,Y13C8A.1,none available,,X,+,protein_coding,16883726,16884473,748,165,146,242,195,22.06,19.52,41.58,0,210,538,0,210,0,0,748,0,0,0,0,0,0,0,0,0,0,0,0.0,0.0,0.0,0.0,0.0,0.0,0.0,0.0,0.0,0.0,0,1,0,0,0,0,0,1,0,1,0.0,4.7619,0.0,0.0,0.0,0.0,0.0,1.3369,0.0,1.3369
WBGene00018710,F52G3.1,none available,"BAT2, N-terminal; Protein PRRC2",X,+,protein_coding,16963871,16972818,8948,1651,1832,2902,2563,18.45,20.47,38.92,89,3519,4990,350,3958,0,0,8948,0,0,0,1,0,0,0,0,1,0,1,0.0,0.0,0.2004,0.0,0.0,0.0,0.0,0.1118,0.0,0.1118,0,0,0,0,0,0,0,0,0,0,0.0,0.0,0.0,0.0,0.0,0.0,0.0,0.0,0.0,0.0
WBGene00004121,ptrn-1,none available,"CKK domain; Calmodulin-regulated spectrin-associated protein; Calmodulin-regulated spectrin-associated protein, CH domain; Calponin homology domain; PRC-barrel-like",X,-,protein_coding,17021820,17030219,8400,1553,1511,2465,2871,18.49,17.99,36.48,19,3339,4599,449,3807,0,0,8400,0,0,0,0,0,0,0,0,0,0,0,0.0,0.0,0.0,0.0,0.0,0.0,0.0,0.0,0.0,0.0,0,0,1,0,0,0,0,1,0,1,0.0,0.0,0.2174,0.0,0.0,0.0,0.0,0.119,0.0,0.119
WBGene00000993,dhs-30,"dhs-30 encodes a member of the short-chain dehydrogenases/reductases family (SDR) homologous to HSD, which when mutated leads to cortisol 11-beta ketoreductase deficiency (OMIM:218030).",NAD(P)-binding domain; Short-chain dehydrogenase/reductase SDR,X,-,protein_coding,17230725,17235838,5114,877,995,1626,1616,17.15,19.46,36.61,1,936,4062,115,1052,0,0,5114,0,0,0,1,0,0,0,0,1,0,1,0.0,0.0,0.2462,0.0,0.0,0.0,0.0,0.1955,0.0,0.1955,0,0,0,0,0,0,0,0,0,0,0.0,0.0,0.0,0.0,0.0,0.0,0.0,0.0,0.0,0.0
WBGene00020811,T25G12.3,none available,,X,+,protein_coding,17231648,17234791,3144,508,575,1058,1003,16.16,18.29,34.45,162,615,2339,75,852,0,0,3144,0,0,0,0,0,0,0,0,0,0,0,0.0,0.0,0.0,0.0,0.0,0.0,0.0,0.0,0.0,0.0,0,1,0,0,0,0,0,1,0,1,0.0,1.626,0.0,0.0,0.0,0.0,0.0,0.3181,0.0,0.3181
WBGene00004220,ptr-5,"ptr-5 encodes a nematode-specific member of the sterol sensing domain(SSD) proteins, distantly paralogous to Drosophila PATCHED (PTC) andhuman PTCH (OMIM:601309, mutated in basal cell nevus syndrome); PTR-5 isweakly required for normal molting from L4 to adult stages; PTR-5 isalso required for normal growth to full size and locomotion; PTR-5 isexpressed in head and tail neurons, and in ventral nerve cord.",Protein patched/dispatched,X,+,protein_coding,17318584,17326558,7975,1439,1510,2448,2578,18.04,18.93,36.98,51,2886,4489,549,3486,0,0,7975,0,0,0,1,0,0,0,0,1,0,1,0.0,0.0,0.2228,0.0,0.0,0.0,0.0,0.1254,0.0,0.1254,0,0,0,0,0,0,0,0,0,0,0.0,0.0,0.0,0.0,0.0,0.0,0.0,0.0,0.0,0.0
WBGene00017342,F10D7.5,"F10D7.5 encodes an ortholog of Drosophila NEURALIZED, and thus mayparticipate in GLP-1/LIN-12 signalling; the promoter or 5'protein-coding regions of F10D7.5 are bound by DAF-16 in vivo, andF10D7.5 expression drops by roughly one-half in daf-16(mu86) mutants.","Neuralized homology repeat (NHR) domain; Zinc finger, RING-type; Zinc finger, RING/FYVE/PHD-type",X,-,protein_coding,17383125,17391615,8491,1692,1537,2696,2566,19.93,18.1,38.03,283,1915,6187,490,2682,0,0,8491,0,0,0,0,0,0,0,0,0,0,0,0.0,0.0,0.0,0.0,0.0,0.0,0.0,0.0,0.0,0.0,0,1,0,0,0,0,0,1,0,1,0.0,0.5222,0.0,0.0,0.0,0.0,0.0,0.1178,0.0,0.1178
WBGene00200306,F10D7.9,none available,,X,+,ncRNA,17390530,17390659,130,52,17,34,27,40.0,13.08,53.08,0,0,0,0,130,0,0,130,0,0,0,0,0,0,0,0,0,0,0,0.0,0.0,0.0,0.0,0.0,0.0,0.0,0.0,0.0,0.0,0,0,1,0,0,0,0,1,0,1,0.0,0.0,0.0,0.0,0.0,0.0,0.0,7.6923,0.0,7.6923
